[2026-09-23T13:45:28.812+0000] {processor.py:186} INFO - Started process (PID=167) to work on /opt/airflow/dags/dss150p_pipeline.py
[2026-09-23T13:45:28.828+0000] {processor.py:914} INFO - Processing file /opt/airflow/dags/dss150p_pipeline.py for tasks to queue
[2026-09-23T13:45:28.853+0000] {logging_mixin.py:190} INFO - [2026-09-23T13:45:28.851+0000] {dagbag.py:588} INFO - Filling up the DagBag from /opt/airflow/dags/dss150p_pipeline.py
[2026-09-23T13:45:29.046+0000] {processor.py:925} INFO - DAG(s) 'dss150p_sales_pipeline' retrieved from /opt/airflow/dags/dss150p_pipeline.py
[2026-09-23T13:45:30.208+0000] {logging_mixin.py:190} INFO - [2026-09-23T13:45:30.206+0000] {override.py:1912} INFO - Created Permission View: can read on DAG:dss150p_sales_pipeline
[2026-09-23T13:45:30.242+0000] {logging_mixin.py:190} INFO - [2026-09-23T13:45:30.241+0000] {override.py:1912} INFO - Created Permission View: can edit on DAG:dss150p_sales_pipeline
[2026-09-23T13:45:30.265+0000] {logging_mixin.py:190} INFO - [2026-09-23T13:45:30.264+0000] {override.py:1912} INFO - Created Permission View: can delete on DAG:dss150p_sales_pipeline
[2026-09-23T13:45:30.289+0000] {logging_mixin.py:190} INFO - [2026-09-23T13:45:30.289+0000] {override.py:1912} INFO - Created Permission View: can read on DAG Run:dss150p_sales_pipeline
[2026-09-23T13:45:30.313+0000] {logging_mixin.py:190} INFO - [2026-09-23T13:45:30.311+0000] {override.py:1912} INFO - Created Permission View: can create on DAG Run:dss150p_sales_pipeline
[2026-09-23T13:45:30.336+0000] {logging_mixin.py:190} INFO - [2026-09-23T13:45:30.335+0000] {override.py:1912} INFO - Created Permission View: menu access on DAG Run:dss150p_sales_pipeline
[2026-09-23T13:45:30.357+0000] {logging_mixin.py:190} INFO - [2026-09-23T13:45:30.356+0000] {override.py:1912} INFO - Created Permission View: can delete on DAG Run:dss150p_sales_pipeline
[2026-09-23T13:45:30.361+0000] {logging_mixin.py:190} INFO - [2026-09-23T13:45:30.360+0000] {dag.py:3239} INFO - Sync 1 DAGs
[2026-09-23T13:45:30.443+0000] {logging_mixin.py:190} INFO - [2026-09-23T13:45:30.443+0000] {dag.py:3262} INFO - Creating ORM DAG for dss150p_sales_pipeline
[2026-09-23T13:45:30.497+0000] {logging_mixin.py:190} INFO - [2026-09-23T13:45:30.495+0000] {dag.py:4180} INFO - Setting next_dagrun for dss150p_sales_pipeline to 2026-09-22 02:00:00+00:00, run_after=2026-09-23 02:00:00+00:00
[2026-09-23T13:45:30.601+0000] {processor.py:208} INFO - Processing /opt/airflow/dags/dss150p_pipeline.py took 1.880 seconds
[2026-09-23T13:46:01.337+0000] {processor.py:186} INFO - Started process (PID=172) to work on /opt/airflow/dags/dss150p_pipeline.py
[2026-09-23T13:46:01.355+0000] {processor.py:914} INFO - Processing file /opt/airflow/dags/dss150p_pipeline.py for tasks to queue
[2026-09-23T13:46:01.373+0000] {logging_mixin.py:190} INFO - [2026-09-23T13:46:01.371+0000] {dagbag.py:588} INFO - Filling up the DagBag from /opt/airflow/dags/dss150p_pipeline.py
[2026-09-23T13:46:01.735+0000] {processor.py:925} INFO - DAG(s) 'dss150p_sales_pipeline' retrieved from /opt/airflow/dags/dss150p_pipeline.py
[2026-09-23T13:46:02.093+0000] {logging_mixin.py:190} INFO - [2026-09-23T13:46:02.092+0000] {dag.py:3239} INFO - Sync 1 DAGs
[2026-09-23T13:46:02.266+0000] {logging_mixin.py:190} INFO - [2026-09-23T13:46:02.265+0000] {dag.py:4180} INFO - Setting next_dagrun for dss150p_sales_pipeline to 2026-09-22 02:00:00+00:00, run_after=2026-09-23 02:00:00+00:00
[2026-09-23T13:46:02.367+0000] {processor.py:208} INFO - Processing /opt/airflow/dags/dss150p_pipeline.py took 1.176 seconds
[2026-09-23T13:46:32.698+0000] {processor.py:186} INFO - Started process (PID=177) to work on /opt/airflow/dags/dss150p_pipeline.py
[2026-09-23T13:46:32.703+0000] {processor.py:914} INFO - Processing file /opt/airflow/dags/dss150p_pipeline.py for tasks to queue
[2026-09-23T13:46:32.713+0000] {logging_mixin.py:190} INFO - [2026-09-23T13:46:32.711+0000] {dagbag.py:588} INFO - Filling up the DagBag from /opt/airflow/dags/dss150p_pipeline.py
[2026-09-23T13:46:32.925+0000] {processor.py:925} INFO - DAG(s) 'dss150p_sales_pipeline' retrieved from /opt/airflow/dags/dss150p_pipeline.py
[2026-09-23T13:46:33.243+0000] {logging_mixin.py:190} INFO - [2026-09-23T13:46:33.242+0000] {dag.py:3239} INFO - Sync 1 DAGs
[2026-09-23T13:46:33.424+0000] {logging_mixin.py:190} INFO - [2026-09-23T13:46:33.422+0000] {dag.py:4180} INFO - Setting next_dagrun for dss150p_sales_pipeline to 2026-09-22 02:00:00+00:00, run_after=2026-09-23 02:00:00+00:00
[2026-09-23T13:46:33.515+0000] {processor.py:208} INFO - Processing /opt/airflow/dags/dss150p_pipeline.py took 0.842 seconds
[2026-09-23T13:47:04.172+0000] {processor.py:186} INFO - Started process (PID=182) to work on /opt/airflow/dags/dss150p_pipeline.py
[2026-09-23T13:47:04.189+0000] {processor.py:914} INFO - Processing file /opt/airflow/dags/dss150p_pipeline.py for tasks to queue
[2026-09-23T13:47:04.229+0000] {logging_mixin.py:190} INFO - [2026-09-23T13:47:04.224+0000] {dagbag.py:588} INFO - Filling up the DagBag from /opt/airflow/dags/dss150p_pipeline.py
[2026-09-23T13:47:04.488+0000] {processor.py:925} INFO - DAG(s) 'dss150p_sales_pipeline' retrieved from /opt/airflow/dags/dss150p_pipeline.py
[2026-09-23T13:47:04.749+0000] {logging_mixin.py:190} INFO - [2026-09-23T13:47:04.748+0000] {dag.py:3239} INFO - Sync 1 DAGs
[2026-09-23T13:47:04.906+0000] {logging_mixin.py:190} INFO - [2026-09-23T13:47:04.905+0000] {dag.py:4180} INFO - Setting next_dagrun for dss150p_sales_pipeline to 2026-09-22 02:00:00+00:00, run_after=2026-09-23 02:00:00+00:00
[2026-09-23T13:47:04.952+0000] {processor.py:208} INFO - Processing /opt/airflow/dags/dss150p_pipeline.py took 0.884 seconds
[2026-09-23T13:47:35.640+0000] {processor.py:186} INFO - Started process (PID=187) to work on /opt/airflow/dags/dss150p_pipeline.py
[2026-09-23T13:47:35.645+0000] {processor.py:914} INFO - Processing file /opt/airflow/dags/dss150p_pipeline.py for tasks to queue
[2026-09-23T13:47:35.659+0000] {logging_mixin.py:190} INFO - [2026-09-23T13:47:35.657+0000] {dagbag.py:588} INFO - Filling up the DagBag from /opt/airflow/dags/dss150p_pipeline.py
[2026-09-23T13:47:35.819+0000] {processor.py:925} INFO - DAG(s) 'dss150p_sales_pipeline' retrieved from /opt/airflow/dags/dss150p_pipeline.py
[2026-09-23T13:47:36.096+0000] {logging_mixin.py:190} INFO - [2026-09-23T13:47:36.095+0000] {dag.py:3239} INFO - Sync 1 DAGs
[2026-09-23T13:47:36.369+0000] {logging_mixin.py:190} INFO - [2026-09-23T13:47:36.362+0000] {dag.py:4180} INFO - Setting next_dagrun for dss150p_sales_pipeline to 2026-09-22 02:00:00+00:00, run_after=2026-09-23 02:00:00+00:00
[2026-09-23T13:47:36.589+0000] {processor.py:208} INFO - Processing /opt/airflow/dags/dss150p_pipeline.py took 0.979 seconds
[2026-09-23T13:48:07.184+0000] {processor.py:186} INFO - Started process (PID=192) to work on /opt/airflow/dags/dss150p_pipeline.py
[2026-09-23T13:48:07.190+0000] {processor.py:914} INFO - Processing file /opt/airflow/dags/dss150p_pipeline.py for tasks to queue
[2026-09-23T13:48:07.198+0000] {logging_mixin.py:190} INFO - [2026-09-23T13:48:07.197+0000] {dagbag.py:588} INFO - Filling up the DagBag from /opt/airflow/dags/dss150p_pipeline.py
[2026-09-23T13:48:07.274+0000] {processor.py:925} INFO - DAG(s) 'dss150p_sales_pipeline' retrieved from /opt/airflow/dags/dss150p_pipeline.py
[2026-09-23T13:48:07.416+0000] {logging_mixin.py:190} INFO - [2026-09-23T13:48:07.415+0000] {dag.py:3239} INFO - Sync 1 DAGs
[2026-09-23T13:48:07.482+0000] {logging_mixin.py:190} INFO - [2026-09-23T13:48:07.482+0000] {dag.py:4180} INFO - Setting next_dagrun for dss150p_sales_pipeline to 2026-09-22 02:00:00+00:00, run_after=2026-09-23 02:00:00+00:00
[2026-09-23T13:48:07.526+0000] {processor.py:208} INFO - Processing /opt/airflow/dags/dss150p_pipeline.py took 0.368 seconds
[2026-09-23T13:48:37.761+0000] {processor.py:186} INFO - Started process (PID=197) to work on /opt/airflow/dags/dss150p_pipeline.py
[2026-09-23T13:48:37.765+0000] {processor.py:914} INFO - Processing file /opt/airflow/dags/dss150p_pipeline.py for tasks to queue
[2026-09-23T13:48:37.776+0000] {logging_mixin.py:190} INFO - [2026-09-23T13:48:37.774+0000] {dagbag.py:588} INFO - Filling up the DagBag from /opt/airflow/dags/dss150p_pipeline.py
[2026-09-23T13:48:37.850+0000] {processor.py:925} INFO - DAG(s) 'dss150p_sales_pipeline' retrieved from /opt/airflow/dags/dss150p_pipeline.py
[2026-09-23T13:48:37.996+0000] {logging_mixin.py:190} INFO - [2026-09-23T13:48:37.996+0000] {dag.py:3239} INFO - Sync 1 DAGs
[2026-09-23T13:48:38.062+0000] {logging_mixin.py:190} INFO - [2026-09-23T13:48:38.062+0000] {dag.py:4180} INFO - Setting next_dagrun for dss150p_sales_pipeline to 2026-09-22 02:00:00+00:00, run_after=2026-09-23 02:00:00+00:00
[2026-09-23T13:48:38.125+0000] {processor.py:208} INFO - Processing /opt/airflow/dags/dss150p_pipeline.py took 0.389 seconds
[2026-09-23T13:49:08.593+0000] {processor.py:186} INFO - Started process (PID=202) to work on /opt/airflow/dags/dss150p_pipeline.py
[2026-09-23T13:49:08.601+0000] {processor.py:914} INFO - Processing file /opt/airflow/dags/dss150p_pipeline.py for tasks to queue
[2026-09-23T13:49:08.619+0000] {logging_mixin.py:190} INFO - [2026-09-23T13:49:08.618+0000] {dagbag.py:588} INFO - Filling up the DagBag from /opt/airflow/dags/dss150p_pipeline.py
[2026-09-23T13:49:08.739+0000] {processor.py:925} INFO - DAG(s) 'dss150p_sales_pipeline' retrieved from /opt/airflow/dags/dss150p_pipeline.py
[2026-09-23T13:49:08.946+0000] {logging_mixin.py:190} INFO - [2026-09-23T13:49:08.946+0000] {dag.py:3239} INFO - Sync 1 DAGs
[2026-09-23T13:49:09.179+0000] {logging_mixin.py:190} INFO - [2026-09-23T13:49:09.176+0000] {dag.py:4180} INFO - Setting next_dagrun for dss150p_sales_pipeline to 2026-09-22 02:00:00+00:00, run_after=2026-09-23 02:00:00+00:00
[2026-09-23T13:49:09.336+0000] {processor.py:208} INFO - Processing /opt/airflow/dags/dss150p_pipeline.py took 0.778 seconds
[2026-09-23T13:49:39.959+0000] {processor.py:186} INFO - Started process (PID=207) to work on /opt/airflow/dags/dss150p_pipeline.py
[2026-09-23T13:49:39.966+0000] {processor.py:914} INFO - Processing file /opt/airflow/dags/dss150p_pipeline.py for tasks to queue
[2026-09-23T13:49:39.980+0000] {logging_mixin.py:190} INFO - [2026-09-23T13:49:39.978+0000] {dagbag.py:588} INFO - Filling up the DagBag from /opt/airflow/dags/dss150p_pipeline.py
[2026-09-23T13:49:40.052+0000] {processor.py:925} INFO - DAG(s) 'dss150p_sales_pipeline' retrieved from /opt/airflow/dags/dss150p_pipeline.py
[2026-09-23T13:49:40.272+0000] {logging_mixin.py:190} INFO - [2026-09-23T13:49:40.270+0000] {dag.py:3239} INFO - Sync 1 DAGs
[2026-09-23T13:49:40.425+0000] {logging_mixin.py:190} INFO - [2026-09-23T13:49:40.424+0000] {dag.py:4180} INFO - Setting next_dagrun for dss150p_sales_pipeline to 2026-09-22 02:00:00+00:00, run_after=2026-09-23 02:00:00+00:00
[2026-09-23T13:49:40.505+0000] {processor.py:208} INFO - Processing /opt/airflow/dags/dss150p_pipeline.py took 0.570 seconds
[2026-09-23T13:50:11.062+0000] {processor.py:186} INFO - Started process (PID=212) to work on /opt/airflow/dags/dss150p_pipeline.py
[2026-09-23T13:50:11.066+0000] {processor.py:914} INFO - Processing file /opt/airflow/dags/dss150p_pipeline.py for tasks to queue
[2026-09-23T13:50:11.075+0000] {logging_mixin.py:190} INFO - [2026-09-23T13:50:11.074+0000] {dagbag.py:588} INFO - Filling up the DagBag from /opt/airflow/dags/dss150p_pipeline.py
[2026-09-23T13:50:11.155+0000] {processor.py:925} INFO - DAG(s) 'dss150p_sales_pipeline' retrieved from /opt/airflow/dags/dss150p_pipeline.py
[2026-09-23T13:50:11.303+0000] {logging_mixin.py:190} INFO - [2026-09-23T13:50:11.303+0000] {dag.py:3239} INFO - Sync 1 DAGs
[2026-09-23T13:50:11.377+0000] {logging_mixin.py:190} INFO - [2026-09-23T13:50:11.376+0000] {dag.py:4180} INFO - Setting next_dagrun for dss150p_sales_pipeline to 2026-09-22 02:00:00+00:00, run_after=2026-09-23 02:00:00+00:00
[2026-09-23T13:50:11.476+0000] {processor.py:208} INFO - Processing /opt/airflow/dags/dss150p_pipeline.py took 0.435 seconds
[2026-09-23T13:50:42.242+0000] {processor.py:186} INFO - Started process (PID=217) to work on /opt/airflow/dags/dss150p_pipeline.py
[2026-09-23T13:50:42.245+0000] {processor.py:914} INFO - Processing file /opt/airflow/dags/dss150p_pipeline.py for tasks to queue
[2026-09-23T13:50:42.253+0000] {logging_mixin.py:190} INFO - [2026-09-23T13:50:42.252+0000] {dagbag.py:588} INFO - Filling up the DagBag from /opt/airflow/dags/dss150p_pipeline.py
[2026-09-23T13:50:42.319+0000] {processor.py:925} INFO - DAG(s) 'dss150p_sales_pipeline' retrieved from /opt/airflow/dags/dss150p_pipeline.py
[2026-09-23T13:50:42.478+0000] {logging_mixin.py:190} INFO - [2026-09-23T13:50:42.478+0000] {dag.py:3239} INFO - Sync 1 DAGs
[2026-09-23T13:50:42.555+0000] {logging_mixin.py:190} INFO - [2026-09-23T13:50:42.554+0000] {dag.py:4180} INFO - Setting next_dagrun for dss150p_sales_pipeline to 2026-09-22 02:00:00+00:00, run_after=2026-09-23 02:00:00+00:00
[2026-09-23T13:50:42.645+0000] {processor.py:208} INFO - Processing /opt/airflow/dags/dss150p_pipeline.py took 0.418 seconds
[2026-09-23T13:51:07.226+0000] {processor.py:186} INFO - Started process (PID=222) to work on /opt/airflow/dags/dss150p_pipeline.py
[2026-09-23T13:51:07.229+0000] {processor.py:914} INFO - Processing file /opt/airflow/dags/dss150p_pipeline.py for tasks to queue
[2026-09-23T13:51:07.236+0000] {logging_mixin.py:190} INFO - [2026-09-23T13:51:07.235+0000] {dagbag.py:588} INFO - Filling up the DagBag from /opt/airflow/dags/dss150p_pipeline.py
[2026-09-23T13:51:07.342+0000] {processor.py:925} INFO - DAG(s) 'dss150p_sales_pipeline' retrieved from /opt/airflow/dags/dss150p_pipeline.py
[2026-09-23T13:51:09.399+0000] {logging_mixin.py:190} INFO - [2026-09-23T13:51:09.399+0000] {dag.py:3239} INFO - Sync 1 DAGs
[2026-09-23T13:51:09.607+0000] {logging_mixin.py:190} INFO - [2026-09-23T13:51:09.605+0000] {dag.py:4180} INFO - Setting next_dagrun for dss150p_sales_pipeline to 2026-09-22 02:00:00+00:00, run_after=2026-09-23 02:00:00+00:00
[2026-09-23T13:51:09.837+0000] {processor.py:208} INFO - Processing /opt/airflow/dags/dss150p_pipeline.py took 2.633 seconds
[2026-09-23T13:51:40.247+0000] {processor.py:186} INFO - Started process (PID=227) to work on /opt/airflow/dags/dss150p_pipeline.py
[2026-09-23T13:51:40.252+0000] {processor.py:914} INFO - Processing file /opt/airflow/dags/dss150p_pipeline.py for tasks to queue
[2026-09-23T13:51:40.261+0000] {logging_mixin.py:190} INFO - [2026-09-23T13:51:40.260+0000] {dagbag.py:588} INFO - Filling up the DagBag from /opt/airflow/dags/dss150p_pipeline.py
[2026-09-23T13:51:40.392+0000] {processor.py:925} INFO - DAG(s) 'dss150p_sales_pipeline' retrieved from /opt/airflow/dags/dss150p_pipeline.py
[2026-09-23T13:51:40.567+0000] {logging_mixin.py:190} INFO - [2026-09-23T13:51:40.566+0000] {dag.py:3239} INFO - Sync 1 DAGs
[2026-09-23T13:51:40.627+0000] {logging_mixin.py:190} INFO - [2026-09-23T13:51:40.626+0000] {dag.py:4180} INFO - Setting next_dagrun for dss150p_sales_pipeline to 2026-09-22 02:00:00+00:00, run_after=2026-09-23 02:00:00+00:00
[2026-09-23T13:51:40.674+0000] {processor.py:208} INFO - Processing /opt/airflow/dags/dss150p_pipeline.py took 0.449 seconds
[2026-09-23T13:52:11.105+0000] {processor.py:186} INFO - Started process (PID=238) to work on /opt/airflow/dags/dss150p_pipeline.py
[2026-09-23T13:52:11.108+0000] {processor.py:914} INFO - Processing file /opt/airflow/dags/dss150p_pipeline.py for tasks to queue
[2026-09-23T13:52:11.131+0000] {logging_mixin.py:190} INFO - [2026-09-23T13:52:11.128+0000] {dagbag.py:588} INFO - Filling up the DagBag from /opt/airflow/dags/dss150p_pipeline.py
[2026-09-23T13:52:11.308+0000] {processor.py:925} INFO - DAG(s) 'dss150p_sales_pipeline' retrieved from /opt/airflow/dags/dss150p_pipeline.py
[2026-09-23T13:52:11.783+0000] {logging_mixin.py:190} INFO - [2026-09-23T13:52:11.782+0000] {dag.py:3239} INFO - Sync 1 DAGs
[2026-09-23T13:52:12.018+0000] {logging_mixin.py:190} INFO - [2026-09-23T13:52:12.017+0000] {dag.py:4180} INFO - Setting next_dagrun for dss150p_sales_pipeline to 2026-09-22 02:00:00+00:00, run_after=2026-09-23 02:00:00+00:00
[2026-09-23T13:52:12.138+0000] {processor.py:208} INFO - Processing /opt/airflow/dags/dss150p_pipeline.py took 1.161 seconds
[2026-09-23T13:52:42.722+0000] {processor.py:186} INFO - Started process (PID=297) to work on /opt/airflow/dags/dss150p_pipeline.py
[2026-09-23T13:52:42.726+0000] {processor.py:914} INFO - Processing file /opt/airflow/dags/dss150p_pipeline.py for tasks to queue
[2026-09-23T13:52:42.737+0000] {logging_mixin.py:190} INFO - [2026-09-23T13:52:42.735+0000] {dagbag.py:588} INFO - Filling up the DagBag from /opt/airflow/dags/dss150p_pipeline.py
[2026-09-23T13:52:42.826+0000] {processor.py:925} INFO - DAG(s) 'dss150p_sales_pipeline' retrieved from /opt/airflow/dags/dss150p_pipeline.py
[2026-09-23T13:52:42.956+0000] {logging_mixin.py:190} INFO - [2026-09-23T13:52:42.956+0000] {dag.py:3239} INFO - Sync 1 DAGs
[2026-09-23T13:52:43.075+0000] {logging_mixin.py:190} INFO - [2026-09-23T13:52:43.074+0000] {dag.py:4180} INFO - Setting next_dagrun for dss150p_sales_pipeline to 2026-09-22 02:00:00+00:00, run_after=2026-09-23 02:00:00+00:00
[2026-09-23T13:52:43.180+0000] {processor.py:208} INFO - Processing /opt/airflow/dags/dss150p_pipeline.py took 0.475 seconds
[2026-09-23T13:53:13.775+0000] {processor.py:186} INFO - Started process (PID=302) to work on /opt/airflow/dags/dss150p_pipeline.py
[2026-09-23T13:53:13.779+0000] {processor.py:914} INFO - Processing file /opt/airflow/dags/dss150p_pipeline.py for tasks to queue
[2026-09-23T13:53:13.788+0000] {logging_mixin.py:190} INFO - [2026-09-23T13:53:13.786+0000] {dagbag.py:588} INFO - Filling up the DagBag from /opt/airflow/dags/dss150p_pipeline.py
[2026-09-23T13:53:13.852+0000] {processor.py:925} INFO - DAG(s) 'dss150p_sales_pipeline' retrieved from /opt/airflow/dags/dss150p_pipeline.py
[2026-09-23T13:53:14.013+0000] {logging_mixin.py:190} INFO - [2026-09-23T13:53:14.013+0000] {dag.py:3239} INFO - Sync 1 DAGs
[2026-09-23T13:53:14.060+0000] {logging_mixin.py:190} INFO - [2026-09-23T13:53:14.060+0000] {dag.py:4180} INFO - Setting next_dagrun for dss150p_sales_pipeline to 2026-09-22 02:00:00+00:00, run_after=2026-09-23 02:00:00+00:00
[2026-09-23T13:53:14.102+0000] {processor.py:208} INFO - Processing /opt/airflow/dags/dss150p_pipeline.py took 0.347 seconds
[2026-09-23T13:53:44.226+0000] {processor.py:186} INFO - Started process (PID=308) to work on /opt/airflow/dags/dss150p_pipeline.py
[2026-09-23T13:53:44.230+0000] {processor.py:914} INFO - Processing file /opt/airflow/dags/dss150p_pipeline.py for tasks to queue
[2026-09-23T13:53:44.236+0000] {logging_mixin.py:190} INFO - [2026-09-23T13:53:44.235+0000] {dagbag.py:588} INFO - Filling up the DagBag from /opt/airflow/dags/dss150p_pipeline.py
[2026-09-23T13:53:44.290+0000] {processor.py:925} INFO - DAG(s) 'dss150p_sales_pipeline' retrieved from /opt/airflow/dags/dss150p_pipeline.py
[2026-09-23T13:53:44.394+0000] {logging_mixin.py:190} INFO - [2026-09-23T13:53:44.394+0000] {dag.py:3239} INFO - Sync 1 DAGs
[2026-09-23T13:53:44.441+0000] {logging_mixin.py:190} INFO - [2026-09-23T13:53:44.441+0000] {dag.py:4180} INFO - Setting next_dagrun for dss150p_sales_pipeline to 2026-09-22 02:00:00+00:00, run_after=2026-09-23 02:00:00+00:00
[2026-09-23T13:53:44.486+0000] {processor.py:208} INFO - Processing /opt/airflow/dags/dss150p_pipeline.py took 0.274 seconds
[2026-09-23T13:54:14.694+0000] {processor.py:186} INFO - Started process (PID=313) to work on /opt/airflow/dags/dss150p_pipeline.py
[2026-09-23T13:54:14.697+0000] {processor.py:914} INFO - Processing file /opt/airflow/dags/dss150p_pipeline.py for tasks to queue
[2026-09-23T13:54:14.707+0000] {logging_mixin.py:190} INFO - [2026-09-23T13:54:14.706+0000] {dagbag.py:588} INFO - Filling up the DagBag from /opt/airflow/dags/dss150p_pipeline.py
[2026-09-23T13:54:14.775+0000] {processor.py:925} INFO - DAG(s) 'dss150p_sales_pipeline' retrieved from /opt/airflow/dags/dss150p_pipeline.py
[2026-09-23T13:54:14.905+0000] {logging_mixin.py:190} INFO - [2026-09-23T13:54:14.905+0000] {dag.py:3239} INFO - Sync 1 DAGs
[2026-09-23T13:54:14.986+0000] {logging_mixin.py:190} INFO - [2026-09-23T13:54:14.985+0000] {dag.py:4180} INFO - Setting next_dagrun for dss150p_sales_pipeline to 2026-09-22 02:00:00+00:00, run_after=2026-09-23 02:00:00+00:00
[2026-09-23T13:54:15.051+0000] {processor.py:208} INFO - Processing /opt/airflow/dags/dss150p_pipeline.py took 0.374 seconds
[2026-09-23T13:54:45.816+0000] {processor.py:186} INFO - Started process (PID=319) to work on /opt/airflow/dags/dss150p_pipeline.py
[2026-09-23T13:54:45.820+0000] {processor.py:914} INFO - Processing file /opt/airflow/dags/dss150p_pipeline.py for tasks to queue
[2026-09-23T13:54:45.829+0000] {logging_mixin.py:190} INFO - [2026-09-23T13:54:45.827+0000] {dagbag.py:588} INFO - Filling up the DagBag from /opt/airflow/dags/dss150p_pipeline.py
[2026-09-23T13:54:45.913+0000] {processor.py:925} INFO - DAG(s) 'dss150p_sales_pipeline' retrieved from /opt/airflow/dags/dss150p_pipeline.py
[2026-09-23T13:54:46.075+0000] {logging_mixin.py:190} INFO - [2026-09-23T13:54:46.074+0000] {dag.py:3239} INFO - Sync 1 DAGs
[2026-09-23T13:54:46.166+0000] {logging_mixin.py:190} INFO - [2026-09-23T13:54:46.166+0000] {dag.py:4180} INFO - Setting next_dagrun for dss150p_sales_pipeline to 2026-09-22 02:00:00+00:00, run_after=2026-09-23 02:00:00+00:00
[2026-09-23T13:54:46.217+0000] {processor.py:208} INFO - Processing /opt/airflow/dags/dss150p_pipeline.py took 0.422 seconds
[2026-09-23T13:54:59.690+0000] {processor.py:186} INFO - Started process (PID=324) to work on /opt/airflow/dags/dss150p_pipeline.py
[2026-09-23T13:54:59.694+0000] {processor.py:914} INFO - Processing file /opt/airflow/dags/dss150p_pipeline.py for tasks to queue
[2026-09-23T13:54:59.701+0000] {logging_mixin.py:190} INFO - [2026-09-23T13:54:59.700+0000] {dagbag.py:588} INFO - Filling up the DagBag from /opt/airflow/dags/dss150p_pipeline.py
[2026-09-23T13:54:59.800+0000] {processor.py:925} INFO - DAG(s) 'dss150p_sales_pipeline' retrieved from /opt/airflow/dags/dss150p_pipeline.py
[2026-09-23T13:55:00.444+0000] {logging_mixin.py:190} INFO - [2026-09-23T13:55:00.443+0000] {dag.py:3239} INFO - Sync 1 DAGs
[2026-09-23T13:55:00.513+0000] {logging_mixin.py:190} INFO - [2026-09-23T13:55:00.512+0000] {dag.py:4180} INFO - Setting next_dagrun for dss150p_sales_pipeline to 2026-09-22 02:00:00+00:00, run_after=2026-09-23 02:00:00+00:00
[2026-09-23T13:55:00.592+0000] {processor.py:208} INFO - Processing /opt/airflow/dags/dss150p_pipeline.py took 0.917 seconds
[2026-09-23T13:55:31.331+0000] {processor.py:186} INFO - Started process (PID=335) to work on /opt/airflow/dags/dss150p_pipeline.py
[2026-09-23T13:55:31.335+0000] {processor.py:914} INFO - Processing file /opt/airflow/dags/dss150p_pipeline.py for tasks to queue
[2026-09-23T13:55:31.347+0000] {logging_mixin.py:190} INFO - [2026-09-23T13:55:31.346+0000] {dagbag.py:588} INFO - Filling up the DagBag from /opt/airflow/dags/dss150p_pipeline.py
[2026-09-23T13:55:31.440+0000] {processor.py:925} INFO - DAG(s) 'dss150p_sales_pipeline' retrieved from /opt/airflow/dags/dss150p_pipeline.py
[2026-09-23T13:55:31.689+0000] {logging_mixin.py:190} INFO - [2026-09-23T13:55:31.688+0000] {dag.py:3239} INFO - Sync 1 DAGs
[2026-09-23T13:55:32.053+0000] {logging_mixin.py:190} INFO - [2026-09-23T13:55:32.052+0000] {dag.py:4180} INFO - Setting next_dagrun for dss150p_sales_pipeline to 2026-09-22 02:00:00+00:00, run_after=2026-09-23 02:00:00+00:00
[2026-09-23T13:55:32.147+0000] {processor.py:208} INFO - Processing /opt/airflow/dags/dss150p_pipeline.py took 0.837 seconds
[2026-09-23T13:56:02.847+0000] {processor.py:186} INFO - Started process (PID=393) to work on /opt/airflow/dags/dss150p_pipeline.py
[2026-09-23T13:56:02.851+0000] {processor.py:914} INFO - Processing file /opt/airflow/dags/dss150p_pipeline.py for tasks to queue
[2026-09-23T13:56:02.861+0000] {logging_mixin.py:190} INFO - [2026-09-23T13:56:02.861+0000] {dagbag.py:588} INFO - Filling up the DagBag from /opt/airflow/dags/dss150p_pipeline.py
[2026-09-23T13:56:02.968+0000] {processor.py:925} INFO - DAG(s) 'dss150p_sales_pipeline' retrieved from /opt/airflow/dags/dss150p_pipeline.py
[2026-09-23T13:56:03.094+0000] {logging_mixin.py:190} INFO - [2026-09-23T13:56:03.094+0000] {dag.py:3239} INFO - Sync 1 DAGs
[2026-09-23T13:56:03.173+0000] {logging_mixin.py:190} INFO - [2026-09-23T13:56:03.172+0000] {dag.py:4180} INFO - Setting next_dagrun for dss150p_sales_pipeline to 2026-09-22 02:00:00+00:00, run_after=2026-09-23 02:00:00+00:00
[2026-09-23T13:56:03.224+0000] {processor.py:208} INFO - Processing /opt/airflow/dags/dss150p_pipeline.py took 0.395 seconds
[2026-09-23T13:56:33.470+0000] {processor.py:186} INFO - Started process (PID=398) to work on /opt/airflow/dags/dss150p_pipeline.py
[2026-09-23T13:56:33.474+0000] {processor.py:914} INFO - Processing file /opt/airflow/dags/dss150p_pipeline.py for tasks to queue
[2026-09-23T13:56:33.482+0000] {logging_mixin.py:190} INFO - [2026-09-23T13:56:33.481+0000] {dagbag.py:588} INFO - Filling up the DagBag from /opt/airflow/dags/dss150p_pipeline.py
[2026-09-23T13:56:33.556+0000] {processor.py:925} INFO - DAG(s) 'dss150p_sales_pipeline' retrieved from /opt/airflow/dags/dss150p_pipeline.py
[2026-09-23T13:56:33.678+0000] {logging_mixin.py:190} INFO - [2026-09-23T13:56:33.678+0000] {dag.py:3239} INFO - Sync 1 DAGs
[2026-09-23T13:56:33.734+0000] {logging_mixin.py:190} INFO - [2026-09-23T13:56:33.733+0000] {dag.py:4180} INFO - Setting next_dagrun for dss150p_sales_pipeline to 2026-09-22 02:00:00+00:00, run_after=2026-09-23 02:00:00+00:00
[2026-09-23T13:56:33.785+0000] {processor.py:208} INFO - Processing /opt/airflow/dags/dss150p_pipeline.py took 0.334 seconds
[2026-09-23T13:57:04.263+0000] {processor.py:186} INFO - Started process (PID=404) to work on /opt/airflow/dags/dss150p_pipeline.py
[2026-09-23T13:57:04.267+0000] {processor.py:914} INFO - Processing file /opt/airflow/dags/dss150p_pipeline.py for tasks to queue
[2026-09-23T13:57:04.275+0000] {logging_mixin.py:190} INFO - [2026-09-23T13:57:04.274+0000] {dagbag.py:588} INFO - Filling up the DagBag from /opt/airflow/dags/dss150p_pipeline.py
[2026-09-23T13:57:04.361+0000] {processor.py:925} INFO - DAG(s) 'dss150p_sales_pipeline' retrieved from /opt/airflow/dags/dss150p_pipeline.py
[2026-09-23T13:57:04.494+0000] {logging_mixin.py:190} INFO - [2026-09-23T13:57:04.493+0000] {dag.py:3239} INFO - Sync 1 DAGs
[2026-09-23T13:57:04.559+0000] {logging_mixin.py:190} INFO - [2026-09-23T13:57:04.558+0000] {dag.py:4180} INFO - Setting next_dagrun for dss150p_sales_pipeline to 2026-09-22 02:00:00+00:00, run_after=2026-09-23 02:00:00+00:00
[2026-09-23T13:57:04.612+0000] {processor.py:208} INFO - Processing /opt/airflow/dags/dss150p_pipeline.py took 0.370 seconds
[2026-09-23T13:57:34.769+0000] {processor.py:186} INFO - Started process (PID=409) to work on /opt/airflow/dags/dss150p_pipeline.py
[2026-09-23T13:57:34.773+0000] {processor.py:914} INFO - Processing file /opt/airflow/dags/dss150p_pipeline.py for tasks to queue
[2026-09-23T13:57:34.781+0000] {logging_mixin.py:190} INFO - [2026-09-23T13:57:34.780+0000] {dagbag.py:588} INFO - Filling up the DagBag from /opt/airflow/dags/dss150p_pipeline.py
[2026-09-23T13:57:34.850+0000] {processor.py:925} INFO - DAG(s) 'dss150p_sales_pipeline' retrieved from /opt/airflow/dags/dss150p_pipeline.py
[2026-09-23T13:57:34.961+0000] {logging_mixin.py:190} INFO - [2026-09-23T13:57:34.960+0000] {dag.py:3239} INFO - Sync 1 DAGs
[2026-09-23T13:57:35.013+0000] {logging_mixin.py:190} INFO - [2026-09-23T13:57:35.013+0000] {dag.py:4180} INFO - Setting next_dagrun for dss150p_sales_pipeline to 2026-09-22 02:00:00+00:00, run_after=2026-09-23 02:00:00+00:00
[2026-09-23T13:57:35.074+0000] {processor.py:208} INFO - Processing /opt/airflow/dags/dss150p_pipeline.py took 0.321 seconds
[2026-09-23T13:58:05.695+0000] {processor.py:186} INFO - Started process (PID=415) to work on /opt/airflow/dags/dss150p_pipeline.py
[2026-09-23T13:58:05.702+0000] {processor.py:914} INFO - Processing file /opt/airflow/dags/dss150p_pipeline.py for tasks to queue
[2026-09-23T13:58:05.712+0000] {logging_mixin.py:190} INFO - [2026-09-23T13:58:05.710+0000] {dagbag.py:588} INFO - Filling up the DagBag from /opt/airflow/dags/dss150p_pipeline.py
[2026-09-23T13:58:05.816+0000] {processor.py:925} INFO - DAG(s) 'dss150p_sales_pipeline' retrieved from /opt/airflow/dags/dss150p_pipeline.py
[2026-09-23T13:58:06.002+0000] {logging_mixin.py:190} INFO - [2026-09-23T13:58:06.001+0000] {dag.py:3239} INFO - Sync 1 DAGs
[2026-09-23T13:58:06.065+0000] {logging_mixin.py:190} INFO - [2026-09-23T13:58:06.065+0000] {dag.py:4180} INFO - Setting next_dagrun for dss150p_sales_pipeline to 2026-09-22 02:00:00+00:00, run_after=2026-09-23 02:00:00+00:00
[2026-09-23T13:58:06.124+0000] {processor.py:208} INFO - Processing /opt/airflow/dags/dss150p_pipeline.py took 0.453 seconds
[2026-09-23T13:58:36.696+0000] {processor.py:186} INFO - Started process (PID=420) to work on /opt/airflow/dags/dss150p_pipeline.py
[2026-09-23T13:58:36.699+0000] {processor.py:914} INFO - Processing file /opt/airflow/dags/dss150p_pipeline.py for tasks to queue
[2026-09-23T13:58:36.706+0000] {logging_mixin.py:190} INFO - [2026-09-23T13:58:36.705+0000] {dagbag.py:588} INFO - Filling up the DagBag from /opt/airflow/dags/dss150p_pipeline.py
[2026-09-23T13:58:36.772+0000] {processor.py:925} INFO - DAG(s) 'dss150p_sales_pipeline' retrieved from /opt/airflow/dags/dss150p_pipeline.py
[2026-09-23T13:58:36.947+0000] {logging_mixin.py:190} INFO - [2026-09-23T13:58:36.946+0000] {dag.py:3239} INFO - Sync 1 DAGs
[2026-09-23T13:58:37.008+0000] {logging_mixin.py:190} INFO - [2026-09-23T13:58:37.008+0000] {dag.py:4180} INFO - Setting next_dagrun for dss150p_sales_pipeline to 2026-09-22 02:00:00+00:00, run_after=2026-09-23 02:00:00+00:00
[2026-09-23T13:58:37.052+0000] {processor.py:208} INFO - Processing /opt/airflow/dags/dss150p_pipeline.py took 0.375 seconds
[2026-09-23T13:59:07.490+0000] {processor.py:186} INFO - Started process (PID=425) to work on /opt/airflow/dags/dss150p_pipeline.py
[2026-09-23T13:59:07.494+0000] {processor.py:914} INFO - Processing file /opt/airflow/dags/dss150p_pipeline.py for tasks to queue
[2026-09-23T13:59:07.503+0000] {logging_mixin.py:190} INFO - [2026-09-23T13:59:07.500+0000] {dagbag.py:588} INFO - Filling up the DagBag from /opt/airflow/dags/dss150p_pipeline.py
[2026-09-23T13:59:07.594+0000] {processor.py:925} INFO - DAG(s) 'dss150p_sales_pipeline' retrieved from /opt/airflow/dags/dss150p_pipeline.py
[2026-09-23T13:59:07.729+0000] {logging_mixin.py:190} INFO - [2026-09-23T13:59:07.728+0000] {dag.py:3239} INFO - Sync 1 DAGs
[2026-09-23T13:59:07.779+0000] {logging_mixin.py:190} INFO - [2026-09-23T13:59:07.778+0000] {dag.py:4180} INFO - Setting next_dagrun for dss150p_sales_pipeline to 2026-09-22 02:00:00+00:00, run_after=2026-09-23 02:00:00+00:00
[2026-09-23T13:59:07.822+0000] {processor.py:208} INFO - Processing /opt/airflow/dags/dss150p_pipeline.py took 0.351 seconds
[2026-09-23T13:59:38.187+0000] {processor.py:186} INFO - Started process (PID=430) to work on /opt/airflow/dags/dss150p_pipeline.py
[2026-09-23T13:59:38.197+0000] {processor.py:914} INFO - Processing file /opt/airflow/dags/dss150p_pipeline.py for tasks to queue
[2026-09-23T13:59:38.218+0000] {logging_mixin.py:190} INFO - [2026-09-23T13:59:38.216+0000] {dagbag.py:588} INFO - Filling up the DagBag from /opt/airflow/dags/dss150p_pipeline.py
[2026-09-23T13:59:38.388+0000] {processor.py:925} INFO - DAG(s) 'dss150p_sales_pipeline' retrieved from /opt/airflow/dags/dss150p_pipeline.py
[2026-09-23T13:59:38.616+0000] {logging_mixin.py:190} INFO - [2026-09-23T13:59:38.615+0000] {dag.py:3239} INFO - Sync 1 DAGs
[2026-09-23T13:59:38.734+0000] {logging_mixin.py:190} INFO - [2026-09-23T13:59:38.733+0000] {dag.py:4180} INFO - Setting next_dagrun for dss150p_sales_pipeline to 2026-09-22 02:00:00+00:00, run_after=2026-09-23 02:00:00+00:00
[2026-09-23T13:59:38.816+0000] {processor.py:208} INFO - Processing /opt/airflow/dags/dss150p_pipeline.py took 0.671 seconds
[2026-09-23T14:00:09.568+0000] {processor.py:186} INFO - Started process (PID=435) to work on /opt/airflow/dags/dss150p_pipeline.py
[2026-09-23T14:00:09.572+0000] {processor.py:914} INFO - Processing file /opt/airflow/dags/dss150p_pipeline.py for tasks to queue
[2026-09-23T14:00:09.582+0000] {logging_mixin.py:190} INFO - [2026-09-23T14:00:09.580+0000] {dagbag.py:588} INFO - Filling up the DagBag from /opt/airflow/dags/dss150p_pipeline.py
[2026-09-23T14:00:09.653+0000] {processor.py:925} INFO - DAG(s) 'dss150p_sales_pipeline' retrieved from /opt/airflow/dags/dss150p_pipeline.py
[2026-09-23T14:00:09.786+0000] {logging_mixin.py:190} INFO - [2026-09-23T14:00:09.786+0000] {dag.py:3239} INFO - Sync 1 DAGs
[2026-09-23T14:00:09.855+0000] {logging_mixin.py:190} INFO - [2026-09-23T14:00:09.854+0000] {dag.py:4180} INFO - Setting next_dagrun for dss150p_sales_pipeline to 2026-09-22 02:00:00+00:00, run_after=2026-09-23 02:00:00+00:00
[2026-09-23T14:00:09.908+0000] {processor.py:208} INFO - Processing /opt/airflow/dags/dss150p_pipeline.py took 0.360 seconds
[2026-09-23T14:00:17.043+0000] {processor.py:186} INFO - Started process (PID=440) to work on /opt/airflow/dags/dss150p_pipeline.py
[2026-09-23T14:00:17.050+0000] {processor.py:914} INFO - Processing file /opt/airflow/dags/dss150p_pipeline.py for tasks to queue
[2026-09-23T14:00:17.060+0000] {logging_mixin.py:190} INFO - [2026-09-23T14:00:17.058+0000] {dagbag.py:588} INFO - Filling up the DagBag from /opt/airflow/dags/dss150p_pipeline.py
[2026-09-23T14:00:17.289+0000] {processor.py:925} INFO - DAG(s) 'dss150p_sales_pipeline' retrieved from /opt/airflow/dags/dss150p_pipeline.py
[2026-09-23T14:00:18.357+0000] {logging_mixin.py:190} INFO - [2026-09-23T14:00:18.356+0000] {dag.py:3239} INFO - Sync 1 DAGs
[2026-09-23T14:00:18.415+0000] {logging_mixin.py:190} INFO - [2026-09-23T14:00:18.414+0000] {dag.py:4180} INFO - Setting next_dagrun for dss150p_sales_pipeline to 2026-09-22 02:00:00+00:00, run_after=2026-09-23 02:00:00+00:00
[2026-09-23T14:00:18.493+0000] {processor.py:208} INFO - Processing /opt/airflow/dags/dss150p_pipeline.py took 1.494 seconds
[2026-09-23T14:00:48.805+0000] {processor.py:186} INFO - Started process (PID=481) to work on /opt/airflow/dags/dss150p_pipeline.py
[2026-09-23T14:00:48.819+0000] {processor.py:914} INFO - Processing file /opt/airflow/dags/dss150p_pipeline.py for tasks to queue
[2026-09-23T14:00:48.852+0000] {logging_mixin.py:190} INFO - [2026-09-23T14:00:48.846+0000] {dagbag.py:588} INFO - Filling up the DagBag from /opt/airflow/dags/dss150p_pipeline.py
[2026-09-23T14:00:49.091+0000] {processor.py:925} INFO - DAG(s) 'dss150p_sales_pipeline' retrieved from /opt/airflow/dags/dss150p_pipeline.py
[2026-09-23T14:00:49.410+0000] {logging_mixin.py:190} INFO - [2026-09-23T14:00:49.410+0000] {dag.py:3239} INFO - Sync 1 DAGs
[2026-09-23T14:00:49.480+0000] {logging_mixin.py:190} INFO - [2026-09-23T14:00:49.480+0000] {dag.py:4180} INFO - Setting next_dagrun for dss150p_sales_pipeline to 2026-09-22 02:00:00+00:00, run_after=2026-09-23 02:00:00+00:00
[2026-09-23T14:00:49.557+0000] {processor.py:208} INFO - Processing /opt/airflow/dags/dss150p_pipeline.py took 0.852 seconds
[2026-09-23T14:01:20.223+0000] {processor.py:186} INFO - Started process (PID=509) to work on /opt/airflow/dags/dss150p_pipeline.py
[2026-09-23T14:01:20.228+0000] {processor.py:914} INFO - Processing file /opt/airflow/dags/dss150p_pipeline.py for tasks to queue
[2026-09-23T14:01:20.234+0000] {logging_mixin.py:190} INFO - [2026-09-23T14:01:20.233+0000] {dagbag.py:588} INFO - Filling up the DagBag from /opt/airflow/dags/dss150p_pipeline.py
[2026-09-23T14:01:20.330+0000] {processor.py:925} INFO - DAG(s) 'dss150p_sales_pipeline' retrieved from /opt/airflow/dags/dss150p_pipeline.py
[2026-09-23T14:01:20.453+0000] {logging_mixin.py:190} INFO - [2026-09-23T14:01:20.452+0000] {dag.py:3239} INFO - Sync 1 DAGs
[2026-09-23T14:01:20.511+0000] {logging_mixin.py:190} INFO - [2026-09-23T14:01:20.511+0000] {dag.py:4180} INFO - Setting next_dagrun for dss150p_sales_pipeline to 2026-09-22 02:00:00+00:00, run_after=2026-09-23 02:00:00+00:00
[2026-09-23T14:01:20.555+0000] {processor.py:208} INFO - Processing /opt/airflow/dags/dss150p_pipeline.py took 0.355 seconds
[2026-09-23T14:01:48.085+0000] {processor.py:186} INFO - Started process (PID=514) to work on /opt/airflow/dags/dss150p_pipeline.py
[2026-09-23T14:01:48.088+0000] {processor.py:914} INFO - Processing file /opt/airflow/dags/dss150p_pipeline.py for tasks to queue
[2026-09-23T14:01:48.094+0000] {logging_mixin.py:190} INFO - [2026-09-23T14:01:48.094+0000] {dagbag.py:588} INFO - Filling up the DagBag from /opt/airflow/dags/dss150p_pipeline.py
[2026-09-23T14:01:48.150+0000] {logging_mixin.py:190} INFO - [2026-09-23T14:01:48.141+0000] {dagbag.py:387} ERROR - Failed to import: /opt/airflow/dags/dss150p_pipeline.py
Traceback (most recent call last):
  File "/home/airflow/.local/lib/python3.11/site-packages/airflow/models/dagbag.py", line 383, in parse
    loader.exec_module(new_module)
  File "<frozen importlib._bootstrap_external>", line 936, in exec_module
  File "<frozen importlib._bootstrap_external>", line 1074, in get_code
  File "<frozen importlib._bootstrap_external>", line 1004, in source_to_code
  File "<frozen importlib._bootstrap>", line 241, in _call_with_frames_removed
  File "/opt/airflow/dags/dss150p_pipeline.py", line 48
    f"cd {PROJECT} && "
    ^^^^^^^^^^^^^^^^^^^^
SyntaxError: invalid syntax. Perhaps you forgot a comma?
[2026-09-23T14:01:48.154+0000] {processor.py:927} WARNING - No viable dags retrieved from /opt/airflow/dags/dss150p_pipeline.py
[2026-09-23T14:01:48.259+0000] {processor.py:208} INFO - Processing /opt/airflow/dags/dss150p_pipeline.py took 0.187 seconds
[2026-09-23T14:02:18.676+0000] {processor.py:186} INFO - Started process (PID=520) to work on /opt/airflow/dags/dss150p_pipeline.py
[2026-09-23T14:02:18.682+0000] {processor.py:914} INFO - Processing file /opt/airflow/dags/dss150p_pipeline.py for tasks to queue
[2026-09-23T14:02:18.693+0000] {logging_mixin.py:190} INFO - [2026-09-23T14:02:18.691+0000] {dagbag.py:588} INFO - Filling up the DagBag from /opt/airflow/dags/dss150p_pipeline.py
[2026-09-23T14:02:18.774+0000] {logging_mixin.py:190} INFO - [2026-09-23T14:02:18.770+0000] {dagbag.py:387} ERROR - Failed to import: /opt/airflow/dags/dss150p_pipeline.py
Traceback (most recent call last):
  File "/home/airflow/.local/lib/python3.11/site-packages/airflow/models/dagbag.py", line 383, in parse
    loader.exec_module(new_module)
  File "<frozen importlib._bootstrap_external>", line 936, in exec_module
  File "<frozen importlib._bootstrap_external>", line 1074, in get_code
  File "<frozen importlib._bootstrap_external>", line 1004, in source_to_code
  File "<frozen importlib._bootstrap>", line 241, in _call_with_frames_removed
  File "/opt/airflow/dags/dss150p_pipeline.py", line 48
    f"cd {PROJECT} && "
    ^^^^^^^^^^^^^^^^^^^^
SyntaxError: invalid syntax. Perhaps you forgot a comma?
[2026-09-23T14:02:18.779+0000] {processor.py:927} WARNING - No viable dags retrieved from /opt/airflow/dags/dss150p_pipeline.py
[2026-09-23T14:02:18.877+0000] {processor.py:208} INFO - Processing /opt/airflow/dags/dss150p_pipeline.py took 0.234 seconds
[2026-09-23T14:02:49.500+0000] {processor.py:186} INFO - Started process (PID=525) to work on /opt/airflow/dags/dss150p_pipeline.py
[2026-09-23T14:02:49.504+0000] {processor.py:914} INFO - Processing file /opt/airflow/dags/dss150p_pipeline.py for tasks to queue
[2026-09-23T14:02:49.508+0000] {logging_mixin.py:190} INFO - [2026-09-23T14:02:49.507+0000] {dagbag.py:588} INFO - Filling up the DagBag from /opt/airflow/dags/dss150p_pipeline.py
[2026-09-23T14:02:49.566+0000] {logging_mixin.py:190} INFO - [2026-09-23T14:02:49.563+0000] {dagbag.py:387} ERROR - Failed to import: /opt/airflow/dags/dss150p_pipeline.py
Traceback (most recent call last):
  File "/home/airflow/.local/lib/python3.11/site-packages/airflow/models/dagbag.py", line 383, in parse
    loader.exec_module(new_module)
  File "<frozen importlib._bootstrap_external>", line 936, in exec_module
  File "<frozen importlib._bootstrap_external>", line 1074, in get_code
  File "<frozen importlib._bootstrap_external>", line 1004, in source_to_code
  File "<frozen importlib._bootstrap>", line 241, in _call_with_frames_removed
  File "/opt/airflow/dags/dss150p_pipeline.py", line 48
    f"cd {PROJECT} && "
    ^^^^^^^^^^^^^^^^^^^^
SyntaxError: invalid syntax. Perhaps you forgot a comma?
[2026-09-23T14:02:49.569+0000] {processor.py:927} WARNING - No viable dags retrieved from /opt/airflow/dags/dss150p_pipeline.py
[2026-09-23T14:02:49.628+0000] {processor.py:208} INFO - Processing /opt/airflow/dags/dss150p_pipeline.py took 0.143 seconds
[2026-09-23T14:03:20.039+0000] {processor.py:186} INFO - Started process (PID=531) to work on /opt/airflow/dags/dss150p_pipeline.py
[2026-09-23T14:03:20.042+0000] {processor.py:914} INFO - Processing file /opt/airflow/dags/dss150p_pipeline.py for tasks to queue
[2026-09-23T14:03:20.047+0000] {logging_mixin.py:190} INFO - [2026-09-23T14:03:20.047+0000] {dagbag.py:588} INFO - Filling up the DagBag from /opt/airflow/dags/dss150p_pipeline.py
[2026-09-23T14:03:20.139+0000] {logging_mixin.py:190} INFO - [2026-09-23T14:03:20.135+0000] {dagbag.py:387} ERROR - Failed to import: /opt/airflow/dags/dss150p_pipeline.py
Traceback (most recent call last):
  File "/home/airflow/.local/lib/python3.11/site-packages/airflow/models/dagbag.py", line 383, in parse
    loader.exec_module(new_module)
  File "<frozen importlib._bootstrap_external>", line 936, in exec_module
  File "<frozen importlib._bootstrap_external>", line 1074, in get_code
  File "<frozen importlib._bootstrap_external>", line 1004, in source_to_code
  File "<frozen importlib._bootstrap>", line 241, in _call_with_frames_removed
  File "/opt/airflow/dags/dss150p_pipeline.py", line 48
    f"cd {PROJECT} && "
    ^^^^^^^^^^^^^^^^^^^^
SyntaxError: invalid syntax. Perhaps you forgot a comma?
[2026-09-23T14:03:20.143+0000] {processor.py:927} WARNING - No viable dags retrieved from /opt/airflow/dags/dss150p_pipeline.py
[2026-09-23T14:03:20.225+0000] {processor.py:208} INFO - Processing /opt/airflow/dags/dss150p_pipeline.py took 0.200 seconds
[2026-09-23T14:03:50.797+0000] {processor.py:186} INFO - Started process (PID=536) to work on /opt/airflow/dags/dss150p_pipeline.py
[2026-09-23T14:03:50.803+0000] {processor.py:914} INFO - Processing file /opt/airflow/dags/dss150p_pipeline.py for tasks to queue
[2026-09-23T14:03:50.811+0000] {logging_mixin.py:190} INFO - [2026-09-23T14:03:50.810+0000] {dagbag.py:588} INFO - Filling up the DagBag from /opt/airflow/dags/dss150p_pipeline.py
[2026-09-23T14:03:50.874+0000] {logging_mixin.py:190} INFO - [2026-09-23T14:03:50.870+0000] {dagbag.py:387} ERROR - Failed to import: /opt/airflow/dags/dss150p_pipeline.py
Traceback (most recent call last):
  File "/home/airflow/.local/lib/python3.11/site-packages/airflow/models/dagbag.py", line 383, in parse
    loader.exec_module(new_module)
  File "<frozen importlib._bootstrap_external>", line 936, in exec_module
  File "<frozen importlib._bootstrap_external>", line 1074, in get_code
  File "<frozen importlib._bootstrap_external>", line 1004, in source_to_code
  File "<frozen importlib._bootstrap>", line 241, in _call_with_frames_removed
  File "/opt/airflow/dags/dss150p_pipeline.py", line 48
    f"cd {PROJECT} && "
    ^^^^^^^^^^^^^^^^^^^^
SyntaxError: invalid syntax. Perhaps you forgot a comma?
[2026-09-23T14:03:50.878+0000] {processor.py:927} WARNING - No viable dags retrieved from /opt/airflow/dags/dss150p_pipeline.py
[2026-09-23T14:03:50.976+0000] {processor.py:208} INFO - Processing /opt/airflow/dags/dss150p_pipeline.py took 0.210 seconds
[2026-09-23T14:03:55.191+0000] {processor.py:186} INFO - Started process (PID=541) to work on /opt/airflow/dags/dss150p_pipeline.py
[2026-09-23T14:03:55.206+0000] {processor.py:914} INFO - Processing file /opt/airflow/dags/dss150p_pipeline.py for tasks to queue
[2026-09-23T14:03:55.228+0000] {logging_mixin.py:190} INFO - [2026-09-23T14:03:55.226+0000] {dagbag.py:588} INFO - Filling up the DagBag from /opt/airflow/dags/dss150p_pipeline.py
[2026-09-23T14:03:55.516+0000] {processor.py:925} INFO - DAG(s) 'dss150p_sales_pipeline' retrieved from /opt/airflow/dags/dss150p_pipeline.py
[2026-09-23T14:03:56.730+0000] {logging_mixin.py:190} INFO - [2026-09-23T14:03:56.730+0000] {dag.py:3239} INFO - Sync 1 DAGs
[2026-09-23T14:03:56.838+0000] {logging_mixin.py:190} INFO - [2026-09-23T14:03:56.838+0000] {dag.py:4180} INFO - Setting next_dagrun for dss150p_sales_pipeline to 2026-09-22 02:00:00+00:00, run_after=2026-09-23 02:00:00+00:00
[2026-09-23T14:03:56.913+0000] {processor.py:208} INFO - Processing /opt/airflow/dags/dss150p_pipeline.py took 1.762 seconds
[2026-09-23T14:04:27.319+0000] {processor.py:186} INFO - Started process (PID=546) to work on /opt/airflow/dags/dss150p_pipeline.py
[2026-09-23T14:04:27.322+0000] {processor.py:914} INFO - Processing file /opt/airflow/dags/dss150p_pipeline.py for tasks to queue
[2026-09-23T14:04:27.326+0000] {logging_mixin.py:190} INFO - [2026-09-23T14:04:27.326+0000] {dagbag.py:588} INFO - Filling up the DagBag from /opt/airflow/dags/dss150p_pipeline.py
[2026-09-23T14:04:27.377+0000] {processor.py:925} INFO - DAG(s) 'dss150p_sales_pipeline' retrieved from /opt/airflow/dags/dss150p_pipeline.py
[2026-09-23T14:04:27.481+0000] {logging_mixin.py:190} INFO - [2026-09-23T14:04:27.481+0000] {dag.py:3239} INFO - Sync 1 DAGs
[2026-09-23T14:04:27.535+0000] {logging_mixin.py:190} INFO - [2026-09-23T14:04:27.535+0000] {dag.py:4180} INFO - Setting next_dagrun for dss150p_sales_pipeline to 2026-09-22 02:00:00+00:00, run_after=2026-09-23 02:00:00+00:00
[2026-09-23T14:04:27.574+0000] {processor.py:208} INFO - Processing /opt/airflow/dags/dss150p_pipeline.py took 0.271 seconds
[2026-09-23T14:04:57.817+0000] {processor.py:186} INFO - Started process (PID=551) to work on /opt/airflow/dags/dss150p_pipeline.py
[2026-09-23T14:04:57.821+0000] {processor.py:914} INFO - Processing file /opt/airflow/dags/dss150p_pipeline.py for tasks to queue
[2026-09-23T14:04:57.825+0000] {logging_mixin.py:190} INFO - [2026-09-23T14:04:57.824+0000] {dagbag.py:588} INFO - Filling up the DagBag from /opt/airflow/dags/dss150p_pipeline.py
[2026-09-23T14:04:57.881+0000] {processor.py:925} INFO - DAG(s) 'dss150p_sales_pipeline' retrieved from /opt/airflow/dags/dss150p_pipeline.py
[2026-09-23T14:04:58.010+0000] {logging_mixin.py:190} INFO - [2026-09-23T14:04:58.010+0000] {dag.py:3239} INFO - Sync 1 DAGs
[2026-09-23T14:04:58.062+0000] {logging_mixin.py:190} INFO - [2026-09-23T14:04:58.062+0000] {dag.py:4180} INFO - Setting next_dagrun for dss150p_sales_pipeline to 2026-09-22 02:00:00+00:00, run_after=2026-09-23 02:00:00+00:00
[2026-09-23T14:04:58.110+0000] {processor.py:208} INFO - Processing /opt/airflow/dags/dss150p_pipeline.py took 0.307 seconds
[2026-09-23T14:05:28.334+0000] {processor.py:186} INFO - Started process (PID=556) to work on /opt/airflow/dags/dss150p_pipeline.py
[2026-09-23T14:05:28.336+0000] {processor.py:914} INFO - Processing file /opt/airflow/dags/dss150p_pipeline.py for tasks to queue
[2026-09-23T14:05:28.340+0000] {logging_mixin.py:190} INFO - [2026-09-23T14:05:28.339+0000] {dagbag.py:588} INFO - Filling up the DagBag from /opt/airflow/dags/dss150p_pipeline.py
[2026-09-23T14:05:28.387+0000] {processor.py:925} INFO - DAG(s) 'dss150p_sales_pipeline' retrieved from /opt/airflow/dags/dss150p_pipeline.py
[2026-09-23T14:05:28.501+0000] {logging_mixin.py:190} INFO - [2026-09-23T14:05:28.501+0000] {dag.py:3239} INFO - Sync 1 DAGs
[2026-09-23T14:05:28.549+0000] {logging_mixin.py:190} INFO - [2026-09-23T14:05:28.549+0000] {dag.py:4180} INFO - Setting next_dagrun for dss150p_sales_pipeline to 2026-09-22 02:00:00+00:00, run_after=2026-09-23 02:00:00+00:00
[2026-09-23T14:05:28.590+0000] {processor.py:208} INFO - Processing /opt/airflow/dags/dss150p_pipeline.py took 0.270 seconds
[2026-09-23T14:05:58.834+0000] {processor.py:186} INFO - Started process (PID=561) to work on /opt/airflow/dags/dss150p_pipeline.py
[2026-09-23T14:05:58.836+0000] {processor.py:914} INFO - Processing file /opt/airflow/dags/dss150p_pipeline.py for tasks to queue
[2026-09-23T14:05:58.840+0000] {logging_mixin.py:190} INFO - [2026-09-23T14:05:58.839+0000] {dagbag.py:588} INFO - Filling up the DagBag from /opt/airflow/dags/dss150p_pipeline.py
[2026-09-23T14:05:58.885+0000] {processor.py:925} INFO - DAG(s) 'dss150p_sales_pipeline' retrieved from /opt/airflow/dags/dss150p_pipeline.py
[2026-09-23T14:05:58.977+0000] {logging_mixin.py:190} INFO - [2026-09-23T14:05:58.976+0000] {dag.py:3239} INFO - Sync 1 DAGs
[2026-09-23T14:05:59.019+0000] {logging_mixin.py:190} INFO - [2026-09-23T14:05:59.018+0000] {dag.py:4180} INFO - Setting next_dagrun for dss150p_sales_pipeline to 2026-09-22 02:00:00+00:00, run_after=2026-09-23 02:00:00+00:00
[2026-09-23T14:05:59.057+0000] {processor.py:208} INFO - Processing /opt/airflow/dags/dss150p_pipeline.py took 0.236 seconds
[2026-09-23T14:06:13.447+0000] {processor.py:186} INFO - Started process (PID=566) to work on /opt/airflow/dags/dss150p_pipeline.py
[2026-09-23T14:06:13.450+0000] {processor.py:914} INFO - Processing file /opt/airflow/dags/dss150p_pipeline.py for tasks to queue
[2026-09-23T14:06:13.454+0000] {logging_mixin.py:190} INFO - [2026-09-23T14:06:13.453+0000] {dagbag.py:588} INFO - Filling up the DagBag from /opt/airflow/dags/dss150p_pipeline.py
[2026-09-23T14:06:13.523+0000] {processor.py:925} INFO - DAG(s) 'dss150p_sales_pipeline' retrieved from /opt/airflow/dags/dss150p_pipeline.py
[2026-09-23T14:06:13.623+0000] {logging_mixin.py:190} INFO - [2026-09-23T14:06:13.622+0000] {dag.py:3239} INFO - Sync 1 DAGs
[2026-09-23T14:06:13.685+0000] {logging_mixin.py:190} INFO - [2026-09-23T14:06:13.684+0000] {dag.py:4180} INFO - Setting next_dagrun for dss150p_sales_pipeline to 2026-09-22 02:00:00+00:00, run_after=2026-09-23 02:00:00+00:00
[2026-09-23T14:06:13.728+0000] {processor.py:208} INFO - Processing /opt/airflow/dags/dss150p_pipeline.py took 0.301 seconds
[2026-09-23T14:06:44.075+0000] {processor.py:186} INFO - Started process (PID=571) to work on /opt/airflow/dags/dss150p_pipeline.py
[2026-09-23T14:06:44.078+0000] {processor.py:914} INFO - Processing file /opt/airflow/dags/dss150p_pipeline.py for tasks to queue
[2026-09-23T14:06:44.081+0000] {logging_mixin.py:190} INFO - [2026-09-23T14:06:44.081+0000] {dagbag.py:588} INFO - Filling up the DagBag from /opt/airflow/dags/dss150p_pipeline.py
[2026-09-23T14:06:44.129+0000] {processor.py:925} INFO - DAG(s) 'dss150p_sales_pipeline' retrieved from /opt/airflow/dags/dss150p_pipeline.py
[2026-09-23T14:06:44.303+0000] {logging_mixin.py:190} INFO - [2026-09-23T14:06:44.302+0000] {dag.py:3239} INFO - Sync 1 DAGs
[2026-09-23T14:06:44.373+0000] {logging_mixin.py:190} INFO - [2026-09-23T14:06:44.373+0000] {dag.py:4180} INFO - Setting next_dagrun for dss150p_sales_pipeline to 2026-09-22 02:00:00+00:00, run_after=2026-09-23 02:00:00+00:00
[2026-09-23T14:06:44.419+0000] {processor.py:208} INFO - Processing /opt/airflow/dags/dss150p_pipeline.py took 0.356 seconds
[2026-09-23T14:07:14.781+0000] {processor.py:186} INFO - Started process (PID=576) to work on /opt/airflow/dags/dss150p_pipeline.py
[2026-09-23T14:07:14.786+0000] {processor.py:914} INFO - Processing file /opt/airflow/dags/dss150p_pipeline.py for tasks to queue
[2026-09-23T14:07:14.795+0000] {logging_mixin.py:190} INFO - [2026-09-23T14:07:14.793+0000] {dagbag.py:588} INFO - Filling up the DagBag from /opt/airflow/dags/dss150p_pipeline.py
[2026-09-23T14:07:14.876+0000] {processor.py:925} INFO - DAG(s) 'dss150p_sales_pipeline' retrieved from /opt/airflow/dags/dss150p_pipeline.py
[2026-09-23T14:07:14.970+0000] {logging_mixin.py:190} INFO - [2026-09-23T14:07:14.969+0000] {dag.py:3239} INFO - Sync 1 DAGs
[2026-09-23T14:07:15.012+0000] {logging_mixin.py:190} INFO - [2026-09-23T14:07:15.012+0000] {dag.py:4180} INFO - Setting next_dagrun for dss150p_sales_pipeline to 2026-09-22 02:00:00+00:00, run_after=2026-09-23 02:00:00+00:00
[2026-09-23T14:07:15.050+0000] {processor.py:208} INFO - Processing /opt/airflow/dags/dss150p_pipeline.py took 0.280 seconds
[2026-09-23T14:07:45.449+0000] {processor.py:186} INFO - Started process (PID=581) to work on /opt/airflow/dags/dss150p_pipeline.py
[2026-09-23T14:07:45.452+0000] {processor.py:914} INFO - Processing file /opt/airflow/dags/dss150p_pipeline.py for tasks to queue
[2026-09-23T14:07:45.456+0000] {logging_mixin.py:190} INFO - [2026-09-23T14:07:45.455+0000] {dagbag.py:588} INFO - Filling up the DagBag from /opt/airflow/dags/dss150p_pipeline.py
[2026-09-23T14:07:45.501+0000] {processor.py:925} INFO - DAG(s) 'dss150p_sales_pipeline' retrieved from /opt/airflow/dags/dss150p_pipeline.py
[2026-09-23T14:07:45.593+0000] {logging_mixin.py:190} INFO - [2026-09-23T14:07:45.593+0000] {dag.py:3239} INFO - Sync 1 DAGs
[2026-09-23T14:07:45.633+0000] {logging_mixin.py:190} INFO - [2026-09-23T14:07:45.633+0000] {dag.py:4180} INFO - Setting next_dagrun for dss150p_sales_pipeline to 2026-09-22 02:00:00+00:00, run_after=2026-09-23 02:00:00+00:00
[2026-09-23T14:07:45.670+0000] {processor.py:208} INFO - Processing /opt/airflow/dags/dss150p_pipeline.py took 0.236 seconds
[2026-09-23T14:08:15.763+0000] {processor.py:186} INFO - Started process (PID=586) to work on /opt/airflow/dags/dss150p_pipeline.py
[2026-09-23T14:08:15.766+0000] {processor.py:914} INFO - Processing file /opt/airflow/dags/dss150p_pipeline.py for tasks to queue
[2026-09-23T14:08:15.769+0000] {logging_mixin.py:190} INFO - [2026-09-23T14:08:15.769+0000] {dagbag.py:588} INFO - Filling up the DagBag from /opt/airflow/dags/dss150p_pipeline.py
[2026-09-23T14:08:15.823+0000] {processor.py:925} INFO - DAG(s) 'dss150p_sales_pipeline' retrieved from /opt/airflow/dags/dss150p_pipeline.py
[2026-09-23T14:08:15.929+0000] {logging_mixin.py:190} INFO - [2026-09-23T14:08:15.928+0000] {dag.py:3239} INFO - Sync 1 DAGs
[2026-09-23T14:08:15.974+0000] {logging_mixin.py:190} INFO - [2026-09-23T14:08:15.974+0000] {dag.py:4180} INFO - Setting next_dagrun for dss150p_sales_pipeline to 2026-09-22 02:00:00+00:00, run_after=2026-09-23 02:00:00+00:00
[2026-09-23T14:08:16.018+0000] {processor.py:208} INFO - Processing /opt/airflow/dags/dss150p_pipeline.py took 0.266 seconds
[2026-09-23T14:08:46.495+0000] {processor.py:186} INFO - Started process (PID=599) to work on /opt/airflow/dags/dss150p_pipeline.py
[2026-09-23T14:08:46.499+0000] {processor.py:914} INFO - Processing file /opt/airflow/dags/dss150p_pipeline.py for tasks to queue
[2026-09-23T14:08:46.503+0000] {logging_mixin.py:190} INFO - [2026-09-23T14:08:46.502+0000] {dagbag.py:588} INFO - Filling up the DagBag from /opt/airflow/dags/dss150p_pipeline.py
[2026-09-23T14:08:46.571+0000] {processor.py:925} INFO - DAG(s) 'dss150p_sales_pipeline' retrieved from /opt/airflow/dags/dss150p_pipeline.py
[2026-09-23T14:08:46.697+0000] {logging_mixin.py:190} INFO - [2026-09-23T14:08:46.697+0000] {dag.py:3239} INFO - Sync 1 DAGs
[2026-09-23T14:08:46.780+0000] {logging_mixin.py:190} INFO - [2026-09-23T14:08:46.779+0000] {dag.py:4180} INFO - Setting next_dagrun for dss150p_sales_pipeline to 2026-09-22 02:00:00+00:00, run_after=2026-09-23 02:00:00+00:00
[2026-09-23T14:08:46.831+0000] {processor.py:208} INFO - Processing /opt/airflow/dags/dss150p_pipeline.py took 0.352 seconds
[2026-09-23T14:09:17.302+0000] {processor.py:186} INFO - Started process (PID=611) to work on /opt/airflow/dags/dss150p_pipeline.py
[2026-09-23T14:09:17.305+0000] {processor.py:914} INFO - Processing file /opt/airflow/dags/dss150p_pipeline.py for tasks to queue
[2026-09-23T14:09:17.310+0000] {logging_mixin.py:190} INFO - [2026-09-23T14:09:17.309+0000] {dagbag.py:588} INFO - Filling up the DagBag from /opt/airflow/dags/dss150p_pipeline.py
[2026-09-23T14:09:17.372+0000] {processor.py:925} INFO - DAG(s) 'dss150p_sales_pipeline' retrieved from /opt/airflow/dags/dss150p_pipeline.py
[2026-09-23T14:09:17.485+0000] {logging_mixin.py:190} INFO - [2026-09-23T14:09:17.484+0000] {dag.py:3239} INFO - Sync 1 DAGs
[2026-09-23T14:09:17.544+0000] {logging_mixin.py:190} INFO - [2026-09-23T14:09:17.544+0000] {dag.py:4180} INFO - Setting next_dagrun for dss150p_sales_pipeline to 2026-09-22 02:00:00+00:00, run_after=2026-09-23 02:00:00+00:00
[2026-09-23T14:09:17.591+0000] {processor.py:208} INFO - Processing /opt/airflow/dags/dss150p_pipeline.py took 0.310 seconds
[2026-09-23T14:09:47.741+0000] {processor.py:186} INFO - Started process (PID=667) to work on /opt/airflow/dags/dss150p_pipeline.py
[2026-09-23T14:09:47.744+0000] {processor.py:914} INFO - Processing file /opt/airflow/dags/dss150p_pipeline.py for tasks to queue
[2026-09-23T14:09:47.748+0000] {logging_mixin.py:190} INFO - [2026-09-23T14:09:47.747+0000] {dagbag.py:588} INFO - Filling up the DagBag from /opt/airflow/dags/dss150p_pipeline.py
[2026-09-23T14:09:47.822+0000] {processor.py:925} INFO - DAG(s) 'dss150p_sales_pipeline' retrieved from /opt/airflow/dags/dss150p_pipeline.py
[2026-09-23T14:09:47.943+0000] {logging_mixin.py:190} INFO - [2026-09-23T14:09:47.942+0000] {dag.py:3239} INFO - Sync 1 DAGs
[2026-09-23T14:09:47.992+0000] {logging_mixin.py:190} INFO - [2026-09-23T14:09:47.991+0000] {dag.py:4180} INFO - Setting next_dagrun for dss150p_sales_pipeline to 2026-09-22 02:00:00+00:00, run_after=2026-09-23 02:00:00+00:00
[2026-09-23T14:09:48.035+0000] {processor.py:208} INFO - Processing /opt/airflow/dags/dss150p_pipeline.py took 0.309 seconds
[2026-09-23T14:10:18.437+0000] {processor.py:186} INFO - Started process (PID=672) to work on /opt/airflow/dags/dss150p_pipeline.py
[2026-09-23T14:10:18.440+0000] {processor.py:914} INFO - Processing file /opt/airflow/dags/dss150p_pipeline.py for tasks to queue
[2026-09-23T14:10:18.444+0000] {logging_mixin.py:190} INFO - [2026-09-23T14:10:18.443+0000] {dagbag.py:588} INFO - Filling up the DagBag from /opt/airflow/dags/dss150p_pipeline.py
[2026-09-23T14:10:18.486+0000] {processor.py:925} INFO - DAG(s) 'dss150p_sales_pipeline' retrieved from /opt/airflow/dags/dss150p_pipeline.py
[2026-09-23T14:10:18.591+0000] {logging_mixin.py:190} INFO - [2026-09-23T14:10:18.591+0000] {dag.py:3239} INFO - Sync 1 DAGs
[2026-09-23T14:10:18.643+0000] {logging_mixin.py:190} INFO - [2026-09-23T14:10:18.643+0000] {dag.py:4180} INFO - Setting next_dagrun for dss150p_sales_pipeline to 2026-09-22 02:00:00+00:00, run_after=2026-09-23 02:00:00+00:00
[2026-09-23T14:10:18.677+0000] {processor.py:208} INFO - Processing /opt/airflow/dags/dss150p_pipeline.py took 0.254 seconds
[2026-09-23T14:10:31.988+0000] {processor.py:186} INFO - Started process (PID=677) to work on /opt/airflow/dags/dss150p_pipeline.py
[2026-09-23T14:10:32.004+0000] {processor.py:914} INFO - Processing file /opt/airflow/dags/dss150p_pipeline.py for tasks to queue
[2026-09-23T14:10:32.012+0000] {logging_mixin.py:190} INFO - [2026-09-23T14:10:32.011+0000] {dagbag.py:588} INFO - Filling up the DagBag from /opt/airflow/dags/dss150p_pipeline.py
[2026-09-23T14:10:32.201+0000] {processor.py:925} INFO - DAG(s) 'dss150p_sales_pipeline' retrieved from /opt/airflow/dags/dss150p_pipeline.py
[2026-09-23T14:10:35.184+0000] {logging_mixin.py:190} INFO - [2026-09-23T14:10:35.183+0000] {dag.py:3239} INFO - Sync 1 DAGs
[2026-09-23T14:10:35.253+0000] {logging_mixin.py:190} INFO - [2026-09-23T14:10:35.252+0000] {dag.py:4180} INFO - Setting next_dagrun for dss150p_sales_pipeline to 2026-09-22 02:00:00+00:00, run_after=2026-09-23 02:00:00+00:00
[2026-09-23T14:10:35.327+0000] {processor.py:208} INFO - Processing /opt/airflow/dags/dss150p_pipeline.py took 3.357 seconds
[2026-09-23T14:11:05.716+0000] {processor.py:186} INFO - Started process (PID=683) to work on /opt/airflow/dags/dss150p_pipeline.py
[2026-09-23T14:11:05.723+0000] {processor.py:914} INFO - Processing file /opt/airflow/dags/dss150p_pipeline.py for tasks to queue
[2026-09-23T14:11:05.729+0000] {logging_mixin.py:190} INFO - [2026-09-23T14:11:05.728+0000] {dagbag.py:588} INFO - Filling up the DagBag from /opt/airflow/dags/dss150p_pipeline.py
[2026-09-23T14:11:05.812+0000] {processor.py:925} INFO - DAG(s) 'dss150p_sales_pipeline' retrieved from /opt/airflow/dags/dss150p_pipeline.py
[2026-09-23T14:11:05.925+0000] {logging_mixin.py:190} INFO - [2026-09-23T14:11:05.925+0000] {dag.py:3239} INFO - Sync 1 DAGs
[2026-09-23T14:11:05.979+0000] {logging_mixin.py:190} INFO - [2026-09-23T14:11:05.979+0000] {dag.py:4180} INFO - Setting next_dagrun for dss150p_sales_pipeline to 2026-09-22 02:00:00+00:00, run_after=2026-09-23 02:00:00+00:00
[2026-09-23T14:11:06.022+0000] {processor.py:208} INFO - Processing /opt/airflow/dags/dss150p_pipeline.py took 0.349 seconds
[2026-09-23T14:11:36.156+0000] {processor.py:186} INFO - Started process (PID=688) to work on /opt/airflow/dags/dss150p_pipeline.py
[2026-09-23T14:11:36.159+0000] {processor.py:914} INFO - Processing file /opt/airflow/dags/dss150p_pipeline.py for tasks to queue
[2026-09-23T14:11:36.163+0000] {logging_mixin.py:190} INFO - [2026-09-23T14:11:36.162+0000] {dagbag.py:588} INFO - Filling up the DagBag from /opt/airflow/dags/dss150p_pipeline.py
[2026-09-23T14:11:36.226+0000] {processor.py:925} INFO - DAG(s) 'dss150p_sales_pipeline' retrieved from /opt/airflow/dags/dss150p_pipeline.py
[2026-09-23T14:11:36.331+0000] {logging_mixin.py:190} INFO - [2026-09-23T14:11:36.330+0000] {dag.py:3239} INFO - Sync 1 DAGs
[2026-09-23T14:11:36.380+0000] {logging_mixin.py:190} INFO - [2026-09-23T14:11:36.379+0000] {dag.py:4180} INFO - Setting next_dagrun for dss150p_sales_pipeline to 2026-09-22 02:00:00+00:00, run_after=2026-09-23 02:00:00+00:00
[2026-09-23T14:11:36.417+0000] {processor.py:208} INFO - Processing /opt/airflow/dags/dss150p_pipeline.py took 0.276 seconds
[2026-09-23T14:12:06.765+0000] {processor.py:186} INFO - Started process (PID=694) to work on /opt/airflow/dags/dss150p_pipeline.py
[2026-09-23T14:12:06.768+0000] {processor.py:914} INFO - Processing file /opt/airflow/dags/dss150p_pipeline.py for tasks to queue
[2026-09-23T14:12:06.771+0000] {logging_mixin.py:190} INFO - [2026-09-23T14:12:06.771+0000] {dagbag.py:588} INFO - Filling up the DagBag from /opt/airflow/dags/dss150p_pipeline.py
[2026-09-23T14:12:06.837+0000] {processor.py:925} INFO - DAG(s) 'dss150p_sales_pipeline' retrieved from /opt/airflow/dags/dss150p_pipeline.py
[2026-09-23T14:12:06.951+0000] {logging_mixin.py:190} INFO - [2026-09-23T14:12:06.951+0000] {dag.py:3239} INFO - Sync 1 DAGs
[2026-09-23T14:12:07.012+0000] {logging_mixin.py:190} INFO - [2026-09-23T14:12:07.011+0000] {dag.py:4180} INFO - Setting next_dagrun for dss150p_sales_pipeline to 2026-09-22 02:00:00+00:00, run_after=2026-09-23 02:00:00+00:00
[2026-09-23T14:12:07.055+0000] {processor.py:208} INFO - Processing /opt/airflow/dags/dss150p_pipeline.py took 0.304 seconds
[2026-09-23T14:12:37.471+0000] {processor.py:186} INFO - Started process (PID=699) to work on /opt/airflow/dags/dss150p_pipeline.py
[2026-09-23T14:12:37.476+0000] {processor.py:914} INFO - Processing file /opt/airflow/dags/dss150p_pipeline.py for tasks to queue
[2026-09-23T14:12:37.480+0000] {logging_mixin.py:190} INFO - [2026-09-23T14:12:37.479+0000] {dagbag.py:588} INFO - Filling up the DagBag from /opt/airflow/dags/dss150p_pipeline.py
[2026-09-23T14:12:37.543+0000] {processor.py:925} INFO - DAG(s) 'dss150p_sales_pipeline' retrieved from /opt/airflow/dags/dss150p_pipeline.py
[2026-09-23T14:12:37.668+0000] {logging_mixin.py:190} INFO - [2026-09-23T14:12:37.668+0000] {dag.py:3239} INFO - Sync 1 DAGs
[2026-09-23T14:12:37.726+0000] {logging_mixin.py:190} INFO - [2026-09-23T14:12:37.725+0000] {dag.py:4180} INFO - Setting next_dagrun for dss150p_sales_pipeline to 2026-09-22 02:00:00+00:00, run_after=2026-09-23 02:00:00+00:00
[2026-09-23T14:12:37.768+0000] {processor.py:208} INFO - Processing /opt/airflow/dags/dss150p_pipeline.py took 0.315 seconds
[2026-09-23T14:13:08.147+0000] {processor.py:186} INFO - Started process (PID=722) to work on /opt/airflow/dags/dss150p_pipeline.py
[2026-09-23T14:13:08.151+0000] {processor.py:914} INFO - Processing file /opt/airflow/dags/dss150p_pipeline.py for tasks to queue
[2026-09-23T14:13:08.154+0000] {logging_mixin.py:190} INFO - [2026-09-23T14:13:08.154+0000] {dagbag.py:588} INFO - Filling up the DagBag from /opt/airflow/dags/dss150p_pipeline.py
[2026-09-23T14:13:08.248+0000] {processor.py:925} INFO - DAG(s) 'dss150p_sales_pipeline' retrieved from /opt/airflow/dags/dss150p_pipeline.py
[2026-09-23T14:13:08.545+0000] {logging_mixin.py:190} INFO - [2026-09-23T14:13:08.545+0000] {dag.py:3239} INFO - Sync 1 DAGs
[2026-09-23T14:13:08.599+0000] {logging_mixin.py:190} INFO - [2026-09-23T14:13:08.598+0000] {dag.py:4180} INFO - Setting next_dagrun for dss150p_sales_pipeline to 2026-09-22 02:00:00+00:00, run_after=2026-09-23 02:00:00+00:00
[2026-09-23T14:13:08.641+0000] {processor.py:208} INFO - Processing /opt/airflow/dags/dss150p_pipeline.py took 0.506 seconds
[2026-09-23T14:13:39.033+0000] {processor.py:186} INFO - Started process (PID=728) to work on /opt/airflow/dags/dss150p_pipeline.py
[2026-09-23T14:13:39.036+0000] {processor.py:914} INFO - Processing file /opt/airflow/dags/dss150p_pipeline.py for tasks to queue
[2026-09-23T14:13:39.041+0000] {logging_mixin.py:190} INFO - [2026-09-23T14:13:39.040+0000] {dagbag.py:588} INFO - Filling up the DagBag from /opt/airflow/dags/dss150p_pipeline.py
[2026-09-23T14:13:39.095+0000] {processor.py:925} INFO - DAG(s) 'dss150p_sales_pipeline' retrieved from /opt/airflow/dags/dss150p_pipeline.py
[2026-09-23T14:13:39.225+0000] {logging_mixin.py:190} INFO - [2026-09-23T14:13:39.225+0000] {dag.py:3239} INFO - Sync 1 DAGs
[2026-09-23T14:13:39.296+0000] {logging_mixin.py:190} INFO - [2026-09-23T14:13:39.295+0000] {dag.py:4180} INFO - Setting next_dagrun for dss150p_sales_pipeline to 2026-09-22 02:00:00+00:00, run_after=2026-09-23 02:00:00+00:00
[2026-09-23T14:13:39.335+0000] {processor.py:208} INFO - Processing /opt/airflow/dags/dss150p_pipeline.py took 0.321 seconds
[2026-09-23T14:14:09.841+0000] {processor.py:186} INFO - Started process (PID=733) to work on /opt/airflow/dags/dss150p_pipeline.py
[2026-09-23T14:14:09.851+0000] {processor.py:914} INFO - Processing file /opt/airflow/dags/dss150p_pipeline.py for tasks to queue
[2026-09-23T14:14:09.860+0000] {logging_mixin.py:190} INFO - [2026-09-23T14:14:09.858+0000] {dagbag.py:588} INFO - Filling up the DagBag from /opt/airflow/dags/dss150p_pipeline.py
[2026-09-23T14:14:09.919+0000] {processor.py:925} INFO - DAG(s) 'dss150p_sales_pipeline' retrieved from /opt/airflow/dags/dss150p_pipeline.py
[2026-09-23T14:14:10.017+0000] {logging_mixin.py:190} INFO - [2026-09-23T14:14:10.016+0000] {dag.py:3239} INFO - Sync 1 DAGs
[2026-09-23T14:14:10.057+0000] {logging_mixin.py:190} INFO - [2026-09-23T14:14:10.057+0000] {dag.py:4180} INFO - Setting next_dagrun for dss150p_sales_pipeline to 2026-09-22 02:00:00+00:00, run_after=2026-09-23 02:00:00+00:00
[2026-09-23T14:14:10.093+0000] {processor.py:208} INFO - Processing /opt/airflow/dags/dss150p_pipeline.py took 0.317 seconds
[2026-09-23T14:14:40.482+0000] {processor.py:186} INFO - Started process (PID=738) to work on /opt/airflow/dags/dss150p_pipeline.py
[2026-09-23T14:14:40.485+0000] {processor.py:914} INFO - Processing file /opt/airflow/dags/dss150p_pipeline.py for tasks to queue
[2026-09-23T14:14:40.489+0000] {logging_mixin.py:190} INFO - [2026-09-23T14:14:40.488+0000] {dagbag.py:588} INFO - Filling up the DagBag from /opt/airflow/dags/dss150p_pipeline.py
[2026-09-23T14:14:40.532+0000] {processor.py:925} INFO - DAG(s) 'dss150p_sales_pipeline' retrieved from /opt/airflow/dags/dss150p_pipeline.py
[2026-09-23T14:14:40.628+0000] {logging_mixin.py:190} INFO - [2026-09-23T14:14:40.628+0000] {dag.py:3239} INFO - Sync 1 DAGs
[2026-09-23T14:14:40.678+0000] {logging_mixin.py:190} INFO - [2026-09-23T14:14:40.677+0000] {dag.py:4180} INFO - Setting next_dagrun for dss150p_sales_pipeline to 2026-09-22 02:00:00+00:00, run_after=2026-09-23 02:00:00+00:00
[2026-09-23T14:14:40.713+0000] {processor.py:208} INFO - Processing /opt/airflow/dags/dss150p_pipeline.py took 0.242 seconds
[2026-09-23T14:15:11.091+0000] {processor.py:186} INFO - Started process (PID=743) to work on /opt/airflow/dags/dss150p_pipeline.py
[2026-09-23T14:15:11.093+0000] {processor.py:914} INFO - Processing file /opt/airflow/dags/dss150p_pipeline.py for tasks to queue
[2026-09-23T14:15:11.098+0000] {logging_mixin.py:190} INFO - [2026-09-23T14:15:11.097+0000] {dagbag.py:588} INFO - Filling up the DagBag from /opt/airflow/dags/dss150p_pipeline.py
[2026-09-23T14:15:11.141+0000] {processor.py:925} INFO - DAG(s) 'dss150p_sales_pipeline' retrieved from /opt/airflow/dags/dss150p_pipeline.py
[2026-09-23T14:15:11.409+0000] {logging_mixin.py:190} INFO - [2026-09-23T14:15:11.409+0000] {dag.py:3239} INFO - Sync 1 DAGs
[2026-09-23T14:15:11.467+0000] {logging_mixin.py:190} INFO - [2026-09-23T14:15:11.467+0000] {dag.py:4180} INFO - Setting next_dagrun for dss150p_sales_pipeline to 2026-09-22 02:00:00+00:00, run_after=2026-09-23 02:00:00+00:00
[2026-09-23T14:15:11.527+0000] {processor.py:208} INFO - Processing /opt/airflow/dags/dss150p_pipeline.py took 0.449 seconds
[2026-09-23T14:15:42.019+0000] {processor.py:186} INFO - Started process (PID=748) to work on /opt/airflow/dags/dss150p_pipeline.py
[2026-09-23T14:15:42.022+0000] {processor.py:914} INFO - Processing file /opt/airflow/dags/dss150p_pipeline.py for tasks to queue
[2026-09-23T14:15:42.028+0000] {logging_mixin.py:190} INFO - [2026-09-23T14:15:42.026+0000] {dagbag.py:588} INFO - Filling up the DagBag from /opt/airflow/dags/dss150p_pipeline.py
[2026-09-23T14:15:42.098+0000] {processor.py:925} INFO - DAG(s) 'dss150p_sales_pipeline' retrieved from /opt/airflow/dags/dss150p_pipeline.py
[2026-09-23T14:15:42.258+0000] {logging_mixin.py:190} INFO - [2026-09-23T14:15:42.257+0000] {dag.py:3239} INFO - Sync 1 DAGs
[2026-09-23T14:15:42.415+0000] {logging_mixin.py:190} INFO - [2026-09-23T14:15:42.411+0000] {dag.py:4180} INFO - Setting next_dagrun for dss150p_sales_pipeline to 2026-09-22 02:00:00+00:00, run_after=2026-09-23 02:00:00+00:00
[2026-09-23T14:15:42.528+0000] {processor.py:208} INFO - Processing /opt/airflow/dags/dss150p_pipeline.py took 0.532 seconds
[2026-09-23T14:16:12.850+0000] {processor.py:186} INFO - Started process (PID=767) to work on /opt/airflow/dags/dss150p_pipeline.py
[2026-09-23T14:16:12.853+0000] {processor.py:914} INFO - Processing file /opt/airflow/dags/dss150p_pipeline.py for tasks to queue
[2026-09-23T14:16:12.857+0000] {logging_mixin.py:190} INFO - [2026-09-23T14:16:12.856+0000] {dagbag.py:588} INFO - Filling up the DagBag from /opt/airflow/dags/dss150p_pipeline.py
[2026-09-23T14:16:12.912+0000] {processor.py:925} INFO - DAG(s) 'dss150p_sales_pipeline' retrieved from /opt/airflow/dags/dss150p_pipeline.py
[2026-09-23T14:16:13.011+0000] {logging_mixin.py:190} INFO - [2026-09-23T14:16:13.011+0000] {dag.py:3239} INFO - Sync 1 DAGs
[2026-09-23T14:16:13.060+0000] {logging_mixin.py:190} INFO - [2026-09-23T14:16:13.059+0000] {dag.py:4180} INFO - Setting next_dagrun for dss150p_sales_pipeline to 2026-09-22 02:00:00+00:00, run_after=2026-09-23 02:00:00+00:00
[2026-09-23T14:16:13.098+0000] {processor.py:208} INFO - Processing /opt/airflow/dags/dss150p_pipeline.py took 0.266 seconds
[2026-09-23T14:16:43.273+0000] {processor.py:186} INFO - Started process (PID=772) to work on /opt/airflow/dags/dss150p_pipeline.py
[2026-09-23T14:16:43.276+0000] {processor.py:914} INFO - Processing file /opt/airflow/dags/dss150p_pipeline.py for tasks to queue
[2026-09-23T14:16:43.280+0000] {logging_mixin.py:190} INFO - [2026-09-23T14:16:43.279+0000] {dagbag.py:588} INFO - Filling up the DagBag from /opt/airflow/dags/dss150p_pipeline.py
[2026-09-23T14:16:43.341+0000] {processor.py:925} INFO - DAG(s) 'dss150p_sales_pipeline' retrieved from /opt/airflow/dags/dss150p_pipeline.py
[2026-09-23T14:16:43.479+0000] {logging_mixin.py:190} INFO - [2026-09-23T14:16:43.477+0000] {dag.py:3239} INFO - Sync 1 DAGs
[2026-09-23T14:16:43.577+0000] {logging_mixin.py:190} INFO - [2026-09-23T14:16:43.576+0000] {dag.py:4180} INFO - Setting next_dagrun for dss150p_sales_pipeline to 2026-09-22 02:00:00+00:00, run_after=2026-09-23 02:00:00+00:00
[2026-09-23T14:16:43.656+0000] {processor.py:208} INFO - Processing /opt/airflow/dags/dss150p_pipeline.py took 0.398 seconds
[2026-09-23T14:17:13.811+0000] {processor.py:186} INFO - Started process (PID=777) to work on /opt/airflow/dags/dss150p_pipeline.py
[2026-09-23T14:17:13.814+0000] {processor.py:914} INFO - Processing file /opt/airflow/dags/dss150p_pipeline.py for tasks to queue
[2026-09-23T14:17:13.817+0000] {logging_mixin.py:190} INFO - [2026-09-23T14:17:13.816+0000] {dagbag.py:588} INFO - Filling up the DagBag from /opt/airflow/dags/dss150p_pipeline.py
[2026-09-23T14:17:13.866+0000] {processor.py:925} INFO - DAG(s) 'dss150p_sales_pipeline' retrieved from /opt/airflow/dags/dss150p_pipeline.py
[2026-09-23T14:17:13.968+0000] {logging_mixin.py:190} INFO - [2026-09-23T14:17:13.968+0000] {dag.py:3239} INFO - Sync 1 DAGs
[2026-09-23T14:17:14.020+0000] {logging_mixin.py:190} INFO - [2026-09-23T14:17:14.020+0000] {dag.py:4180} INFO - Setting next_dagrun for dss150p_sales_pipeline to 2026-09-22 02:00:00+00:00, run_after=2026-09-23 02:00:00+00:00
[2026-09-23T14:17:14.058+0000] {processor.py:208} INFO - Processing /opt/airflow/dags/dss150p_pipeline.py took 0.262 seconds
[2026-09-23T14:17:39.368+0000] {processor.py:186} INFO - Started process (PID=782) to work on /opt/airflow/dags/dss150p_pipeline.py
[2026-09-23T14:17:39.371+0000] {processor.py:914} INFO - Processing file /opt/airflow/dags/dss150p_pipeline.py for tasks to queue
[2026-09-23T14:17:39.376+0000] {logging_mixin.py:190} INFO - [2026-09-23T14:17:39.375+0000] {dagbag.py:588} INFO - Filling up the DagBag from /opt/airflow/dags/dss150p_pipeline.py
[2026-09-23T14:17:39.443+0000] {processor.py:925} INFO - DAG(s) 'dss150p_sales_pipeline' retrieved from /opt/airflow/dags/dss150p_pipeline.py
[2026-09-23T14:17:39.928+0000] {logging_mixin.py:190} INFO - [2026-09-23T14:17:39.927+0000] {dag.py:3239} INFO - Sync 1 DAGs
[2026-09-23T14:17:39.980+0000] {logging_mixin.py:190} INFO - [2026-09-23T14:17:39.980+0000] {dag.py:4180} INFO - Setting next_dagrun for dss150p_sales_pipeline to 2026-09-22 02:00:00+00:00, run_after=2026-09-23 02:00:00+00:00
[2026-09-23T14:17:40.037+0000] {processor.py:208} INFO - Processing /opt/airflow/dags/dss150p_pipeline.py took 0.680 seconds
[2026-09-23T14:18:10.509+0000] {processor.py:186} INFO - Started process (PID=787) to work on /opt/airflow/dags/dss150p_pipeline.py
[2026-09-23T14:18:10.512+0000] {processor.py:914} INFO - Processing file /opt/airflow/dags/dss150p_pipeline.py for tasks to queue
[2026-09-23T14:18:10.516+0000] {logging_mixin.py:190} INFO - [2026-09-23T14:18:10.515+0000] {dagbag.py:588} INFO - Filling up the DagBag from /opt/airflow/dags/dss150p_pipeline.py
[2026-09-23T14:18:10.573+0000] {processor.py:925} INFO - DAG(s) 'dss150p_sales_pipeline' retrieved from /opt/airflow/dags/dss150p_pipeline.py
[2026-09-23T14:18:10.684+0000] {logging_mixin.py:190} INFO - [2026-09-23T14:18:10.683+0000] {dag.py:3239} INFO - Sync 1 DAGs
[2026-09-23T14:18:10.737+0000] {logging_mixin.py:190} INFO - [2026-09-23T14:18:10.737+0000] {dag.py:4180} INFO - Setting next_dagrun for dss150p_sales_pipeline to 2026-09-22 02:00:00+00:00, run_after=2026-09-23 02:00:00+00:00
[2026-09-23T14:18:10.775+0000] {processor.py:208} INFO - Processing /opt/airflow/dags/dss150p_pipeline.py took 0.278 seconds
[2026-09-23T14:18:41.072+0000] {processor.py:186} INFO - Started process (PID=806) to work on /opt/airflow/dags/dss150p_pipeline.py
[2026-09-23T14:18:41.075+0000] {processor.py:914} INFO - Processing file /opt/airflow/dags/dss150p_pipeline.py for tasks to queue
[2026-09-23T14:18:41.081+0000] {logging_mixin.py:190} INFO - [2026-09-23T14:18:41.079+0000] {dagbag.py:588} INFO - Filling up the DagBag from /opt/airflow/dags/dss150p_pipeline.py
[2026-09-23T14:18:41.132+0000] {processor.py:925} INFO - DAG(s) 'dss150p_sales_pipeline' retrieved from /opt/airflow/dags/dss150p_pipeline.py
[2026-09-23T14:18:41.233+0000] {logging_mixin.py:190} INFO - [2026-09-23T14:18:41.232+0000] {dag.py:3239} INFO - Sync 1 DAGs
[2026-09-23T14:18:41.285+0000] {logging_mixin.py:190} INFO - [2026-09-23T14:18:41.284+0000] {dag.py:4180} INFO - Setting next_dagrun for dss150p_sales_pipeline to 2026-09-22 02:00:00+00:00, run_after=2026-09-23 02:00:00+00:00
[2026-09-23T14:18:41.332+0000] {processor.py:208} INFO - Processing /opt/airflow/dags/dss150p_pipeline.py took 0.276 seconds
[2026-09-23T14:19:11.554+0000] {processor.py:186} INFO - Started process (PID=878) to work on /opt/airflow/dags/dss150p_pipeline.py
[2026-09-23T14:19:11.557+0000] {processor.py:914} INFO - Processing file /opt/airflow/dags/dss150p_pipeline.py for tasks to queue
[2026-09-23T14:19:11.561+0000] {logging_mixin.py:190} INFO - [2026-09-23T14:19:11.560+0000] {dagbag.py:588} INFO - Filling up the DagBag from /opt/airflow/dags/dss150p_pipeline.py
[2026-09-23T14:19:11.669+0000] {processor.py:925} INFO - DAG(s) 'dss150p_sales_pipeline' retrieved from /opt/airflow/dags/dss150p_pipeline.py
[2026-09-23T14:19:11.796+0000] {logging_mixin.py:190} INFO - [2026-09-23T14:19:11.796+0000] {dag.py:3239} INFO - Sync 1 DAGs
[2026-09-23T14:19:11.859+0000] {logging_mixin.py:190} INFO - [2026-09-23T14:19:11.858+0000] {dag.py:4180} INFO - Setting next_dagrun for dss150p_sales_pipeline to 2026-09-22 02:00:00+00:00, run_after=2026-09-23 02:00:00+00:00
[2026-09-23T14:19:11.898+0000] {processor.py:208} INFO - Processing /opt/airflow/dags/dss150p_pipeline.py took 0.387 seconds
[2026-09-23T14:19:42.139+0000] {processor.py:186} INFO - Started process (PID=895) to work on /opt/airflow/dags/dss150p_pipeline.py
[2026-09-23T14:19:42.142+0000] {processor.py:914} INFO - Processing file /opt/airflow/dags/dss150p_pipeline.py for tasks to queue
[2026-09-23T14:19:42.145+0000] {logging_mixin.py:190} INFO - [2026-09-23T14:19:42.144+0000] {dagbag.py:588} INFO - Filling up the DagBag from /opt/airflow/dags/dss150p_pipeline.py
[2026-09-23T14:19:42.189+0000] {processor.py:925} INFO - DAG(s) 'dss150p_sales_pipeline' retrieved from /opt/airflow/dags/dss150p_pipeline.py
[2026-09-23T14:19:42.276+0000] {logging_mixin.py:190} INFO - [2026-09-23T14:19:42.276+0000] {dag.py:3239} INFO - Sync 1 DAGs
[2026-09-23T14:19:42.313+0000] {logging_mixin.py:190} INFO - [2026-09-23T14:19:42.313+0000] {dag.py:4180} INFO - Setting next_dagrun for dss150p_sales_pipeline to 2026-09-22 02:00:00+00:00, run_after=2026-09-23 02:00:00+00:00
[2026-09-23T14:19:42.343+0000] {processor.py:208} INFO - Processing /opt/airflow/dags/dss150p_pipeline.py took 0.214 seconds
[2026-09-23T14:20:12.586+0000] {processor.py:186} INFO - Started process (PID=900) to work on /opt/airflow/dags/dss150p_pipeline.py
[2026-09-23T14:20:12.591+0000] {processor.py:914} INFO - Processing file /opt/airflow/dags/dss150p_pipeline.py for tasks to queue
[2026-09-23T14:20:12.597+0000] {logging_mixin.py:190} INFO - [2026-09-23T14:20:12.596+0000] {dagbag.py:588} INFO - Filling up the DagBag from /opt/airflow/dags/dss150p_pipeline.py
[2026-09-23T14:20:12.687+0000] {processor.py:925} INFO - DAG(s) 'dss150p_sales_pipeline' retrieved from /opt/airflow/dags/dss150p_pipeline.py
[2026-09-23T14:20:12.777+0000] {logging_mixin.py:190} INFO - [2026-09-23T14:20:12.777+0000] {dag.py:3239} INFO - Sync 1 DAGs
[2026-09-23T14:20:12.816+0000] {logging_mixin.py:190} INFO - [2026-09-23T14:20:12.815+0000] {dag.py:4180} INFO - Setting next_dagrun for dss150p_sales_pipeline to 2026-09-22 02:00:00+00:00, run_after=2026-09-23 02:00:00+00:00
[2026-09-23T14:20:12.853+0000] {processor.py:208} INFO - Processing /opt/airflow/dags/dss150p_pipeline.py took 0.292 seconds
[2026-09-23T14:20:43.090+0000] {processor.py:186} INFO - Started process (PID=927) to work on /opt/airflow/dags/dss150p_pipeline.py
[2026-09-23T14:20:43.094+0000] {processor.py:914} INFO - Processing file /opt/airflow/dags/dss150p_pipeline.py for tasks to queue
[2026-09-23T14:20:43.098+0000] {logging_mixin.py:190} INFO - [2026-09-23T14:20:43.097+0000] {dagbag.py:588} INFO - Filling up the DagBag from /opt/airflow/dags/dss150p_pipeline.py
[2026-09-23T14:20:43.148+0000] {processor.py:925} INFO - DAG(s) 'dss150p_sales_pipeline' retrieved from /opt/airflow/dags/dss150p_pipeline.py
[2026-09-23T14:20:43.245+0000] {logging_mixin.py:190} INFO - [2026-09-23T14:20:43.244+0000] {dag.py:3239} INFO - Sync 1 DAGs
[2026-09-23T14:20:43.289+0000] {logging_mixin.py:190} INFO - [2026-09-23T14:20:43.289+0000] {dag.py:4180} INFO - Setting next_dagrun for dss150p_sales_pipeline to 2026-09-22 02:00:00+00:00, run_after=2026-09-23 02:00:00+00:00
[2026-09-23T14:20:43.327+0000] {processor.py:208} INFO - Processing /opt/airflow/dags/dss150p_pipeline.py took 0.251 seconds
[2026-09-23T14:21:13.538+0000] {processor.py:186} INFO - Started process (PID=946) to work on /opt/airflow/dags/dss150p_pipeline.py
[2026-09-23T14:21:13.540+0000] {processor.py:914} INFO - Processing file /opt/airflow/dags/dss150p_pipeline.py for tasks to queue
[2026-09-23T14:21:13.543+0000] {logging_mixin.py:190} INFO - [2026-09-23T14:21:13.542+0000] {dagbag.py:588} INFO - Filling up the DagBag from /opt/airflow/dags/dss150p_pipeline.py
[2026-09-23T14:21:13.584+0000] {processor.py:925} INFO - DAG(s) 'dss150p_sales_pipeline' retrieved from /opt/airflow/dags/dss150p_pipeline.py
[2026-09-23T14:21:13.674+0000] {logging_mixin.py:190} INFO - [2026-09-23T14:21:13.674+0000] {dag.py:3239} INFO - Sync 1 DAGs
[2026-09-23T14:21:13.726+0000] {logging_mixin.py:190} INFO - [2026-09-23T14:21:13.725+0000] {dag.py:4180} INFO - Setting next_dagrun for dss150p_sales_pipeline to 2026-09-22 02:00:00+00:00, run_after=2026-09-23 02:00:00+00:00
[2026-09-23T14:21:13.758+0000] {processor.py:208} INFO - Processing /opt/airflow/dags/dss150p_pipeline.py took 0.232 seconds
[2026-09-23T14:21:44.024+0000] {processor.py:186} INFO - Started process (PID=951) to work on /opt/airflow/dags/dss150p_pipeline.py
[2026-09-23T14:21:44.026+0000] {processor.py:914} INFO - Processing file /opt/airflow/dags/dss150p_pipeline.py for tasks to queue
[2026-09-23T14:21:44.029+0000] {logging_mixin.py:190} INFO - [2026-09-23T14:21:44.028+0000] {dagbag.py:588} INFO - Filling up the DagBag from /opt/airflow/dags/dss150p_pipeline.py
[2026-09-23T14:21:44.071+0000] {processor.py:925} INFO - DAG(s) 'dss150p_sales_pipeline' retrieved from /opt/airflow/dags/dss150p_pipeline.py
[2026-09-23T14:21:44.170+0000] {logging_mixin.py:190} INFO - [2026-09-23T14:21:44.170+0000] {dag.py:3239} INFO - Sync 1 DAGs
[2026-09-23T14:21:44.217+0000] {logging_mixin.py:190} INFO - [2026-09-23T14:21:44.217+0000] {dag.py:4180} INFO - Setting next_dagrun for dss150p_sales_pipeline to 2026-09-22 02:00:00+00:00, run_after=2026-09-23 02:00:00+00:00
[2026-09-23T14:21:44.254+0000] {processor.py:208} INFO - Processing /opt/airflow/dags/dss150p_pipeline.py took 0.242 seconds
[2026-09-23T14:22:14.492+0000] {processor.py:186} INFO - Started process (PID=956) to work on /opt/airflow/dags/dss150p_pipeline.py
[2026-09-23T14:22:14.494+0000] {processor.py:914} INFO - Processing file /opt/airflow/dags/dss150p_pipeline.py for tasks to queue
[2026-09-23T14:22:14.497+0000] {logging_mixin.py:190} INFO - [2026-09-23T14:22:14.496+0000] {dagbag.py:588} INFO - Filling up the DagBag from /opt/airflow/dags/dss150p_pipeline.py
[2026-09-23T14:22:14.538+0000] {processor.py:925} INFO - DAG(s) 'dss150p_sales_pipeline' retrieved from /opt/airflow/dags/dss150p_pipeline.py
[2026-09-23T14:22:14.633+0000] {logging_mixin.py:190} INFO - [2026-09-23T14:22:14.632+0000] {dag.py:3239} INFO - Sync 1 DAGs
[2026-09-23T14:22:14.672+0000] {logging_mixin.py:190} INFO - [2026-09-23T14:22:14.671+0000] {dag.py:4180} INFO - Setting next_dagrun for dss150p_sales_pipeline to 2026-09-22 02:00:00+00:00, run_after=2026-09-23 02:00:00+00:00
[2026-09-23T14:22:14.703+0000] {processor.py:208} INFO - Processing /opt/airflow/dags/dss150p_pipeline.py took 0.221 seconds
[2026-09-23T14:22:44.936+0000] {processor.py:186} INFO - Started process (PID=961) to work on /opt/airflow/dags/dss150p_pipeline.py
[2026-09-23T14:22:44.938+0000] {processor.py:914} INFO - Processing file /opt/airflow/dags/dss150p_pipeline.py for tasks to queue
[2026-09-23T14:22:44.941+0000] {logging_mixin.py:190} INFO - [2026-09-23T14:22:44.940+0000] {dagbag.py:588} INFO - Filling up the DagBag from /opt/airflow/dags/dss150p_pipeline.py
[2026-09-23T14:22:44.972+0000] {processor.py:925} INFO - DAG(s) 'dss150p_sales_pipeline' retrieved from /opt/airflow/dags/dss150p_pipeline.py
[2026-09-23T14:22:45.039+0000] {logging_mixin.py:190} INFO - [2026-09-23T14:22:45.039+0000] {dag.py:3239} INFO - Sync 1 DAGs
[2026-09-23T14:22:45.067+0000] {logging_mixin.py:190} INFO - [2026-09-23T14:22:45.067+0000] {dag.py:4180} INFO - Setting next_dagrun for dss150p_sales_pipeline to 2026-09-22 02:00:00+00:00, run_after=2026-09-23 02:00:00+00:00
[2026-09-23T14:22:45.104+0000] {processor.py:208} INFO - Processing /opt/airflow/dags/dss150p_pipeline.py took 0.176 seconds
[2026-09-23T14:23:15.473+0000] {processor.py:186} INFO - Started process (PID=980) to work on /opt/airflow/dags/dss150p_pipeline.py
[2026-09-23T14:23:15.476+0000] {processor.py:914} INFO - Processing file /opt/airflow/dags/dss150p_pipeline.py for tasks to queue
[2026-09-23T14:23:15.479+0000] {logging_mixin.py:190} INFO - [2026-09-23T14:23:15.478+0000] {dagbag.py:588} INFO - Filling up the DagBag from /opt/airflow/dags/dss150p_pipeline.py
[2026-09-23T14:23:15.538+0000] {processor.py:925} INFO - DAG(s) 'dss150p_sales_pipeline' retrieved from /opt/airflow/dags/dss150p_pipeline.py
[2026-09-23T14:23:15.612+0000] {logging_mixin.py:190} INFO - [2026-09-23T14:23:15.611+0000] {dag.py:3239} INFO - Sync 1 DAGs
[2026-09-23T14:23:15.653+0000] {logging_mixin.py:190} INFO - [2026-09-23T14:23:15.653+0000] {dag.py:4180} INFO - Setting next_dagrun for dss150p_sales_pipeline to 2026-09-22 02:00:00+00:00, run_after=2026-09-23 02:00:00+00:00
[2026-09-23T14:23:15.685+0000] {processor.py:208} INFO - Processing /opt/airflow/dags/dss150p_pipeline.py took 0.222 seconds
[2026-09-23T14:23:45.895+0000] {processor.py:186} INFO - Started process (PID=985) to work on /opt/airflow/dags/dss150p_pipeline.py
[2026-09-23T14:23:45.898+0000] {processor.py:914} INFO - Processing file /opt/airflow/dags/dss150p_pipeline.py for tasks to queue
[2026-09-23T14:23:45.901+0000] {logging_mixin.py:190} INFO - [2026-09-23T14:23:45.900+0000] {dagbag.py:588} INFO - Filling up the DagBag from /opt/airflow/dags/dss150p_pipeline.py
[2026-09-23T14:23:45.945+0000] {processor.py:925} INFO - DAG(s) 'dss150p_sales_pipeline' retrieved from /opt/airflow/dags/dss150p_pipeline.py
[2026-09-23T14:23:46.052+0000] {logging_mixin.py:190} INFO - [2026-09-23T14:23:46.052+0000] {dag.py:3239} INFO - Sync 1 DAGs
[2026-09-23T14:23:46.119+0000] {logging_mixin.py:190} INFO - [2026-09-23T14:23:46.118+0000] {dag.py:4180} INFO - Setting next_dagrun for dss150p_sales_pipeline to 2026-09-22 02:00:00+00:00, run_after=2026-09-23 02:00:00+00:00
[2026-09-23T14:23:46.157+0000] {processor.py:208} INFO - Processing /opt/airflow/dags/dss150p_pipeline.py took 0.275 seconds
[2026-09-23T14:24:16.370+0000] {processor.py:186} INFO - Started process (PID=990) to work on /opt/airflow/dags/dss150p_pipeline.py
[2026-09-23T14:24:16.374+0000] {processor.py:914} INFO - Processing file /opt/airflow/dags/dss150p_pipeline.py for tasks to queue
[2026-09-23T14:24:16.379+0000] {logging_mixin.py:190} INFO - [2026-09-23T14:24:16.378+0000] {dagbag.py:588} INFO - Filling up the DagBag from /opt/airflow/dags/dss150p_pipeline.py
[2026-09-23T14:24:16.441+0000] {processor.py:925} INFO - DAG(s) 'dss150p_sales_pipeline' retrieved from /opt/airflow/dags/dss150p_pipeline.py
[2026-09-23T14:24:16.654+0000] {logging_mixin.py:190} INFO - [2026-09-23T14:24:16.654+0000] {dag.py:3239} INFO - Sync 1 DAGs
[2026-09-23T14:24:16.701+0000] {logging_mixin.py:190} INFO - [2026-09-23T14:24:16.701+0000] {dag.py:4180} INFO - Setting next_dagrun for dss150p_sales_pipeline to 2026-09-22 02:00:00+00:00, run_after=2026-09-23 02:00:00+00:00
[2026-09-23T14:24:16.740+0000] {processor.py:208} INFO - Processing /opt/airflow/dags/dss150p_pipeline.py took 0.397 seconds
[2026-09-23T14:24:47.130+0000] {processor.py:186} INFO - Started process (PID=995) to work on /opt/airflow/dags/dss150p_pipeline.py
[2026-09-23T14:24:47.133+0000] {processor.py:914} INFO - Processing file /opt/airflow/dags/dss150p_pipeline.py for tasks to queue
[2026-09-23T14:24:47.137+0000] {logging_mixin.py:190} INFO - [2026-09-23T14:24:47.136+0000] {dagbag.py:588} INFO - Filling up the DagBag from /opt/airflow/dags/dss150p_pipeline.py
[2026-09-23T14:24:47.191+0000] {processor.py:925} INFO - DAG(s) 'dss150p_sales_pipeline' retrieved from /opt/airflow/dags/dss150p_pipeline.py
[2026-09-23T14:24:47.304+0000] {logging_mixin.py:190} INFO - [2026-09-23T14:24:47.304+0000] {dag.py:3239} INFO - Sync 1 DAGs
[2026-09-23T14:24:47.350+0000] {logging_mixin.py:190} INFO - [2026-09-23T14:24:47.350+0000] {dag.py:4180} INFO - Setting next_dagrun for dss150p_sales_pipeline to 2026-09-22 02:00:00+00:00, run_after=2026-09-23 02:00:00+00:00
[2026-09-23T14:24:47.391+0000] {processor.py:208} INFO - Processing /opt/airflow/dags/dss150p_pipeline.py took 0.279 seconds
[2026-09-23T14:25:17.912+0000] {processor.py:186} INFO - Started process (PID=1000) to work on /opt/airflow/dags/dss150p_pipeline.py
[2026-09-23T14:25:17.932+0000] {processor.py:914} INFO - Processing file /opt/airflow/dags/dss150p_pipeline.py for tasks to queue
[2026-09-23T14:25:17.943+0000] {logging_mixin.py:190} INFO - [2026-09-23T14:25:17.939+0000] {dagbag.py:588} INFO - Filling up the DagBag from /opt/airflow/dags/dss150p_pipeline.py
[2026-09-23T14:25:18.137+0000] {processor.py:925} INFO - DAG(s) 'dss150p_sales_pipeline' retrieved from /opt/airflow/dags/dss150p_pipeline.py
[2026-09-23T14:25:18.384+0000] {logging_mixin.py:190} INFO - [2026-09-23T14:25:18.384+0000] {dag.py:3239} INFO - Sync 1 DAGs
[2026-09-23T14:25:18.507+0000] {logging_mixin.py:190} INFO - [2026-09-23T14:25:18.506+0000] {dag.py:4180} INFO - Setting next_dagrun for dss150p_sales_pipeline to 2026-09-22 02:00:00+00:00, run_after=2026-09-23 02:00:00+00:00
[2026-09-23T14:25:18.584+0000] {processor.py:208} INFO - Processing /opt/airflow/dags/dss150p_pipeline.py took 0.787 seconds
[2026-09-23T14:26:31.447+0000] {processor.py:186} INFO - Started process (PID=188) to work on /opt/airflow/dags/dss150p_pipeline.py
[2026-09-23T14:26:31.460+0000] {processor.py:914} INFO - Processing file /opt/airflow/dags/dss150p_pipeline.py for tasks to queue
[2026-09-23T14:26:31.489+0000] {logging_mixin.py:190} INFO - [2026-09-23T14:26:31.486+0000] {dagbag.py:588} INFO - Filling up the DagBag from /opt/airflow/dags/dss150p_pipeline.py
[2026-09-23T14:26:31.712+0000] {processor.py:925} INFO - DAG(s) 'dss150p_sales_pipeline' retrieved from /opt/airflow/dags/dss150p_pipeline.py
[2026-09-23T14:26:32.065+0000] {logging_mixin.py:190} INFO - [2026-09-23T14:26:32.064+0000] {dag.py:3239} INFO - Sync 1 DAGs
[2026-09-23T14:26:32.246+0000] {logging_mixin.py:190} INFO - [2026-09-23T14:26:32.246+0000] {dag.py:4180} INFO - Setting next_dagrun for dss150p_sales_pipeline to 2026-09-22 02:00:00+00:00, run_after=2026-09-23 02:00:00+00:00
[2026-09-23T14:26:32.338+0000] {processor.py:208} INFO - Processing /opt/airflow/dags/dss150p_pipeline.py took 0.968 seconds
[2026-09-23T14:27:02.847+0000] {processor.py:186} INFO - Started process (PID=264) to work on /opt/airflow/dags/dss150p_pipeline.py
[2026-09-23T14:27:02.852+0000] {processor.py:914} INFO - Processing file /opt/airflow/dags/dss150p_pipeline.py for tasks to queue
[2026-09-23T14:27:02.876+0000] {logging_mixin.py:190} INFO - [2026-09-23T14:27:02.873+0000] {dagbag.py:588} INFO - Filling up the DagBag from /opt/airflow/dags/dss150p_pipeline.py
[2026-09-23T14:27:03.001+0000] {processor.py:925} INFO - DAG(s) 'dss150p_sales_pipeline' retrieved from /opt/airflow/dags/dss150p_pipeline.py
[2026-09-23T14:27:03.195+0000] {logging_mixin.py:190} INFO - [2026-09-23T14:27:03.194+0000] {dag.py:3239} INFO - Sync 1 DAGs
[2026-09-23T14:27:03.330+0000] {logging_mixin.py:190} INFO - [2026-09-23T14:27:03.329+0000] {dag.py:4180} INFO - Setting next_dagrun for dss150p_sales_pipeline to 2026-09-22 02:00:00+00:00, run_after=2026-09-23 02:00:00+00:00
[2026-09-23T14:27:03.382+0000] {processor.py:208} INFO - Processing /opt/airflow/dags/dss150p_pipeline.py took 0.572 seconds
[2026-09-23T14:27:33.773+0000] {processor.py:186} INFO - Started process (PID=269) to work on /opt/airflow/dags/dss150p_pipeline.py
[2026-09-23T14:27:33.776+0000] {processor.py:914} INFO - Processing file /opt/airflow/dags/dss150p_pipeline.py for tasks to queue
[2026-09-23T14:27:33.782+0000] {logging_mixin.py:190} INFO - [2026-09-23T14:27:33.781+0000] {dagbag.py:588} INFO - Filling up the DagBag from /opt/airflow/dags/dss150p_pipeline.py
[2026-09-23T14:27:33.825+0000] {processor.py:925} INFO - DAG(s) 'dss150p_sales_pipeline' retrieved from /opt/airflow/dags/dss150p_pipeline.py
[2026-09-23T14:27:33.925+0000] {logging_mixin.py:190} INFO - [2026-09-23T14:27:33.925+0000] {dag.py:3239} INFO - Sync 1 DAGs
[2026-09-23T14:27:33.965+0000] {logging_mixin.py:190} INFO - [2026-09-23T14:27:33.964+0000] {dag.py:4180} INFO - Setting next_dagrun for dss150p_sales_pipeline to 2026-09-22 02:00:00+00:00, run_after=2026-09-23 02:00:00+00:00
[2026-09-23T14:27:34.003+0000] {processor.py:208} INFO - Processing /opt/airflow/dags/dss150p_pipeline.py took 0.240 seconds
[2026-09-23T14:28:04.362+0000] {processor.py:186} INFO - Started process (PID=274) to work on /opt/airflow/dags/dss150p_pipeline.py
[2026-09-23T14:28:04.366+0000] {processor.py:914} INFO - Processing file /opt/airflow/dags/dss150p_pipeline.py for tasks to queue
[2026-09-23T14:28:04.375+0000] {logging_mixin.py:190} INFO - [2026-09-23T14:28:04.374+0000] {dagbag.py:588} INFO - Filling up the DagBag from /opt/airflow/dags/dss150p_pipeline.py
[2026-09-23T14:28:04.424+0000] {processor.py:925} INFO - DAG(s) 'dss150p_sales_pipeline' retrieved from /opt/airflow/dags/dss150p_pipeline.py
[2026-09-23T14:28:04.511+0000] {logging_mixin.py:190} INFO - [2026-09-23T14:28:04.510+0000] {dag.py:3239} INFO - Sync 1 DAGs
[2026-09-23T14:28:04.561+0000] {logging_mixin.py:190} INFO - [2026-09-23T14:28:04.560+0000] {dag.py:4180} INFO - Setting next_dagrun for dss150p_sales_pipeline to 2026-09-22 02:00:00+00:00, run_after=2026-09-23 02:00:00+00:00
[2026-09-23T14:28:04.597+0000] {processor.py:208} INFO - Processing /opt/airflow/dags/dss150p_pipeline.py took 0.246 seconds
[2026-09-23T14:28:34.686+0000] {processor.py:186} INFO - Started process (PID=279) to work on /opt/airflow/dags/dss150p_pipeline.py
[2026-09-23T14:28:34.688+0000] {processor.py:914} INFO - Processing file /opt/airflow/dags/dss150p_pipeline.py for tasks to queue
[2026-09-23T14:28:34.693+0000] {logging_mixin.py:190} INFO - [2026-09-23T14:28:34.693+0000] {dagbag.py:588} INFO - Filling up the DagBag from /opt/airflow/dags/dss150p_pipeline.py
[2026-09-23T14:28:34.733+0000] {processor.py:925} INFO - DAG(s) 'dss150p_sales_pipeline' retrieved from /opt/airflow/dags/dss150p_pipeline.py
[2026-09-23T14:28:34.856+0000] {logging_mixin.py:190} INFO - [2026-09-23T14:28:34.856+0000] {dag.py:3239} INFO - Sync 1 DAGs
[2026-09-23T14:28:34.930+0000] {logging_mixin.py:190} INFO - [2026-09-23T14:28:34.929+0000] {dag.py:4180} INFO - Setting next_dagrun for dss150p_sales_pipeline to 2026-09-22 02:00:00+00:00, run_after=2026-09-23 02:00:00+00:00
[2026-09-23T14:28:34.973+0000] {processor.py:208} INFO - Processing /opt/airflow/dags/dss150p_pipeline.py took 0.299 seconds
[2026-09-23T14:29:05.309+0000] {processor.py:186} INFO - Started process (PID=284) to work on /opt/airflow/dags/dss150p_pipeline.py
[2026-09-23T14:29:05.312+0000] {processor.py:914} INFO - Processing file /opt/airflow/dags/dss150p_pipeline.py for tasks to queue
[2026-09-23T14:29:05.318+0000] {logging_mixin.py:190} INFO - [2026-09-23T14:29:05.317+0000] {dagbag.py:588} INFO - Filling up the DagBag from /opt/airflow/dags/dss150p_pipeline.py
[2026-09-23T14:29:05.367+0000] {processor.py:925} INFO - DAG(s) 'dss150p_sales_pipeline' retrieved from /opt/airflow/dags/dss150p_pipeline.py
[2026-09-23T14:29:05.447+0000] {logging_mixin.py:190} INFO - [2026-09-23T14:29:05.447+0000] {dag.py:3239} INFO - Sync 1 DAGs
[2026-09-23T14:29:05.491+0000] {logging_mixin.py:190} INFO - [2026-09-23T14:29:05.491+0000] {dag.py:4180} INFO - Setting next_dagrun for dss150p_sales_pipeline to 2026-09-22 02:00:00+00:00, run_after=2026-09-23 02:00:00+00:00
[2026-09-23T14:29:05.525+0000] {processor.py:208} INFO - Processing /opt/airflow/dags/dss150p_pipeline.py took 0.228 seconds
[2026-09-23T14:29:35.695+0000] {processor.py:186} INFO - Started process (PID=289) to work on /opt/airflow/dags/dss150p_pipeline.py
[2026-09-23T14:29:35.697+0000] {processor.py:914} INFO - Processing file /opt/airflow/dags/dss150p_pipeline.py for tasks to queue
[2026-09-23T14:29:35.703+0000] {logging_mixin.py:190} INFO - [2026-09-23T14:29:35.702+0000] {dagbag.py:588} INFO - Filling up the DagBag from /opt/airflow/dags/dss150p_pipeline.py
[2026-09-23T14:29:35.766+0000] {processor.py:925} INFO - DAG(s) 'dss150p_sales_pipeline' retrieved from /opt/airflow/dags/dss150p_pipeline.py
[2026-09-23T14:29:35.910+0000] {logging_mixin.py:190} INFO - [2026-09-23T14:29:35.909+0000] {dag.py:3239} INFO - Sync 1 DAGs
[2026-09-23T14:29:36.013+0000] {logging_mixin.py:190} INFO - [2026-09-23T14:29:36.012+0000] {dag.py:4180} INFO - Setting next_dagrun for dss150p_sales_pipeline to 2026-09-22 02:00:00+00:00, run_after=2026-09-23 02:00:00+00:00
[2026-09-23T14:29:36.107+0000] {processor.py:208} INFO - Processing /opt/airflow/dags/dss150p_pipeline.py took 0.425 seconds
[2026-09-23T14:30:06.272+0000] {processor.py:186} INFO - Started process (PID=294) to work on /opt/airflow/dags/dss150p_pipeline.py
[2026-09-23T14:30:06.275+0000] {processor.py:914} INFO - Processing file /opt/airflow/dags/dss150p_pipeline.py for tasks to queue
[2026-09-23T14:30:06.282+0000] {logging_mixin.py:190} INFO - [2026-09-23T14:30:06.280+0000] {dagbag.py:588} INFO - Filling up the DagBag from /opt/airflow/dags/dss150p_pipeline.py
[2026-09-23T14:30:06.331+0000] {processor.py:925} INFO - DAG(s) 'dss150p_sales_pipeline' retrieved from /opt/airflow/dags/dss150p_pipeline.py
[2026-09-23T14:30:06.429+0000] {logging_mixin.py:190} INFO - [2026-09-23T14:30:06.428+0000] {dag.py:3239} INFO - Sync 1 DAGs
[2026-09-23T14:30:06.485+0000] {logging_mixin.py:190} INFO - [2026-09-23T14:30:06.485+0000] {dag.py:4180} INFO - Setting next_dagrun for dss150p_sales_pipeline to 2026-09-22 02:00:00+00:00, run_after=2026-09-23 02:00:00+00:00
[2026-09-23T14:30:06.529+0000] {processor.py:208} INFO - Processing /opt/airflow/dags/dss150p_pipeline.py took 0.269 seconds
[2026-09-23T14:30:36.791+0000] {processor.py:186} INFO - Started process (PID=299) to work on /opt/airflow/dags/dss150p_pipeline.py
[2026-09-23T14:30:36.795+0000] {processor.py:914} INFO - Processing file /opt/airflow/dags/dss150p_pipeline.py for tasks to queue
[2026-09-23T14:30:36.803+0000] {logging_mixin.py:190} INFO - [2026-09-23T14:30:36.802+0000] {dagbag.py:588} INFO - Filling up the DagBag from /opt/airflow/dags/dss150p_pipeline.py
[2026-09-23T14:30:36.875+0000] {processor.py:925} INFO - DAG(s) 'dss150p_sales_pipeline' retrieved from /opt/airflow/dags/dss150p_pipeline.py
[2026-09-23T14:30:37.066+0000] {logging_mixin.py:190} INFO - [2026-09-23T14:30:37.065+0000] {dag.py:3239} INFO - Sync 1 DAGs
[2026-09-23T14:30:37.131+0000] {logging_mixin.py:190} INFO - [2026-09-23T14:30:37.131+0000] {dag.py:4180} INFO - Setting next_dagrun for dss150p_sales_pipeline to 2026-09-22 02:00:00+00:00, run_after=2026-09-23 02:00:00+00:00
[2026-09-23T14:30:37.174+0000] {processor.py:208} INFO - Processing /opt/airflow/dags/dss150p_pipeline.py took 0.397 seconds
[2026-09-23T14:31:07.521+0000] {processor.py:186} INFO - Started process (PID=304) to work on /opt/airflow/dags/dss150p_pipeline.py
[2026-09-23T14:31:07.524+0000] {processor.py:914} INFO - Processing file /opt/airflow/dags/dss150p_pipeline.py for tasks to queue
[2026-09-23T14:31:07.530+0000] {logging_mixin.py:190} INFO - [2026-09-23T14:31:07.529+0000] {dagbag.py:588} INFO - Filling up the DagBag from /opt/airflow/dags/dss150p_pipeline.py
[2026-09-23T14:31:07.572+0000] {processor.py:925} INFO - DAG(s) 'dss150p_sales_pipeline' retrieved from /opt/airflow/dags/dss150p_pipeline.py
[2026-09-23T14:31:07.661+0000] {logging_mixin.py:190} INFO - [2026-09-23T14:31:07.661+0000] {dag.py:3239} INFO - Sync 1 DAGs
[2026-09-23T14:31:07.707+0000] {logging_mixin.py:190} INFO - [2026-09-23T14:31:07.706+0000] {dag.py:4180} INFO - Setting next_dagrun for dss150p_sales_pipeline to 2026-09-22 02:00:00+00:00, run_after=2026-09-23 02:00:00+00:00
[2026-09-23T14:31:07.741+0000] {processor.py:208} INFO - Processing /opt/airflow/dags/dss150p_pipeline.py took 0.231 seconds
[2026-09-23T14:31:38.163+0000] {processor.py:186} INFO - Started process (PID=309) to work on /opt/airflow/dags/dss150p_pipeline.py
[2026-09-23T14:31:38.166+0000] {processor.py:914} INFO - Processing file /opt/airflow/dags/dss150p_pipeline.py for tasks to queue
[2026-09-23T14:31:38.172+0000] {logging_mixin.py:190} INFO - [2026-09-23T14:31:38.171+0000] {dagbag.py:588} INFO - Filling up the DagBag from /opt/airflow/dags/dss150p_pipeline.py
[2026-09-23T14:31:38.217+0000] {processor.py:925} INFO - DAG(s) 'dss150p_sales_pipeline' retrieved from /opt/airflow/dags/dss150p_pipeline.py
[2026-09-23T14:31:38.311+0000] {logging_mixin.py:190} INFO - [2026-09-23T14:31:38.311+0000] {dag.py:3239} INFO - Sync 1 DAGs
[2026-09-23T14:31:38.353+0000] {logging_mixin.py:190} INFO - [2026-09-23T14:31:38.352+0000] {dag.py:4180} INFO - Setting next_dagrun for dss150p_sales_pipeline to 2026-09-22 02:00:00+00:00, run_after=2026-09-23 02:00:00+00:00
[2026-09-23T14:31:38.386+0000] {processor.py:208} INFO - Processing /opt/airflow/dags/dss150p_pipeline.py took 0.236 seconds
[2026-09-23T14:32:08.531+0000] {processor.py:186} INFO - Started process (PID=314) to work on /opt/airflow/dags/dss150p_pipeline.py
[2026-09-23T14:32:08.534+0000] {processor.py:914} INFO - Processing file /opt/airflow/dags/dss150p_pipeline.py for tasks to queue
[2026-09-23T14:32:08.540+0000] {logging_mixin.py:190} INFO - [2026-09-23T14:32:08.539+0000] {dagbag.py:588} INFO - Filling up the DagBag from /opt/airflow/dags/dss150p_pipeline.py
[2026-09-23T14:32:08.593+0000] {processor.py:925} INFO - DAG(s) 'dss150p_sales_pipeline' retrieved from /opt/airflow/dags/dss150p_pipeline.py
[2026-09-23T14:32:08.724+0000] {logging_mixin.py:190} INFO - [2026-09-23T14:32:08.723+0000] {dag.py:3239} INFO - Sync 1 DAGs
[2026-09-23T14:32:08.841+0000] {logging_mixin.py:190} INFO - [2026-09-23T14:32:08.841+0000] {dag.py:4180} INFO - Setting next_dagrun for dss150p_sales_pipeline to 2026-09-22 02:00:00+00:00, run_after=2026-09-23 02:00:00+00:00
[2026-09-23T14:32:08.888+0000] {processor.py:208} INFO - Processing /opt/airflow/dags/dss150p_pipeline.py took 0.372 seconds
[2026-09-23T14:32:39.110+0000] {processor.py:186} INFO - Started process (PID=319) to work on /opt/airflow/dags/dss150p_pipeline.py
[2026-09-23T14:32:39.114+0000] {processor.py:914} INFO - Processing file /opt/airflow/dags/dss150p_pipeline.py for tasks to queue
[2026-09-23T14:32:39.122+0000] {logging_mixin.py:190} INFO - [2026-09-23T14:32:39.121+0000] {dagbag.py:588} INFO - Filling up the DagBag from /opt/airflow/dags/dss150p_pipeline.py
[2026-09-23T14:32:39.176+0000] {processor.py:925} INFO - DAG(s) 'dss150p_sales_pipeline' retrieved from /opt/airflow/dags/dss150p_pipeline.py
[2026-09-23T14:32:39.289+0000] {logging_mixin.py:190} INFO - [2026-09-23T14:32:39.289+0000] {dag.py:3239} INFO - Sync 1 DAGs
[2026-09-23T14:32:39.331+0000] {logging_mixin.py:190} INFO - [2026-09-23T14:32:39.331+0000] {dag.py:4180} INFO - Setting next_dagrun for dss150p_sales_pipeline to 2026-09-22 02:00:00+00:00, run_after=2026-09-23 02:00:00+00:00
[2026-09-23T14:32:39.379+0000] {processor.py:208} INFO - Processing /opt/airflow/dags/dss150p_pipeline.py took 0.285 seconds
[2026-09-23T14:33:09.692+0000] {processor.py:186} INFO - Started process (PID=324) to work on /opt/airflow/dags/dss150p_pipeline.py
[2026-09-23T14:33:09.695+0000] {processor.py:914} INFO - Processing file /opt/airflow/dags/dss150p_pipeline.py for tasks to queue
[2026-09-23T14:33:09.701+0000] {logging_mixin.py:190} INFO - [2026-09-23T14:33:09.700+0000] {dagbag.py:588} INFO - Filling up the DagBag from /opt/airflow/dags/dss150p_pipeline.py
[2026-09-23T14:33:09.745+0000] {processor.py:925} INFO - DAG(s) 'dss150p_sales_pipeline' retrieved from /opt/airflow/dags/dss150p_pipeline.py
[2026-09-23T14:33:09.838+0000] {logging_mixin.py:190} INFO - [2026-09-23T14:33:09.838+0000] {dag.py:3239} INFO - Sync 1 DAGs
[2026-09-23T14:33:09.886+0000] {logging_mixin.py:190} INFO - [2026-09-23T14:33:09.886+0000] {dag.py:4180} INFO - Setting next_dagrun for dss150p_sales_pipeline to 2026-09-22 02:00:00+00:00, run_after=2026-09-23 02:00:00+00:00
[2026-09-23T14:33:09.924+0000] {processor.py:208} INFO - Processing /opt/airflow/dags/dss150p_pipeline.py took 0.244 seconds
[2026-09-23T14:33:40.067+0000] {processor.py:186} INFO - Started process (PID=329) to work on /opt/airflow/dags/dss150p_pipeline.py
[2026-09-23T14:33:40.070+0000] {processor.py:914} INFO - Processing file /opt/airflow/dags/dss150p_pipeline.py for tasks to queue
[2026-09-23T14:33:40.077+0000] {logging_mixin.py:190} INFO - [2026-09-23T14:33:40.076+0000] {dagbag.py:588} INFO - Filling up the DagBag from /opt/airflow/dags/dss150p_pipeline.py
[2026-09-23T14:33:40.126+0000] {processor.py:925} INFO - DAG(s) 'dss150p_sales_pipeline' retrieved from /opt/airflow/dags/dss150p_pipeline.py
[2026-09-23T14:33:40.228+0000] {logging_mixin.py:190} INFO - [2026-09-23T14:33:40.227+0000] {dag.py:3239} INFO - Sync 1 DAGs
[2026-09-23T14:33:40.270+0000] {logging_mixin.py:190} INFO - [2026-09-23T14:33:40.270+0000] {dag.py:4180} INFO - Setting next_dagrun for dss150p_sales_pipeline to 2026-09-22 02:00:00+00:00, run_after=2026-09-23 02:00:00+00:00
[2026-09-23T14:33:40.309+0000] {processor.py:208} INFO - Processing /opt/airflow/dags/dss150p_pipeline.py took 0.255 seconds
[2026-09-23T14:34:10.614+0000] {processor.py:186} INFO - Started process (PID=334) to work on /opt/airflow/dags/dss150p_pipeline.py
[2026-09-23T14:34:10.617+0000] {processor.py:914} INFO - Processing file /opt/airflow/dags/dss150p_pipeline.py for tasks to queue
[2026-09-23T14:34:10.622+0000] {logging_mixin.py:190} INFO - [2026-09-23T14:34:10.621+0000] {dagbag.py:588} INFO - Filling up the DagBag from /opt/airflow/dags/dss150p_pipeline.py
[2026-09-23T14:34:10.661+0000] {processor.py:925} INFO - DAG(s) 'dss150p_sales_pipeline' retrieved from /opt/airflow/dags/dss150p_pipeline.py
[2026-09-23T14:34:10.762+0000] {logging_mixin.py:190} INFO - [2026-09-23T14:34:10.761+0000] {dag.py:3239} INFO - Sync 1 DAGs
[2026-09-23T14:34:10.809+0000] {logging_mixin.py:190} INFO - [2026-09-23T14:34:10.808+0000] {dag.py:4180} INFO - Setting next_dagrun for dss150p_sales_pipeline to 2026-09-22 02:00:00+00:00, run_after=2026-09-23 02:00:00+00:00
[2026-09-23T14:34:10.848+0000] {processor.py:208} INFO - Processing /opt/airflow/dags/dss150p_pipeline.py took 0.246 seconds
[2026-09-23T14:34:41.084+0000] {processor.py:186} INFO - Started process (PID=339) to work on /opt/airflow/dags/dss150p_pipeline.py
[2026-09-23T14:34:41.090+0000] {processor.py:914} INFO - Processing file /opt/airflow/dags/dss150p_pipeline.py for tasks to queue
[2026-09-23T14:34:41.101+0000] {logging_mixin.py:190} INFO - [2026-09-23T14:34:41.098+0000] {dagbag.py:588} INFO - Filling up the DagBag from /opt/airflow/dags/dss150p_pipeline.py
[2026-09-23T14:34:41.151+0000] {processor.py:925} INFO - DAG(s) 'dss150p_sales_pipeline' retrieved from /opt/airflow/dags/dss150p_pipeline.py
[2026-09-23T14:34:41.244+0000] {logging_mixin.py:190} INFO - [2026-09-23T14:34:41.244+0000] {dag.py:3239} INFO - Sync 1 DAGs
[2026-09-23T14:34:41.283+0000] {logging_mixin.py:190} INFO - [2026-09-23T14:34:41.283+0000] {dag.py:4180} INFO - Setting next_dagrun for dss150p_sales_pipeline to 2026-09-22 02:00:00+00:00, run_after=2026-09-23 02:00:00+00:00
[2026-09-23T14:34:41.324+0000] {processor.py:208} INFO - Processing /opt/airflow/dags/dss150p_pipeline.py took 0.264 seconds
[2026-09-23T14:35:11.560+0000] {processor.py:186} INFO - Started process (PID=344) to work on /opt/airflow/dags/dss150p_pipeline.py
[2026-09-23T14:35:11.564+0000] {processor.py:914} INFO - Processing file /opt/airflow/dags/dss150p_pipeline.py for tasks to queue
[2026-09-23T14:35:11.570+0000] {logging_mixin.py:190} INFO - [2026-09-23T14:35:11.569+0000] {dagbag.py:588} INFO - Filling up the DagBag from /opt/airflow/dags/dss150p_pipeline.py
[2026-09-23T14:35:11.612+0000] {processor.py:925} INFO - DAG(s) 'dss150p_sales_pipeline' retrieved from /opt/airflow/dags/dss150p_pipeline.py
[2026-09-23T14:35:11.701+0000] {logging_mixin.py:190} INFO - [2026-09-23T14:35:11.701+0000] {dag.py:3239} INFO - Sync 1 DAGs
[2026-09-23T14:35:11.738+0000] {logging_mixin.py:190} INFO - [2026-09-23T14:35:11.738+0000] {dag.py:4180} INFO - Setting next_dagrun for dss150p_sales_pipeline to 2026-09-22 02:00:00+00:00, run_after=2026-09-23 02:00:00+00:00
[2026-09-23T14:35:11.780+0000] {processor.py:208} INFO - Processing /opt/airflow/dags/dss150p_pipeline.py took 0.232 seconds
[2026-09-23T14:35:42.021+0000] {processor.py:186} INFO - Started process (PID=349) to work on /opt/airflow/dags/dss150p_pipeline.py
[2026-09-23T14:35:42.028+0000] {processor.py:914} INFO - Processing file /opt/airflow/dags/dss150p_pipeline.py for tasks to queue
[2026-09-23T14:35:42.035+0000] {logging_mixin.py:190} INFO - [2026-09-23T14:35:42.034+0000] {dagbag.py:588} INFO - Filling up the DagBag from /opt/airflow/dags/dss150p_pipeline.py
[2026-09-23T14:35:42.085+0000] {processor.py:925} INFO - DAG(s) 'dss150p_sales_pipeline' retrieved from /opt/airflow/dags/dss150p_pipeline.py
[2026-09-23T14:35:42.229+0000] {logging_mixin.py:190} INFO - [2026-09-23T14:35:42.229+0000] {dag.py:3239} INFO - Sync 1 DAGs
[2026-09-23T14:35:42.268+0000] {logging_mixin.py:190} INFO - [2026-09-23T14:35:42.268+0000] {dag.py:4180} INFO - Setting next_dagrun for dss150p_sales_pipeline to 2026-09-22 02:00:00+00:00, run_after=2026-09-23 02:00:00+00:00
[2026-09-23T14:35:42.299+0000] {processor.py:208} INFO - Processing /opt/airflow/dags/dss150p_pipeline.py took 0.292 seconds
[2026-09-23T14:36:12.500+0000] {processor.py:186} INFO - Started process (PID=354) to work on /opt/airflow/dags/dss150p_pipeline.py
[2026-09-23T14:36:12.504+0000] {processor.py:914} INFO - Processing file /opt/airflow/dags/dss150p_pipeline.py for tasks to queue
[2026-09-23T14:36:12.516+0000] {logging_mixin.py:190} INFO - [2026-09-23T14:36:12.514+0000] {dagbag.py:588} INFO - Filling up the DagBag from /opt/airflow/dags/dss150p_pipeline.py
[2026-09-23T14:36:12.578+0000] {processor.py:925} INFO - DAG(s) 'dss150p_sales_pipeline' retrieved from /opt/airflow/dags/dss150p_pipeline.py
[2026-09-23T14:36:12.737+0000] {logging_mixin.py:190} INFO - [2026-09-23T14:36:12.736+0000] {dag.py:3239} INFO - Sync 1 DAGs
[2026-09-23T14:36:12.788+0000] {logging_mixin.py:190} INFO - [2026-09-23T14:36:12.787+0000] {dag.py:4180} INFO - Setting next_dagrun for dss150p_sales_pipeline to 2026-09-22 02:00:00+00:00, run_after=2026-09-23 02:00:00+00:00
[2026-09-23T14:36:12.825+0000] {processor.py:208} INFO - Processing /opt/airflow/dags/dss150p_pipeline.py took 0.344 seconds
[2026-09-23T14:36:42.992+0000] {processor.py:186} INFO - Started process (PID=359) to work on /opt/airflow/dags/dss150p_pipeline.py
[2026-09-23T14:36:42.996+0000] {processor.py:914} INFO - Processing file /opt/airflow/dags/dss150p_pipeline.py for tasks to queue
[2026-09-23T14:36:43.001+0000] {logging_mixin.py:190} INFO - [2026-09-23T14:36:43.000+0000] {dagbag.py:588} INFO - Filling up the DagBag from /opt/airflow/dags/dss150p_pipeline.py
[2026-09-23T14:36:43.059+0000] {processor.py:925} INFO - DAG(s) 'dss150p_sales_pipeline' retrieved from /opt/airflow/dags/dss150p_pipeline.py
[2026-09-23T14:36:43.256+0000] {logging_mixin.py:190} INFO - [2026-09-23T14:36:43.256+0000] {dag.py:3239} INFO - Sync 1 DAGs
[2026-09-23T14:36:43.347+0000] {logging_mixin.py:190} INFO - [2026-09-23T14:36:43.347+0000] {dag.py:4180} INFO - Setting next_dagrun for dss150p_sales_pipeline to 2026-09-22 02:00:00+00:00, run_after=2026-09-23 02:00:00+00:00
[2026-09-23T14:36:43.407+0000] {processor.py:208} INFO - Processing /opt/airflow/dags/dss150p_pipeline.py took 0.433 seconds
[2026-09-23T14:37:13.624+0000] {processor.py:186} INFO - Started process (PID=364) to work on /opt/airflow/dags/dss150p_pipeline.py
[2026-09-23T14:37:13.626+0000] {processor.py:914} INFO - Processing file /opt/airflow/dags/dss150p_pipeline.py for tasks to queue
[2026-09-23T14:37:13.632+0000] {logging_mixin.py:190} INFO - [2026-09-23T14:37:13.631+0000] {dagbag.py:588} INFO - Filling up the DagBag from /opt/airflow/dags/dss150p_pipeline.py
[2026-09-23T14:37:13.668+0000] {processor.py:925} INFO - DAG(s) 'dss150p_sales_pipeline' retrieved from /opt/airflow/dags/dss150p_pipeline.py
[2026-09-23T14:37:13.752+0000] {logging_mixin.py:190} INFO - [2026-09-23T14:37:13.751+0000] {dag.py:3239} INFO - Sync 1 DAGs
[2026-09-23T14:37:13.789+0000] {logging_mixin.py:190} INFO - [2026-09-23T14:37:13.788+0000] {dag.py:4180} INFO - Setting next_dagrun for dss150p_sales_pipeline to 2026-09-22 02:00:00+00:00, run_after=2026-09-23 02:00:00+00:00
[2026-09-23T14:37:13.821+0000] {processor.py:208} INFO - Processing /opt/airflow/dags/dss150p_pipeline.py took 0.208 seconds
[2026-09-23T14:37:44.130+0000] {processor.py:186} INFO - Started process (PID=369) to work on /opt/airflow/dags/dss150p_pipeline.py
[2026-09-23T14:37:44.133+0000] {processor.py:914} INFO - Processing file /opt/airflow/dags/dss150p_pipeline.py for tasks to queue
[2026-09-23T14:37:44.139+0000] {logging_mixin.py:190} INFO - [2026-09-23T14:37:44.138+0000] {dagbag.py:588} INFO - Filling up the DagBag from /opt/airflow/dags/dss150p_pipeline.py
[2026-09-23T14:37:44.182+0000] {processor.py:925} INFO - DAG(s) 'dss150p_sales_pipeline' retrieved from /opt/airflow/dags/dss150p_pipeline.py
[2026-09-23T14:37:44.277+0000] {logging_mixin.py:190} INFO - [2026-09-23T14:37:44.276+0000] {dag.py:3239} INFO - Sync 1 DAGs
[2026-09-23T14:37:44.320+0000] {logging_mixin.py:190} INFO - [2026-09-23T14:37:44.319+0000] {dag.py:4180} INFO - Setting next_dagrun for dss150p_sales_pipeline to 2026-09-22 02:00:00+00:00, run_after=2026-09-23 02:00:00+00:00
[2026-09-23T14:37:44.356+0000] {processor.py:208} INFO - Processing /opt/airflow/dags/dss150p_pipeline.py took 0.239 seconds
[2026-09-23T14:38:14.510+0000] {processor.py:186} INFO - Started process (PID=374) to work on /opt/airflow/dags/dss150p_pipeline.py
[2026-09-23T14:38:14.513+0000] {processor.py:914} INFO - Processing file /opt/airflow/dags/dss150p_pipeline.py for tasks to queue
[2026-09-23T14:38:14.518+0000] {logging_mixin.py:190} INFO - [2026-09-23T14:38:14.518+0000] {dagbag.py:588} INFO - Filling up the DagBag from /opt/airflow/dags/dss150p_pipeline.py
[2026-09-23T14:38:14.557+0000] {processor.py:925} INFO - DAG(s) 'dss150p_sales_pipeline' retrieved from /opt/airflow/dags/dss150p_pipeline.py
[2026-09-23T14:38:14.640+0000] {logging_mixin.py:190} INFO - [2026-09-23T14:38:14.639+0000] {dag.py:3239} INFO - Sync 1 DAGs
[2026-09-23T14:38:14.693+0000] {logging_mixin.py:190} INFO - [2026-09-23T14:38:14.693+0000] {dag.py:4180} INFO - Setting next_dagrun for dss150p_sales_pipeline to 2026-09-22 02:00:00+00:00, run_after=2026-09-23 02:00:00+00:00
[2026-09-23T14:38:14.744+0000] {processor.py:208} INFO - Processing /opt/airflow/dags/dss150p_pipeline.py took 0.244 seconds
[2026-09-23T14:38:45.184+0000] {processor.py:186} INFO - Started process (PID=379) to work on /opt/airflow/dags/dss150p_pipeline.py
[2026-09-23T14:38:45.186+0000] {processor.py:914} INFO - Processing file /opt/airflow/dags/dss150p_pipeline.py for tasks to queue
[2026-09-23T14:38:45.191+0000] {logging_mixin.py:190} INFO - [2026-09-23T14:38:45.190+0000] {dagbag.py:588} INFO - Filling up the DagBag from /opt/airflow/dags/dss150p_pipeline.py
[2026-09-23T14:38:45.235+0000] {processor.py:925} INFO - DAG(s) 'dss150p_sales_pipeline' retrieved from /opt/airflow/dags/dss150p_pipeline.py
[2026-09-23T14:38:45.341+0000] {logging_mixin.py:190} INFO - [2026-09-23T14:38:45.340+0000] {dag.py:3239} INFO - Sync 1 DAGs
[2026-09-23T14:38:45.382+0000] {logging_mixin.py:190} INFO - [2026-09-23T14:38:45.381+0000] {dag.py:4180} INFO - Setting next_dagrun for dss150p_sales_pipeline to 2026-09-22 02:00:00+00:00, run_after=2026-09-23 02:00:00+00:00
[2026-09-23T14:38:45.421+0000] {processor.py:208} INFO - Processing /opt/airflow/dags/dss150p_pipeline.py took 0.249 seconds
[2026-09-23T14:39:15.551+0000] {processor.py:186} INFO - Started process (PID=384) to work on /opt/airflow/dags/dss150p_pipeline.py
[2026-09-23T14:39:15.554+0000] {processor.py:914} INFO - Processing file /opt/airflow/dags/dss150p_pipeline.py for tasks to queue
[2026-09-23T14:39:15.561+0000] {logging_mixin.py:190} INFO - [2026-09-23T14:39:15.560+0000] {dagbag.py:588} INFO - Filling up the DagBag from /opt/airflow/dags/dss150p_pipeline.py
[2026-09-23T14:39:15.608+0000] {processor.py:925} INFO - DAG(s) 'dss150p_sales_pipeline' retrieved from /opt/airflow/dags/dss150p_pipeline.py
[2026-09-23T14:39:15.691+0000] {logging_mixin.py:190} INFO - [2026-09-23T14:39:15.691+0000] {dag.py:3239} INFO - Sync 1 DAGs
[2026-09-23T14:39:15.729+0000] {logging_mixin.py:190} INFO - [2026-09-23T14:39:15.728+0000] {dag.py:4180} INFO - Setting next_dagrun for dss150p_sales_pipeline to 2026-09-22 02:00:00+00:00, run_after=2026-09-23 02:00:00+00:00
[2026-09-23T14:39:15.760+0000] {processor.py:208} INFO - Processing /opt/airflow/dags/dss150p_pipeline.py took 0.222 seconds
[2026-09-23T14:39:46.109+0000] {processor.py:186} INFO - Started process (PID=389) to work on /opt/airflow/dags/dss150p_pipeline.py
[2026-09-23T14:39:46.112+0000] {processor.py:914} INFO - Processing file /opt/airflow/dags/dss150p_pipeline.py for tasks to queue
[2026-09-23T14:39:46.117+0000] {logging_mixin.py:190} INFO - [2026-09-23T14:39:46.116+0000] {dagbag.py:588} INFO - Filling up the DagBag from /opt/airflow/dags/dss150p_pipeline.py
[2026-09-23T14:39:46.155+0000] {processor.py:925} INFO - DAG(s) 'dss150p_sales_pipeline' retrieved from /opt/airflow/dags/dss150p_pipeline.py
[2026-09-23T14:39:46.242+0000] {logging_mixin.py:190} INFO - [2026-09-23T14:39:46.241+0000] {dag.py:3239} INFO - Sync 1 DAGs
[2026-09-23T14:39:46.293+0000] {logging_mixin.py:190} INFO - [2026-09-23T14:39:46.292+0000] {dag.py:4180} INFO - Setting next_dagrun for dss150p_sales_pipeline to 2026-09-22 02:00:00+00:00, run_after=2026-09-23 02:00:00+00:00
[2026-09-23T14:39:46.344+0000] {processor.py:208} INFO - Processing /opt/airflow/dags/dss150p_pipeline.py took 0.245 seconds
[2026-09-23T14:40:16.464+0000] {processor.py:186} INFO - Started process (PID=394) to work on /opt/airflow/dags/dss150p_pipeline.py
[2026-09-23T14:40:16.466+0000] {processor.py:914} INFO - Processing file /opt/airflow/dags/dss150p_pipeline.py for tasks to queue
[2026-09-23T14:40:16.471+0000] {logging_mixin.py:190} INFO - [2026-09-23T14:40:16.471+0000] {dagbag.py:588} INFO - Filling up the DagBag from /opt/airflow/dags/dss150p_pipeline.py
[2026-09-23T14:40:16.513+0000] {processor.py:925} INFO - DAG(s) 'dss150p_sales_pipeline' retrieved from /opt/airflow/dags/dss150p_pipeline.py
[2026-09-23T14:40:16.604+0000] {logging_mixin.py:190} INFO - [2026-09-23T14:40:16.604+0000] {dag.py:3239} INFO - Sync 1 DAGs
[2026-09-23T14:40:16.647+0000] {logging_mixin.py:190} INFO - [2026-09-23T14:40:16.646+0000] {dag.py:4180} INFO - Setting next_dagrun for dss150p_sales_pipeline to 2026-09-22 02:00:00+00:00, run_after=2026-09-23 02:00:00+00:00
[2026-09-23T14:40:16.726+0000] {processor.py:208} INFO - Processing /opt/airflow/dags/dss150p_pipeline.py took 0.273 seconds
[2026-09-23T14:40:47.135+0000] {processor.py:186} INFO - Started process (PID=399) to work on /opt/airflow/dags/dss150p_pipeline.py
[2026-09-23T14:40:47.139+0000] {processor.py:914} INFO - Processing file /opt/airflow/dags/dss150p_pipeline.py for tasks to queue
[2026-09-23T14:40:47.148+0000] {logging_mixin.py:190} INFO - [2026-09-23T14:40:47.147+0000] {dagbag.py:588} INFO - Filling up the DagBag from /opt/airflow/dags/dss150p_pipeline.py
[2026-09-23T14:40:47.214+0000] {processor.py:925} INFO - DAG(s) 'dss150p_sales_pipeline' retrieved from /opt/airflow/dags/dss150p_pipeline.py
[2026-09-23T14:40:47.313+0000] {logging_mixin.py:190} INFO - [2026-09-23T14:40:47.313+0000] {dag.py:3239} INFO - Sync 1 DAGs
[2026-09-23T14:40:47.354+0000] {logging_mixin.py:190} INFO - [2026-09-23T14:40:47.354+0000] {dag.py:4180} INFO - Setting next_dagrun for dss150p_sales_pipeline to 2026-09-22 02:00:00+00:00, run_after=2026-09-23 02:00:00+00:00
[2026-09-23T14:40:47.386+0000] {processor.py:208} INFO - Processing /opt/airflow/dags/dss150p_pipeline.py took 0.266 seconds
[2026-09-23T14:41:17.778+0000] {processor.py:186} INFO - Started process (PID=404) to work on /opt/airflow/dags/dss150p_pipeline.py
[2026-09-23T14:41:17.780+0000] {processor.py:914} INFO - Processing file /opt/airflow/dags/dss150p_pipeline.py for tasks to queue
[2026-09-23T14:41:17.785+0000] {logging_mixin.py:190} INFO - [2026-09-23T14:41:17.784+0000] {dagbag.py:588} INFO - Filling up the DagBag from /opt/airflow/dags/dss150p_pipeline.py
[2026-09-23T14:41:17.825+0000] {processor.py:925} INFO - DAG(s) 'dss150p_sales_pipeline' retrieved from /opt/airflow/dags/dss150p_pipeline.py
[2026-09-23T14:41:17.912+0000] {logging_mixin.py:190} INFO - [2026-09-23T14:41:17.912+0000] {dag.py:3239} INFO - Sync 1 DAGs
[2026-09-23T14:41:17.950+0000] {logging_mixin.py:190} INFO - [2026-09-23T14:41:17.950+0000] {dag.py:4180} INFO - Setting next_dagrun for dss150p_sales_pipeline to 2026-09-22 02:00:00+00:00, run_after=2026-09-23 02:00:00+00:00
[2026-09-23T14:41:17.981+0000] {processor.py:208} INFO - Processing /opt/airflow/dags/dss150p_pipeline.py took 0.213 seconds
[2026-09-23T14:41:48.136+0000] {processor.py:186} INFO - Started process (PID=409) to work on /opt/airflow/dags/dss150p_pipeline.py
[2026-09-23T14:41:48.140+0000] {processor.py:914} INFO - Processing file /opt/airflow/dags/dss150p_pipeline.py for tasks to queue
[2026-09-23T14:41:48.146+0000] {logging_mixin.py:190} INFO - [2026-09-23T14:41:48.146+0000] {dagbag.py:588} INFO - Filling up the DagBag from /opt/airflow/dags/dss150p_pipeline.py
[2026-09-23T14:41:48.190+0000] {processor.py:925} INFO - DAG(s) 'dss150p_sales_pipeline' retrieved from /opt/airflow/dags/dss150p_pipeline.py
[2026-09-23T14:41:48.274+0000] {logging_mixin.py:190} INFO - [2026-09-23T14:41:48.273+0000] {dag.py:3239} INFO - Sync 1 DAGs
[2026-09-23T14:41:48.311+0000] {logging_mixin.py:190} INFO - [2026-09-23T14:41:48.311+0000] {dag.py:4180} INFO - Setting next_dagrun for dss150p_sales_pipeline to 2026-09-22 02:00:00+00:00, run_after=2026-09-23 02:00:00+00:00
[2026-09-23T14:41:48.346+0000] {processor.py:208} INFO - Processing /opt/airflow/dags/dss150p_pipeline.py took 0.224 seconds
[2026-09-23T14:42:18.713+0000] {processor.py:186} INFO - Started process (PID=414) to work on /opt/airflow/dags/dss150p_pipeline.py
[2026-09-23T14:42:18.715+0000] {processor.py:914} INFO - Processing file /opt/airflow/dags/dss150p_pipeline.py for tasks to queue
[2026-09-23T14:42:18.723+0000] {logging_mixin.py:190} INFO - [2026-09-23T14:42:18.722+0000] {dagbag.py:588} INFO - Filling up the DagBag from /opt/airflow/dags/dss150p_pipeline.py
[2026-09-23T14:42:18.766+0000] {processor.py:925} INFO - DAG(s) 'dss150p_sales_pipeline' retrieved from /opt/airflow/dags/dss150p_pipeline.py
[2026-09-23T14:42:18.852+0000] {logging_mixin.py:190} INFO - [2026-09-23T14:42:18.852+0000] {dag.py:3239} INFO - Sync 1 DAGs
[2026-09-23T14:42:18.896+0000] {logging_mixin.py:190} INFO - [2026-09-23T14:42:18.896+0000] {dag.py:4180} INFO - Setting next_dagrun for dss150p_sales_pipeline to 2026-09-22 02:00:00+00:00, run_after=2026-09-23 02:00:00+00:00
[2026-09-23T14:42:18.931+0000] {processor.py:208} INFO - Processing /opt/airflow/dags/dss150p_pipeline.py took 0.229 seconds
[2026-09-23T14:42:49.057+0000] {processor.py:186} INFO - Started process (PID=419) to work on /opt/airflow/dags/dss150p_pipeline.py
[2026-09-23T14:42:49.060+0000] {processor.py:914} INFO - Processing file /opt/airflow/dags/dss150p_pipeline.py for tasks to queue
[2026-09-23T14:42:49.065+0000] {logging_mixin.py:190} INFO - [2026-09-23T14:42:49.065+0000] {dagbag.py:588} INFO - Filling up the DagBag from /opt/airflow/dags/dss150p_pipeline.py
[2026-09-23T14:42:49.107+0000] {processor.py:925} INFO - DAG(s) 'dss150p_sales_pipeline' retrieved from /opt/airflow/dags/dss150p_pipeline.py
[2026-09-23T14:42:49.191+0000] {logging_mixin.py:190} INFO - [2026-09-23T14:42:49.191+0000] {dag.py:3239} INFO - Sync 1 DAGs
[2026-09-23T14:42:49.231+0000] {logging_mixin.py:190} INFO - [2026-09-23T14:42:49.231+0000] {dag.py:4180} INFO - Setting next_dagrun for dss150p_sales_pipeline to 2026-09-22 02:00:00+00:00, run_after=2026-09-23 02:00:00+00:00
[2026-09-23T14:42:49.266+0000] {processor.py:208} INFO - Processing /opt/airflow/dags/dss150p_pipeline.py took 0.222 seconds
[2026-09-23T14:43:19.624+0000] {processor.py:186} INFO - Started process (PID=424) to work on /opt/airflow/dags/dss150p_pipeline.py
[2026-09-23T14:43:19.627+0000] {processor.py:914} INFO - Processing file /opt/airflow/dags/dss150p_pipeline.py for tasks to queue
[2026-09-23T14:43:19.633+0000] {logging_mixin.py:190} INFO - [2026-09-23T14:43:19.633+0000] {dagbag.py:588} INFO - Filling up the DagBag from /opt/airflow/dags/dss150p_pipeline.py
[2026-09-23T14:43:19.689+0000] {processor.py:925} INFO - DAG(s) 'dss150p_sales_pipeline' retrieved from /opt/airflow/dags/dss150p_pipeline.py
[2026-09-23T14:43:19.795+0000] {logging_mixin.py:190} INFO - [2026-09-23T14:43:19.795+0000] {dag.py:3239} INFO - Sync 1 DAGs
[2026-09-23T14:43:19.842+0000] {logging_mixin.py:190} INFO - [2026-09-23T14:43:19.842+0000] {dag.py:4180} INFO - Setting next_dagrun for dss150p_sales_pipeline to 2026-09-22 02:00:00+00:00, run_after=2026-09-23 02:00:00+00:00
[2026-09-23T14:43:19.877+0000] {processor.py:208} INFO - Processing /opt/airflow/dags/dss150p_pipeline.py took 0.264 seconds
[2026-09-23T14:43:50.106+0000] {processor.py:186} INFO - Started process (PID=429) to work on /opt/airflow/dags/dss150p_pipeline.py
[2026-09-23T14:43:50.109+0000] {processor.py:914} INFO - Processing file /opt/airflow/dags/dss150p_pipeline.py for tasks to queue
[2026-09-23T14:43:50.122+0000] {logging_mixin.py:190} INFO - [2026-09-23T14:43:50.116+0000] {dagbag.py:588} INFO - Filling up the DagBag from /opt/airflow/dags/dss150p_pipeline.py
[2026-09-23T14:43:50.195+0000] {processor.py:925} INFO - DAG(s) 'dss150p_sales_pipeline' retrieved from /opt/airflow/dags/dss150p_pipeline.py
[2026-09-23T14:43:50.310+0000] {logging_mixin.py:190} INFO - [2026-09-23T14:43:50.310+0000] {dag.py:3239} INFO - Sync 1 DAGs
[2026-09-23T14:43:50.367+0000] {logging_mixin.py:190} INFO - [2026-09-23T14:43:50.366+0000] {dag.py:4180} INFO - Setting next_dagrun for dss150p_sales_pipeline to 2026-09-22 02:00:00+00:00, run_after=2026-09-23 02:00:00+00:00
[2026-09-23T14:43:50.417+0000] {processor.py:208} INFO - Processing /opt/airflow/dags/dss150p_pipeline.py took 0.407 seconds
[2026-09-23T14:44:20.606+0000] {processor.py:186} INFO - Started process (PID=434) to work on /opt/airflow/dags/dss150p_pipeline.py
[2026-09-23T14:44:20.609+0000] {processor.py:914} INFO - Processing file /opt/airflow/dags/dss150p_pipeline.py for tasks to queue
[2026-09-23T14:44:20.617+0000] {logging_mixin.py:190} INFO - [2026-09-23T14:44:20.616+0000] {dagbag.py:588} INFO - Filling up the DagBag from /opt/airflow/dags/dss150p_pipeline.py
[2026-09-23T14:44:20.660+0000] {processor.py:925} INFO - DAG(s) 'dss150p_sales_pipeline' retrieved from /opt/airflow/dags/dss150p_pipeline.py
[2026-09-23T14:44:20.775+0000] {logging_mixin.py:190} INFO - [2026-09-23T14:44:20.774+0000] {dag.py:3239} INFO - Sync 1 DAGs
[2026-09-23T14:44:20.830+0000] {logging_mixin.py:190} INFO - [2026-09-23T14:44:20.829+0000] {dag.py:4180} INFO - Setting next_dagrun for dss150p_sales_pipeline to 2026-09-22 02:00:00+00:00, run_after=2026-09-23 02:00:00+00:00
[2026-09-23T14:44:20.872+0000] {processor.py:208} INFO - Processing /opt/airflow/dags/dss150p_pipeline.py took 0.278 seconds
[2026-09-23T14:44:51.148+0000] {processor.py:186} INFO - Started process (PID=439) to work on /opt/airflow/dags/dss150p_pipeline.py
[2026-09-23T14:44:51.151+0000] {processor.py:914} INFO - Processing file /opt/airflow/dags/dss150p_pipeline.py for tasks to queue
[2026-09-23T14:44:51.157+0000] {logging_mixin.py:190} INFO - [2026-09-23T14:44:51.156+0000] {dagbag.py:588} INFO - Filling up the DagBag from /opt/airflow/dags/dss150p_pipeline.py
[2026-09-23T14:44:51.209+0000] {processor.py:925} INFO - DAG(s) 'dss150p_sales_pipeline' retrieved from /opt/airflow/dags/dss150p_pipeline.py
[2026-09-23T14:44:51.307+0000] {logging_mixin.py:190} INFO - [2026-09-23T14:44:51.307+0000] {dag.py:3239} INFO - Sync 1 DAGs
[2026-09-23T14:44:51.351+0000] {logging_mixin.py:190} INFO - [2026-09-23T14:44:51.351+0000] {dag.py:4180} INFO - Setting next_dagrun for dss150p_sales_pipeline to 2026-09-22 02:00:00+00:00, run_after=2026-09-23 02:00:00+00:00
[2026-09-23T14:44:51.388+0000] {processor.py:208} INFO - Processing /opt/airflow/dags/dss150p_pipeline.py took 0.255 seconds
[2026-09-23T14:45:21.710+0000] {processor.py:186} INFO - Started process (PID=444) to work on /opt/airflow/dags/dss150p_pipeline.py
[2026-09-23T14:45:21.715+0000] {processor.py:914} INFO - Processing file /opt/airflow/dags/dss150p_pipeline.py for tasks to queue
[2026-09-23T14:45:21.728+0000] {logging_mixin.py:190} INFO - [2026-09-23T14:45:21.727+0000] {dagbag.py:588} INFO - Filling up the DagBag from /opt/airflow/dags/dss150p_pipeline.py
[2026-09-23T14:45:21.829+0000] {processor.py:925} INFO - DAG(s) 'dss150p_sales_pipeline' retrieved from /opt/airflow/dags/dss150p_pipeline.py
[2026-09-23T14:45:22.045+0000] {logging_mixin.py:190} INFO - [2026-09-23T14:45:22.044+0000] {dag.py:3239} INFO - Sync 1 DAGs
[2026-09-23T14:45:22.130+0000] {logging_mixin.py:190} INFO - [2026-09-23T14:45:22.130+0000] {dag.py:4180} INFO - Setting next_dagrun for dss150p_sales_pipeline to 2026-09-22 02:00:00+00:00, run_after=2026-09-23 02:00:00+00:00
[2026-09-23T14:45:22.181+0000] {processor.py:208} INFO - Processing /opt/airflow/dags/dss150p_pipeline.py took 0.504 seconds
[2026-09-23T14:45:52.628+0000] {processor.py:186} INFO - Started process (PID=455) to work on /opt/airflow/dags/dss150p_pipeline.py
[2026-09-23T14:45:52.639+0000] {processor.py:914} INFO - Processing file /opt/airflow/dags/dss150p_pipeline.py for tasks to queue
[2026-09-23T14:45:52.651+0000] {logging_mixin.py:190} INFO - [2026-09-23T14:45:52.650+0000] {dagbag.py:588} INFO - Filling up the DagBag from /opt/airflow/dags/dss150p_pipeline.py
[2026-09-23T14:45:52.745+0000] {processor.py:925} INFO - DAG(s) 'dss150p_sales_pipeline' retrieved from /opt/airflow/dags/dss150p_pipeline.py
[2026-09-23T14:45:52.873+0000] {logging_mixin.py:190} INFO - [2026-09-23T14:45:52.872+0000] {dag.py:3239} INFO - Sync 1 DAGs
[2026-09-23T14:45:52.919+0000] {logging_mixin.py:190} INFO - [2026-09-23T14:45:52.919+0000] {dag.py:4180} INFO - Setting next_dagrun for dss150p_sales_pipeline to 2026-09-22 02:00:00+00:00, run_after=2026-09-23 02:00:00+00:00
[2026-09-23T14:45:52.958+0000] {processor.py:208} INFO - Processing /opt/airflow/dags/dss150p_pipeline.py took 0.362 seconds
[2026-09-23T14:46:23.311+0000] {processor.py:186} INFO - Started process (PID=515) to work on /opt/airflow/dags/dss150p_pipeline.py
[2026-09-23T14:46:23.316+0000] {processor.py:914} INFO - Processing file /opt/airflow/dags/dss150p_pipeline.py for tasks to queue
[2026-09-23T14:46:23.354+0000] {logging_mixin.py:190} INFO - [2026-09-23T14:46:23.350+0000] {dagbag.py:588} INFO - Filling up the DagBag from /opt/airflow/dags/dss150p_pipeline.py
[2026-09-23T14:46:23.551+0000] {processor.py:925} INFO - DAG(s) 'dss150p_sales_pipeline' retrieved from /opt/airflow/dags/dss150p_pipeline.py
[2026-09-23T14:46:23.873+0000] {logging_mixin.py:190} INFO - [2026-09-23T14:46:23.872+0000] {dag.py:3239} INFO - Sync 1 DAGs
[2026-09-23T14:46:24.036+0000] {logging_mixin.py:190} INFO - [2026-09-23T14:46:24.035+0000] {dag.py:4180} INFO - Setting next_dagrun for dss150p_sales_pipeline to 2026-09-22 02:00:00+00:00, run_after=2026-09-23 02:00:00+00:00
[2026-09-23T14:46:24.116+0000] {processor.py:208} INFO - Processing /opt/airflow/dags/dss150p_pipeline.py took 0.887 seconds
[2026-09-23T14:46:54.757+0000] {processor.py:186} INFO - Started process (PID=541) to work on /opt/airflow/dags/dss150p_pipeline.py
[2026-09-23T14:46:54.759+0000] {processor.py:914} INFO - Processing file /opt/airflow/dags/dss150p_pipeline.py for tasks to queue
[2026-09-23T14:46:54.766+0000] {logging_mixin.py:190} INFO - [2026-09-23T14:46:54.766+0000] {dagbag.py:588} INFO - Filling up the DagBag from /opt/airflow/dags/dss150p_pipeline.py
[2026-09-23T14:46:54.831+0000] {processor.py:925} INFO - DAG(s) 'dss150p_sales_pipeline' retrieved from /opt/airflow/dags/dss150p_pipeline.py
[2026-09-23T14:46:54.946+0000] {logging_mixin.py:190} INFO - [2026-09-23T14:46:54.945+0000] {dag.py:3239} INFO - Sync 1 DAGs
[2026-09-23T14:46:55.161+0000] {logging_mixin.py:190} INFO - [2026-09-23T14:46:55.161+0000] {dag.py:4180} INFO - Setting next_dagrun for dss150p_sales_pipeline to 2026-09-22 02:00:00+00:00, run_after=2026-09-23 02:00:00+00:00
[2026-09-23T14:46:55.336+0000] {processor.py:208} INFO - Processing /opt/airflow/dags/dss150p_pipeline.py took 0.591 seconds
[2026-09-23T14:47:25.718+0000] {processor.py:186} INFO - Started process (PID=546) to work on /opt/airflow/dags/dss150p_pipeline.py
[2026-09-23T14:47:25.722+0000] {processor.py:914} INFO - Processing file /opt/airflow/dags/dss150p_pipeline.py for tasks to queue
[2026-09-23T14:47:25.729+0000] {logging_mixin.py:190} INFO - [2026-09-23T14:47:25.727+0000] {dagbag.py:588} INFO - Filling up the DagBag from /opt/airflow/dags/dss150p_pipeline.py
[2026-09-23T14:47:25.771+0000] {processor.py:925} INFO - DAG(s) 'dss150p_sales_pipeline' retrieved from /opt/airflow/dags/dss150p_pipeline.py
[2026-09-23T14:47:25.889+0000] {logging_mixin.py:190} INFO - [2026-09-23T14:47:25.888+0000] {dag.py:3239} INFO - Sync 1 DAGs
[2026-09-23T14:47:25.941+0000] {logging_mixin.py:190} INFO - [2026-09-23T14:47:25.941+0000] {dag.py:4180} INFO - Setting next_dagrun for dss150p_sales_pipeline to 2026-09-22 02:00:00+00:00, run_after=2026-09-23 02:00:00+00:00
[2026-09-23T14:47:25.975+0000] {processor.py:208} INFO - Processing /opt/airflow/dags/dss150p_pipeline.py took 0.273 seconds
[2026-09-23T14:47:56.395+0000] {processor.py:186} INFO - Started process (PID=551) to work on /opt/airflow/dags/dss150p_pipeline.py
[2026-09-23T14:47:56.399+0000] {processor.py:914} INFO - Processing file /opt/airflow/dags/dss150p_pipeline.py for tasks to queue
[2026-09-23T14:47:56.407+0000] {logging_mixin.py:190} INFO - [2026-09-23T14:47:56.406+0000] {dagbag.py:588} INFO - Filling up the DagBag from /opt/airflow/dags/dss150p_pipeline.py
[2026-09-23T14:47:56.458+0000] {processor.py:925} INFO - DAG(s) 'dss150p_sales_pipeline' retrieved from /opt/airflow/dags/dss150p_pipeline.py
[2026-09-23T14:47:56.572+0000] {logging_mixin.py:190} INFO - [2026-09-23T14:47:56.572+0000] {dag.py:3239} INFO - Sync 1 DAGs
[2026-09-23T14:47:56.629+0000] {logging_mixin.py:190} INFO - [2026-09-23T14:47:56.628+0000] {dag.py:4180} INFO - Setting next_dagrun for dss150p_sales_pipeline to 2026-09-22 02:00:00+00:00, run_after=2026-09-23 02:00:00+00:00
[2026-09-23T14:47:56.665+0000] {processor.py:208} INFO - Processing /opt/airflow/dags/dss150p_pipeline.py took 0.285 seconds
[2026-09-23T14:48:27.102+0000] {processor.py:186} INFO - Started process (PID=556) to work on /opt/airflow/dags/dss150p_pipeline.py
[2026-09-23T14:48:27.105+0000] {processor.py:914} INFO - Processing file /opt/airflow/dags/dss150p_pipeline.py for tasks to queue
[2026-09-23T14:48:27.112+0000] {logging_mixin.py:190} INFO - [2026-09-23T14:48:27.112+0000] {dagbag.py:588} INFO - Filling up the DagBag from /opt/airflow/dags/dss150p_pipeline.py
[2026-09-23T14:48:27.164+0000] {processor.py:925} INFO - DAG(s) 'dss150p_sales_pipeline' retrieved from /opt/airflow/dags/dss150p_pipeline.py
[2026-09-23T14:48:27.281+0000] {logging_mixin.py:190} INFO - [2026-09-23T14:48:27.281+0000] {dag.py:3239} INFO - Sync 1 DAGs
[2026-09-23T14:48:27.332+0000] {logging_mixin.py:190} INFO - [2026-09-23T14:48:27.331+0000] {dag.py:4180} INFO - Setting next_dagrun for dss150p_sales_pipeline to 2026-09-22 02:00:00+00:00, run_after=2026-09-23 02:00:00+00:00
[2026-09-23T14:48:27.371+0000] {processor.py:208} INFO - Processing /opt/airflow/dags/dss150p_pipeline.py took 0.285 seconds
[2026-09-23T14:48:57.659+0000] {processor.py:186} INFO - Started process (PID=561) to work on /opt/airflow/dags/dss150p_pipeline.py
[2026-09-23T14:48:57.662+0000] {processor.py:914} INFO - Processing file /opt/airflow/dags/dss150p_pipeline.py for tasks to queue
[2026-09-23T14:48:57.668+0000] {logging_mixin.py:190} INFO - [2026-09-23T14:48:57.667+0000] {dagbag.py:588} INFO - Filling up the DagBag from /opt/airflow/dags/dss150p_pipeline.py
[2026-09-23T14:48:57.716+0000] {processor.py:925} INFO - DAG(s) 'dss150p_sales_pipeline' retrieved from /opt/airflow/dags/dss150p_pipeline.py
[2026-09-23T14:48:57.832+0000] {logging_mixin.py:190} INFO - [2026-09-23T14:48:57.831+0000] {dag.py:3239} INFO - Sync 1 DAGs
[2026-09-23T14:48:57.893+0000] {logging_mixin.py:190} INFO - [2026-09-23T14:48:57.892+0000] {dag.py:4180} INFO - Setting next_dagrun for dss150p_sales_pipeline to 2026-09-22 02:00:00+00:00, run_after=2026-09-23 02:00:00+00:00
[2026-09-23T14:48:57.936+0000] {processor.py:208} INFO - Processing /opt/airflow/dags/dss150p_pipeline.py took 0.290 seconds
[2026-09-23T14:49:28.132+0000] {processor.py:186} INFO - Started process (PID=566) to work on /opt/airflow/dags/dss150p_pipeline.py
[2026-09-23T14:49:28.137+0000] {processor.py:914} INFO - Processing file /opt/airflow/dags/dss150p_pipeline.py for tasks to queue
[2026-09-23T14:49:28.144+0000] {logging_mixin.py:190} INFO - [2026-09-23T14:49:28.143+0000] {dagbag.py:588} INFO - Filling up the DagBag from /opt/airflow/dags/dss150p_pipeline.py
[2026-09-23T14:49:28.212+0000] {processor.py:925} INFO - DAG(s) 'dss150p_sales_pipeline' retrieved from /opt/airflow/dags/dss150p_pipeline.py
[2026-09-23T14:49:28.307+0000] {logging_mixin.py:190} INFO - [2026-09-23T14:49:28.307+0000] {dag.py:3239} INFO - Sync 1 DAGs
[2026-09-23T14:49:28.345+0000] {logging_mixin.py:190} INFO - [2026-09-23T14:49:28.344+0000] {dag.py:4180} INFO - Setting next_dagrun for dss150p_sales_pipeline to 2026-09-22 02:00:00+00:00, run_after=2026-09-23 02:00:00+00:00
[2026-09-23T14:49:28.379+0000] {processor.py:208} INFO - Processing /opt/airflow/dags/dss150p_pipeline.py took 0.271 seconds
[2026-09-23T14:49:58.659+0000] {processor.py:186} INFO - Started process (PID=571) to work on /opt/airflow/dags/dss150p_pipeline.py
[2026-09-23T14:49:58.662+0000] {processor.py:914} INFO - Processing file /opt/airflow/dags/dss150p_pipeline.py for tasks to queue
[2026-09-23T14:49:58.667+0000] {logging_mixin.py:190} INFO - [2026-09-23T14:49:58.666+0000] {dagbag.py:588} INFO - Filling up the DagBag from /opt/airflow/dags/dss150p_pipeline.py
[2026-09-23T14:49:58.714+0000] {processor.py:925} INFO - DAG(s) 'dss150p_sales_pipeline' retrieved from /opt/airflow/dags/dss150p_pipeline.py
[2026-09-23T14:49:58.799+0000] {logging_mixin.py:190} INFO - [2026-09-23T14:49:58.799+0000] {dag.py:3239} INFO - Sync 1 DAGs
[2026-09-23T14:49:58.854+0000] {logging_mixin.py:190} INFO - [2026-09-23T14:49:58.854+0000] {dag.py:4180} INFO - Setting next_dagrun for dss150p_sales_pipeline to 2026-09-22 02:00:00+00:00, run_after=2026-09-23 02:00:00+00:00
[2026-09-23T14:49:58.902+0000] {processor.py:208} INFO - Processing /opt/airflow/dags/dss150p_pipeline.py took 0.256 seconds
[2026-09-23T14:50:29.278+0000] {processor.py:186} INFO - Started process (PID=591) to work on /opt/airflow/dags/dss150p_pipeline.py
[2026-09-23T14:50:29.281+0000] {processor.py:914} INFO - Processing file /opt/airflow/dags/dss150p_pipeline.py for tasks to queue
[2026-09-23T14:50:29.288+0000] {logging_mixin.py:190} INFO - [2026-09-23T14:50:29.288+0000] {dagbag.py:588} INFO - Filling up the DagBag from /opt/airflow/dags/dss150p_pipeline.py
[2026-09-23T14:50:29.355+0000] {processor.py:925} INFO - DAG(s) 'dss150p_sales_pipeline' retrieved from /opt/airflow/dags/dss150p_pipeline.py
[2026-09-23T14:50:29.466+0000] {logging_mixin.py:190} INFO - [2026-09-23T14:50:29.466+0000] {dag.py:3239} INFO - Sync 1 DAGs
[2026-09-23T14:50:29.518+0000] {logging_mixin.py:190} INFO - [2026-09-23T14:50:29.517+0000] {dag.py:4180} INFO - Setting next_dagrun for dss150p_sales_pipeline to 2026-09-22 02:00:00+00:00, run_after=2026-09-23 02:00:00+00:00
[2026-09-23T14:50:29.609+0000] {processor.py:208} INFO - Processing /opt/airflow/dags/dss150p_pipeline.py took 0.351 seconds
[2026-09-23T14:51:00.022+0000] {processor.py:186} INFO - Started process (PID=596) to work on /opt/airflow/dags/dss150p_pipeline.py
[2026-09-23T14:51:00.024+0000] {processor.py:914} INFO - Processing file /opt/airflow/dags/dss150p_pipeline.py for tasks to queue
[2026-09-23T14:51:00.030+0000] {logging_mixin.py:190} INFO - [2026-09-23T14:51:00.029+0000] {dagbag.py:588} INFO - Filling up the DagBag from /opt/airflow/dags/dss150p_pipeline.py
[2026-09-23T14:51:00.091+0000] {processor.py:925} INFO - DAG(s) 'dss150p_sales_pipeline' retrieved from /opt/airflow/dags/dss150p_pipeline.py
[2026-09-23T14:51:00.195+0000] {logging_mixin.py:190} INFO - [2026-09-23T14:51:00.195+0000] {dag.py:3239} INFO - Sync 1 DAGs
[2026-09-23T14:51:00.256+0000] {logging_mixin.py:190} INFO - [2026-09-23T14:51:00.255+0000] {dag.py:4180} INFO - Setting next_dagrun for dss150p_sales_pipeline to 2026-09-22 02:00:00+00:00, run_after=2026-09-23 02:00:00+00:00
[2026-09-23T14:51:00.306+0000] {processor.py:208} INFO - Processing /opt/airflow/dags/dss150p_pipeline.py took 0.299 seconds
[2026-09-23T14:51:30.691+0000] {processor.py:186} INFO - Started process (PID=601) to work on /opt/airflow/dags/dss150p_pipeline.py
[2026-09-23T14:51:30.693+0000] {processor.py:914} INFO - Processing file /opt/airflow/dags/dss150p_pipeline.py for tasks to queue
[2026-09-23T14:51:30.699+0000] {logging_mixin.py:190} INFO - [2026-09-23T14:51:30.699+0000] {dagbag.py:588} INFO - Filling up the DagBag from /opt/airflow/dags/dss150p_pipeline.py
[2026-09-23T14:51:30.749+0000] {processor.py:925} INFO - DAG(s) 'dss150p_sales_pipeline' retrieved from /opt/airflow/dags/dss150p_pipeline.py
[2026-09-23T14:51:30.839+0000] {logging_mixin.py:190} INFO - [2026-09-23T14:51:30.839+0000] {dag.py:3239} INFO - Sync 1 DAGs
[2026-09-23T14:51:30.878+0000] {logging_mixin.py:190} INFO - [2026-09-23T14:51:30.877+0000] {dag.py:4180} INFO - Setting next_dagrun for dss150p_sales_pipeline to 2026-09-22 02:00:00+00:00, run_after=2026-09-23 02:00:00+00:00
[2026-09-23T14:51:30.915+0000] {processor.py:208} INFO - Processing /opt/airflow/dags/dss150p_pipeline.py took 0.236 seconds
[2026-09-23T14:52:01.083+0000] {processor.py:186} INFO - Started process (PID=606) to work on /opt/airflow/dags/dss150p_pipeline.py
[2026-09-23T14:52:01.087+0000] {processor.py:914} INFO - Processing file /opt/airflow/dags/dss150p_pipeline.py for tasks to queue
[2026-09-23T14:52:01.093+0000] {logging_mixin.py:190} INFO - [2026-09-23T14:52:01.092+0000] {dagbag.py:588} INFO - Filling up the DagBag from /opt/airflow/dags/dss150p_pipeline.py
[2026-09-23T14:52:01.140+0000] {processor.py:925} INFO - DAG(s) 'dss150p_sales_pipeline' retrieved from /opt/airflow/dags/dss150p_pipeline.py
[2026-09-23T14:52:01.244+0000] {logging_mixin.py:190} INFO - [2026-09-23T14:52:01.243+0000] {dag.py:3239} INFO - Sync 1 DAGs
[2026-09-23T14:52:01.289+0000] {logging_mixin.py:190} INFO - [2026-09-23T14:52:01.289+0000] {dag.py:4180} INFO - Setting next_dagrun for dss150p_sales_pipeline to 2026-09-22 02:00:00+00:00, run_after=2026-09-23 02:00:00+00:00
[2026-09-23T14:52:01.326+0000] {processor.py:208} INFO - Processing /opt/airflow/dags/dss150p_pipeline.py took 0.257 seconds
[2026-09-23T14:52:31.547+0000] {processor.py:186} INFO - Started process (PID=611) to work on /opt/airflow/dags/dss150p_pipeline.py
[2026-09-23T14:52:31.551+0000] {processor.py:914} INFO - Processing file /opt/airflow/dags/dss150p_pipeline.py for tasks to queue
[2026-09-23T14:52:31.557+0000] {logging_mixin.py:190} INFO - [2026-09-23T14:52:31.556+0000] {dagbag.py:588} INFO - Filling up the DagBag from /opt/airflow/dags/dss150p_pipeline.py
[2026-09-23T14:52:31.597+0000] {processor.py:925} INFO - DAG(s) 'dss150p_sales_pipeline' retrieved from /opt/airflow/dags/dss150p_pipeline.py
[2026-09-23T14:52:31.683+0000] {logging_mixin.py:190} INFO - [2026-09-23T14:52:31.683+0000] {dag.py:3239} INFO - Sync 1 DAGs
[2026-09-23T14:52:31.723+0000] {logging_mixin.py:190} INFO - [2026-09-23T14:52:31.723+0000] {dag.py:4180} INFO - Setting next_dagrun for dss150p_sales_pipeline to 2026-09-22 02:00:00+00:00, run_after=2026-09-23 02:00:00+00:00
[2026-09-23T14:52:31.755+0000] {processor.py:208} INFO - Processing /opt/airflow/dags/dss150p_pipeline.py took 0.219 seconds
[2026-09-23T14:53:02.060+0000] {processor.py:186} INFO - Started process (PID=616) to work on /opt/airflow/dags/dss150p_pipeline.py
[2026-09-23T14:53:02.065+0000] {processor.py:914} INFO - Processing file /opt/airflow/dags/dss150p_pipeline.py for tasks to queue
[2026-09-23T14:53:02.074+0000] {logging_mixin.py:190} INFO - [2026-09-23T14:53:02.073+0000] {dagbag.py:588} INFO - Filling up the DagBag from /opt/airflow/dags/dss150p_pipeline.py
[2026-09-23T14:53:02.143+0000] {processor.py:925} INFO - DAG(s) 'dss150p_sales_pipeline' retrieved from /opt/airflow/dags/dss150p_pipeline.py
[2026-09-23T14:53:02.278+0000] {logging_mixin.py:190} INFO - [2026-09-23T14:53:02.277+0000] {dag.py:3239} INFO - Sync 1 DAGs
[2026-09-23T14:53:02.336+0000] {logging_mixin.py:190} INFO - [2026-09-23T14:53:02.335+0000] {dag.py:4180} INFO - Setting next_dagrun for dss150p_sales_pipeline to 2026-09-22 02:00:00+00:00, run_after=2026-09-23 02:00:00+00:00
[2026-09-23T14:53:02.392+0000] {processor.py:208} INFO - Processing /opt/airflow/dags/dss150p_pipeline.py took 0.354 seconds
[2026-09-23T14:53:32.777+0000] {processor.py:186} INFO - Started process (PID=621) to work on /opt/airflow/dags/dss150p_pipeline.py
[2026-09-23T14:53:32.780+0000] {processor.py:914} INFO - Processing file /opt/airflow/dags/dss150p_pipeline.py for tasks to queue
[2026-09-23T14:53:32.784+0000] {logging_mixin.py:190} INFO - [2026-09-23T14:53:32.784+0000] {dagbag.py:588} INFO - Filling up the DagBag from /opt/airflow/dags/dss150p_pipeline.py
[2026-09-23T14:53:32.827+0000] {processor.py:925} INFO - DAG(s) 'dss150p_sales_pipeline' retrieved from /opt/airflow/dags/dss150p_pipeline.py
[2026-09-23T14:53:32.915+0000] {logging_mixin.py:190} INFO - [2026-09-23T14:53:32.915+0000] {dag.py:3239} INFO - Sync 1 DAGs
[2026-09-23T14:53:32.953+0000] {logging_mixin.py:190} INFO - [2026-09-23T14:53:32.952+0000] {dag.py:4180} INFO - Setting next_dagrun for dss150p_sales_pipeline to 2026-09-22 02:00:00+00:00, run_after=2026-09-23 02:00:00+00:00
[2026-09-23T14:53:32.990+0000] {processor.py:208} INFO - Processing /opt/airflow/dags/dss150p_pipeline.py took 0.225 seconds
[2026-09-23T14:54:03.087+0000] {processor.py:186} INFO - Started process (PID=626) to work on /opt/airflow/dags/dss150p_pipeline.py
[2026-09-23T14:54:03.090+0000] {processor.py:914} INFO - Processing file /opt/airflow/dags/dss150p_pipeline.py for tasks to queue
[2026-09-23T14:54:03.096+0000] {logging_mixin.py:190} INFO - [2026-09-23T14:54:03.096+0000] {dagbag.py:588} INFO - Filling up the DagBag from /opt/airflow/dags/dss150p_pipeline.py
[2026-09-23T14:54:03.140+0000] {processor.py:925} INFO - DAG(s) 'dss150p_sales_pipeline' retrieved from /opt/airflow/dags/dss150p_pipeline.py
[2026-09-23T14:54:03.234+0000] {logging_mixin.py:190} INFO - [2026-09-23T14:54:03.233+0000] {dag.py:3239} INFO - Sync 1 DAGs
[2026-09-23T14:54:03.275+0000] {logging_mixin.py:190} INFO - [2026-09-23T14:54:03.275+0000] {dag.py:4180} INFO - Setting next_dagrun for dss150p_sales_pipeline to 2026-09-22 02:00:00+00:00, run_after=2026-09-23 02:00:00+00:00
[2026-09-23T14:54:03.311+0000] {processor.py:208} INFO - Processing /opt/airflow/dags/dss150p_pipeline.py took 0.238 seconds
[2026-09-23T14:54:33.662+0000] {processor.py:186} INFO - Started process (PID=631) to work on /opt/airflow/dags/dss150p_pipeline.py
[2026-09-23T14:54:33.665+0000] {processor.py:914} INFO - Processing file /opt/airflow/dags/dss150p_pipeline.py for tasks to queue
[2026-09-23T14:54:33.672+0000] {logging_mixin.py:190} INFO - [2026-09-23T14:54:33.670+0000] {dagbag.py:588} INFO - Filling up the DagBag from /opt/airflow/dags/dss150p_pipeline.py
[2026-09-23T14:54:33.714+0000] {processor.py:925} INFO - DAG(s) 'dss150p_sales_pipeline' retrieved from /opt/airflow/dags/dss150p_pipeline.py
[2026-09-23T14:54:33.797+0000] {logging_mixin.py:190} INFO - [2026-09-23T14:54:33.797+0000] {dag.py:3239} INFO - Sync 1 DAGs
[2026-09-23T14:54:33.842+0000] {logging_mixin.py:190} INFO - [2026-09-23T14:54:33.842+0000] {dag.py:4180} INFO - Setting next_dagrun for dss150p_sales_pipeline to 2026-09-22 02:00:00+00:00, run_after=2026-09-23 02:00:00+00:00
[2026-09-23T14:54:33.883+0000] {processor.py:208} INFO - Processing /opt/airflow/dags/dss150p_pipeline.py took 0.231 seconds
[2026-09-23T14:55:04.058+0000] {processor.py:186} INFO - Started process (PID=636) to work on /opt/airflow/dags/dss150p_pipeline.py
[2026-09-23T14:55:04.062+0000] {processor.py:914} INFO - Processing file /opt/airflow/dags/dss150p_pipeline.py for tasks to queue
[2026-09-23T14:55:04.077+0000] {logging_mixin.py:190} INFO - [2026-09-23T14:55:04.075+0000] {dagbag.py:588} INFO - Filling up the DagBag from /opt/airflow/dags/dss150p_pipeline.py
[2026-09-23T14:55:04.134+0000] {processor.py:925} INFO - DAG(s) 'dss150p_sales_pipeline' retrieved from /opt/airflow/dags/dss150p_pipeline.py
[2026-09-23T14:55:04.232+0000] {logging_mixin.py:190} INFO - [2026-09-23T14:55:04.232+0000] {dag.py:3239} INFO - Sync 1 DAGs
[2026-09-23T14:55:04.281+0000] {logging_mixin.py:190} INFO - [2026-09-23T14:55:04.280+0000] {dag.py:4180} INFO - Setting next_dagrun for dss150p_sales_pipeline to 2026-09-22 02:00:00+00:00, run_after=2026-09-23 02:00:00+00:00
[2026-09-23T14:55:04.315+0000] {processor.py:208} INFO - Processing /opt/airflow/dags/dss150p_pipeline.py took 0.282 seconds
[2026-09-23T14:55:34.631+0000] {processor.py:186} INFO - Started process (PID=641) to work on /opt/airflow/dags/dss150p_pipeline.py
[2026-09-23T14:55:34.634+0000] {processor.py:914} INFO - Processing file /opt/airflow/dags/dss150p_pipeline.py for tasks to queue
[2026-09-23T14:55:34.639+0000] {logging_mixin.py:190} INFO - [2026-09-23T14:55:34.638+0000] {dagbag.py:588} INFO - Filling up the DagBag from /opt/airflow/dags/dss150p_pipeline.py
[2026-09-23T14:55:34.679+0000] {processor.py:925} INFO - DAG(s) 'dss150p_sales_pipeline' retrieved from /opt/airflow/dags/dss150p_pipeline.py
[2026-09-23T14:55:34.760+0000] {logging_mixin.py:190} INFO - [2026-09-23T14:55:34.759+0000] {dag.py:3239} INFO - Sync 1 DAGs
[2026-09-23T14:55:34.806+0000] {logging_mixin.py:190} INFO - [2026-09-23T14:55:34.806+0000] {dag.py:4180} INFO - Setting next_dagrun for dss150p_sales_pipeline to 2026-09-22 02:00:00+00:00, run_after=2026-09-23 02:00:00+00:00
[2026-09-23T14:55:34.842+0000] {processor.py:208} INFO - Processing /opt/airflow/dags/dss150p_pipeline.py took 0.221 seconds
[2026-09-23T14:56:04.978+0000] {processor.py:186} INFO - Started process (PID=646) to work on /opt/airflow/dags/dss150p_pipeline.py
[2026-09-23T14:56:04.981+0000] {processor.py:914} INFO - Processing file /opt/airflow/dags/dss150p_pipeline.py for tasks to queue
[2026-09-23T14:56:04.986+0000] {logging_mixin.py:190} INFO - [2026-09-23T14:56:04.985+0000] {dagbag.py:588} INFO - Filling up the DagBag from /opt/airflow/dags/dss150p_pipeline.py
[2026-09-23T14:56:05.027+0000] {processor.py:925} INFO - DAG(s) 'dss150p_sales_pipeline' retrieved from /opt/airflow/dags/dss150p_pipeline.py
[2026-09-23T14:56:05.122+0000] {logging_mixin.py:190} INFO - [2026-09-23T14:56:05.122+0000] {dag.py:3239} INFO - Sync 1 DAGs
[2026-09-23T14:56:05.204+0000] {logging_mixin.py:190} INFO - [2026-09-23T14:56:05.204+0000] {dag.py:4180} INFO - Setting next_dagrun for dss150p_sales_pipeline to 2026-09-22 02:00:00+00:00, run_after=2026-09-23 02:00:00+00:00
[2026-09-23T14:56:05.253+0000] {processor.py:208} INFO - Processing /opt/airflow/dags/dss150p_pipeline.py took 0.285 seconds
[2026-09-23T14:56:35.597+0000] {processor.py:186} INFO - Started process (PID=651) to work on /opt/airflow/dags/dss150p_pipeline.py
[2026-09-23T14:56:35.600+0000] {processor.py:914} INFO - Processing file /opt/airflow/dags/dss150p_pipeline.py for tasks to queue
[2026-09-23T14:56:35.605+0000] {logging_mixin.py:190} INFO - [2026-09-23T14:56:35.604+0000] {dagbag.py:588} INFO - Filling up the DagBag from /opt/airflow/dags/dss150p_pipeline.py
[2026-09-23T14:56:35.650+0000] {processor.py:925} INFO - DAG(s) 'dss150p_sales_pipeline' retrieved from /opt/airflow/dags/dss150p_pipeline.py
[2026-09-23T14:56:35.778+0000] {logging_mixin.py:190} INFO - [2026-09-23T14:56:35.777+0000] {dag.py:3239} INFO - Sync 1 DAGs
[2026-09-23T14:56:35.828+0000] {logging_mixin.py:190} INFO - [2026-09-23T14:56:35.828+0000] {dag.py:4180} INFO - Setting next_dagrun for dss150p_sales_pipeline to 2026-09-22 02:00:00+00:00, run_after=2026-09-23 02:00:00+00:00
[2026-09-23T14:56:35.876+0000] {processor.py:208} INFO - Processing /opt/airflow/dags/dss150p_pipeline.py took 0.290 seconds
[2026-09-23T14:57:06.273+0000] {processor.py:186} INFO - Started process (PID=656) to work on /opt/airflow/dags/dss150p_pipeline.py
[2026-09-23T14:57:06.276+0000] {processor.py:914} INFO - Processing file /opt/airflow/dags/dss150p_pipeline.py for tasks to queue
[2026-09-23T14:57:06.283+0000] {logging_mixin.py:190} INFO - [2026-09-23T14:57:06.282+0000] {dagbag.py:588} INFO - Filling up the DagBag from /opt/airflow/dags/dss150p_pipeline.py
[2026-09-23T14:57:06.336+0000] {processor.py:925} INFO - DAG(s) 'dss150p_sales_pipeline' retrieved from /opt/airflow/dags/dss150p_pipeline.py
[2026-09-23T14:57:06.429+0000] {logging_mixin.py:190} INFO - [2026-09-23T14:57:06.429+0000] {dag.py:3239} INFO - Sync 1 DAGs
[2026-09-23T14:57:06.467+0000] {logging_mixin.py:190} INFO - [2026-09-23T14:57:06.466+0000] {dag.py:4180} INFO - Setting next_dagrun for dss150p_sales_pipeline to 2026-09-22 02:00:00+00:00, run_after=2026-09-23 02:00:00+00:00
[2026-09-23T14:57:06.505+0000] {processor.py:208} INFO - Processing /opt/airflow/dags/dss150p_pipeline.py took 0.247 seconds
[2026-09-23T14:57:36.886+0000] {processor.py:186} INFO - Started process (PID=667) to work on /opt/airflow/dags/dss150p_pipeline.py
[2026-09-23T14:57:36.888+0000] {processor.py:914} INFO - Processing file /opt/airflow/dags/dss150p_pipeline.py for tasks to queue
[2026-09-23T14:57:36.895+0000] {logging_mixin.py:190} INFO - [2026-09-23T14:57:36.894+0000] {dagbag.py:588} INFO - Filling up the DagBag from /opt/airflow/dags/dss150p_pipeline.py
[2026-09-23T14:57:36.947+0000] {processor.py:925} INFO - DAG(s) 'dss150p_sales_pipeline' retrieved from /opt/airflow/dags/dss150p_pipeline.py
[2026-09-23T14:57:37.066+0000] {logging_mixin.py:190} INFO - [2026-09-23T14:57:37.066+0000] {dag.py:3239} INFO - Sync 1 DAGs
[2026-09-23T14:57:37.118+0000] {logging_mixin.py:190} INFO - [2026-09-23T14:57:37.117+0000] {dag.py:4180} INFO - Setting next_dagrun for dss150p_sales_pipeline to 2026-09-22 02:00:00+00:00, run_after=2026-09-23 02:00:00+00:00
[2026-09-23T14:57:37.169+0000] {processor.py:208} INFO - Processing /opt/airflow/dags/dss150p_pipeline.py took 0.297 seconds
[2026-09-23T14:58:07.555+0000] {processor.py:186} INFO - Started process (PID=672) to work on /opt/airflow/dags/dss150p_pipeline.py
[2026-09-23T14:58:07.559+0000] {processor.py:914} INFO - Processing file /opt/airflow/dags/dss150p_pipeline.py for tasks to queue
[2026-09-23T14:58:07.565+0000] {logging_mixin.py:190} INFO - [2026-09-23T14:58:07.565+0000] {dagbag.py:588} INFO - Filling up the DagBag from /opt/airflow/dags/dss150p_pipeline.py
[2026-09-23T14:58:07.606+0000] {processor.py:925} INFO - DAG(s) 'dss150p_sales_pipeline' retrieved from /opt/airflow/dags/dss150p_pipeline.py
[2026-09-23T14:58:07.699+0000] {logging_mixin.py:190} INFO - [2026-09-23T14:58:07.698+0000] {dag.py:3239} INFO - Sync 1 DAGs
[2026-09-23T14:58:07.740+0000] {logging_mixin.py:190} INFO - [2026-09-23T14:58:07.740+0000] {dag.py:4180} INFO - Setting next_dagrun for dss150p_sales_pipeline to 2026-09-22 02:00:00+00:00, run_after=2026-09-23 02:00:00+00:00
[2026-09-23T14:58:07.777+0000] {processor.py:208} INFO - Processing /opt/airflow/dags/dss150p_pipeline.py took 0.234 seconds
[2026-09-23T14:58:37.940+0000] {processor.py:186} INFO - Started process (PID=677) to work on /opt/airflow/dags/dss150p_pipeline.py
[2026-09-23T14:58:37.943+0000] {processor.py:914} INFO - Processing file /opt/airflow/dags/dss150p_pipeline.py for tasks to queue
[2026-09-23T14:58:37.948+0000] {logging_mixin.py:190} INFO - [2026-09-23T14:58:37.947+0000] {dagbag.py:588} INFO - Filling up the DagBag from /opt/airflow/dags/dss150p_pipeline.py
[2026-09-23T14:58:37.994+0000] {processor.py:925} INFO - DAG(s) 'dss150p_sales_pipeline' retrieved from /opt/airflow/dags/dss150p_pipeline.py
[2026-09-23T14:58:38.108+0000] {logging_mixin.py:190} INFO - [2026-09-23T14:58:38.107+0000] {dag.py:3239} INFO - Sync 1 DAGs
[2026-09-23T14:58:38.160+0000] {logging_mixin.py:190} INFO - [2026-09-23T14:58:38.159+0000] {dag.py:4180} INFO - Setting next_dagrun for dss150p_sales_pipeline to 2026-09-22 02:00:00+00:00, run_after=2026-09-23 02:00:00+00:00
[2026-09-23T14:58:38.203+0000] {processor.py:208} INFO - Processing /opt/airflow/dags/dss150p_pipeline.py took 0.276 seconds
[2026-09-23T14:59:08.567+0000] {processor.py:186} INFO - Started process (PID=682) to work on /opt/airflow/dags/dss150p_pipeline.py
[2026-09-23T14:59:08.570+0000] {processor.py:914} INFO - Processing file /opt/airflow/dags/dss150p_pipeline.py for tasks to queue
[2026-09-23T14:59:08.575+0000] {logging_mixin.py:190} INFO - [2026-09-23T14:59:08.574+0000] {dagbag.py:588} INFO - Filling up the DagBag from /opt/airflow/dags/dss150p_pipeline.py
[2026-09-23T14:59:08.632+0000] {processor.py:925} INFO - DAG(s) 'dss150p_sales_pipeline' retrieved from /opt/airflow/dags/dss150p_pipeline.py
[2026-09-23T14:59:08.716+0000] {logging_mixin.py:190} INFO - [2026-09-23T14:59:08.716+0000] {dag.py:3239} INFO - Sync 1 DAGs
[2026-09-23T14:59:08.760+0000] {logging_mixin.py:190} INFO - [2026-09-23T14:59:08.760+0000] {dag.py:4180} INFO - Setting next_dagrun for dss150p_sales_pipeline to 2026-09-22 02:00:00+00:00, run_after=2026-09-23 02:00:00+00:00
[2026-09-23T14:59:08.797+0000] {processor.py:208} INFO - Processing /opt/airflow/dags/dss150p_pipeline.py took 0.245 seconds
[2026-09-23T14:59:38.999+0000] {processor.py:186} INFO - Started process (PID=687) to work on /opt/airflow/dags/dss150p_pipeline.py
[2026-09-23T14:59:39.002+0000] {processor.py:914} INFO - Processing file /opt/airflow/dags/dss150p_pipeline.py for tasks to queue
[2026-09-23T14:59:39.007+0000] {logging_mixin.py:190} INFO - [2026-09-23T14:59:39.006+0000] {dagbag.py:588} INFO - Filling up the DagBag from /opt/airflow/dags/dss150p_pipeline.py
[2026-09-23T14:59:39.054+0000] {processor.py:925} INFO - DAG(s) 'dss150p_sales_pipeline' retrieved from /opt/airflow/dags/dss150p_pipeline.py
[2026-09-23T14:59:39.156+0000] {logging_mixin.py:190} INFO - [2026-09-23T14:59:39.155+0000] {dag.py:3239} INFO - Sync 1 DAGs
[2026-09-23T14:59:39.200+0000] {logging_mixin.py:190} INFO - [2026-09-23T14:59:39.200+0000] {dag.py:4180} INFO - Setting next_dagrun for dss150p_sales_pipeline to 2026-09-22 02:00:00+00:00, run_after=2026-09-23 02:00:00+00:00
[2026-09-23T14:59:39.234+0000] {processor.py:208} INFO - Processing /opt/airflow/dags/dss150p_pipeline.py took 0.247 seconds
[2026-09-23T15:00:09.679+0000] {processor.py:186} INFO - Started process (PID=750) to work on /opt/airflow/dags/dss150p_pipeline.py
[2026-09-23T15:00:09.684+0000] {processor.py:914} INFO - Processing file /opt/airflow/dags/dss150p_pipeline.py for tasks to queue
[2026-09-23T15:00:09.706+0000] {logging_mixin.py:190} INFO - [2026-09-23T15:00:09.704+0000] {dagbag.py:588} INFO - Filling up the DagBag from /opt/airflow/dags/dss150p_pipeline.py
[2026-09-23T15:00:09.852+0000] {processor.py:925} INFO - DAG(s) 'dss150p_sales_pipeline' retrieved from /opt/airflow/dags/dss150p_pipeline.py
[2026-09-23T15:00:10.054+0000] {logging_mixin.py:190} INFO - [2026-09-23T15:00:10.053+0000] {dag.py:3239} INFO - Sync 1 DAGs
[2026-09-23T15:00:10.136+0000] {logging_mixin.py:190} INFO - [2026-09-23T15:00:10.136+0000] {dag.py:4180} INFO - Setting next_dagrun for dss150p_sales_pipeline to 2026-09-22 02:00:00+00:00, run_after=2026-09-23 02:00:00+00:00
[2026-09-23T15:00:10.186+0000] {processor.py:208} INFO - Processing /opt/airflow/dags/dss150p_pipeline.py took 0.548 seconds
[2026-09-23T15:00:40.623+0000] {processor.py:186} INFO - Started process (PID=784) to work on /opt/airflow/dags/dss150p_pipeline.py
[2026-09-23T15:00:40.626+0000] {processor.py:914} INFO - Processing file /opt/airflow/dags/dss150p_pipeline.py for tasks to queue
[2026-09-23T15:00:40.635+0000] {logging_mixin.py:190} INFO - [2026-09-23T15:00:40.634+0000] {dagbag.py:588} INFO - Filling up the DagBag from /opt/airflow/dags/dss150p_pipeline.py
[2026-09-23T15:00:40.696+0000] {processor.py:925} INFO - DAG(s) 'dss150p_sales_pipeline' retrieved from /opt/airflow/dags/dss150p_pipeline.py
[2026-09-23T15:00:40.812+0000] {logging_mixin.py:190} INFO - [2026-09-23T15:00:40.811+0000] {dag.py:3239} INFO - Sync 1 DAGs
[2026-09-23T15:00:40.873+0000] {logging_mixin.py:190} INFO - [2026-09-23T15:00:40.873+0000] {dag.py:4180} INFO - Setting next_dagrun for dss150p_sales_pipeline to 2026-09-22 02:00:00+00:00, run_after=2026-09-23 02:00:00+00:00
[2026-09-23T15:00:40.913+0000] {processor.py:208} INFO - Processing /opt/airflow/dags/dss150p_pipeline.py took 0.308 seconds
[2026-09-23T15:01:11.349+0000] {processor.py:186} INFO - Started process (PID=789) to work on /opt/airflow/dags/dss150p_pipeline.py
[2026-09-23T15:01:11.352+0000] {processor.py:914} INFO - Processing file /opt/airflow/dags/dss150p_pipeline.py for tasks to queue
[2026-09-23T15:01:11.359+0000] {logging_mixin.py:190} INFO - [2026-09-23T15:01:11.358+0000] {dagbag.py:588} INFO - Filling up the DagBag from /opt/airflow/dags/dss150p_pipeline.py
[2026-09-23T15:01:11.402+0000] {processor.py:925} INFO - DAG(s) 'dss150p_sales_pipeline' retrieved from /opt/airflow/dags/dss150p_pipeline.py
[2026-09-23T15:01:11.495+0000] {logging_mixin.py:190} INFO - [2026-09-23T15:01:11.494+0000] {dag.py:3239} INFO - Sync 1 DAGs
[2026-09-23T15:01:11.552+0000] {logging_mixin.py:190} INFO - [2026-09-23T15:01:11.551+0000] {dag.py:4180} INFO - Setting next_dagrun for dss150p_sales_pipeline to 2026-09-22 02:00:00+00:00, run_after=2026-09-23 02:00:00+00:00
[2026-09-23T15:01:11.588+0000] {processor.py:208} INFO - Processing /opt/airflow/dags/dss150p_pipeline.py took 0.252 seconds
[2026-09-23T15:01:41.963+0000] {processor.py:186} INFO - Started process (PID=794) to work on /opt/airflow/dags/dss150p_pipeline.py
[2026-09-23T15:01:41.965+0000] {processor.py:914} INFO - Processing file /opt/airflow/dags/dss150p_pipeline.py for tasks to queue
[2026-09-23T15:01:41.970+0000] {logging_mixin.py:190} INFO - [2026-09-23T15:01:41.969+0000] {dagbag.py:588} INFO - Filling up the DagBag from /opt/airflow/dags/dss150p_pipeline.py
[2026-09-23T15:01:42.033+0000] {processor.py:925} INFO - DAG(s) 'dss150p_sales_pipeline' retrieved from /opt/airflow/dags/dss150p_pipeline.py
[2026-09-23T15:01:42.140+0000] {logging_mixin.py:190} INFO - [2026-09-23T15:01:42.140+0000] {dag.py:3239} INFO - Sync 1 DAGs
[2026-09-23T15:01:42.209+0000] {logging_mixin.py:190} INFO - [2026-09-23T15:01:42.209+0000] {dag.py:4180} INFO - Setting next_dagrun for dss150p_sales_pipeline to 2026-09-22 02:00:00+00:00, run_after=2026-09-23 02:00:00+00:00
[2026-09-23T15:01:42.255+0000] {processor.py:208} INFO - Processing /opt/airflow/dags/dss150p_pipeline.py took 0.302 seconds
[2026-09-23T15:02:12.663+0000] {processor.py:186} INFO - Started process (PID=799) to work on /opt/airflow/dags/dss150p_pipeline.py
[2026-09-23T15:02:12.667+0000] {processor.py:914} INFO - Processing file /opt/airflow/dags/dss150p_pipeline.py for tasks to queue
[2026-09-23T15:02:12.677+0000] {logging_mixin.py:190} INFO - [2026-09-23T15:02:12.676+0000] {dagbag.py:588} INFO - Filling up the DagBag from /opt/airflow/dags/dss150p_pipeline.py
[2026-09-23T15:02:12.748+0000] {processor.py:925} INFO - DAG(s) 'dss150p_sales_pipeline' retrieved from /opt/airflow/dags/dss150p_pipeline.py
[2026-09-23T15:02:12.849+0000] {logging_mixin.py:190} INFO - [2026-09-23T15:02:12.849+0000] {dag.py:3239} INFO - Sync 1 DAGs
[2026-09-23T15:02:12.913+0000] {logging_mixin.py:190} INFO - [2026-09-23T15:02:12.913+0000] {dag.py:4180} INFO - Setting next_dagrun for dss150p_sales_pipeline to 2026-09-22 02:00:00+00:00, run_after=2026-09-23 02:00:00+00:00
[2026-09-23T15:02:12.957+0000] {processor.py:208} INFO - Processing /opt/airflow/dags/dss150p_pipeline.py took 0.318 seconds
[2026-09-23T15:02:43.384+0000] {processor.py:186} INFO - Started process (PID=804) to work on /opt/airflow/dags/dss150p_pipeline.py
[2026-09-23T15:02:43.387+0000] {processor.py:914} INFO - Processing file /opt/airflow/dags/dss150p_pipeline.py for tasks to queue
[2026-09-23T15:02:43.391+0000] {logging_mixin.py:190} INFO - [2026-09-23T15:02:43.391+0000] {dagbag.py:588} INFO - Filling up the DagBag from /opt/airflow/dags/dss150p_pipeline.py
[2026-09-23T15:02:43.437+0000] {processor.py:925} INFO - DAG(s) 'dss150p_sales_pipeline' retrieved from /opt/airflow/dags/dss150p_pipeline.py
[2026-09-23T15:02:43.570+0000] {logging_mixin.py:190} INFO - [2026-09-23T15:02:43.569+0000] {dag.py:3239} INFO - Sync 1 DAGs
[2026-09-23T15:02:43.646+0000] {logging_mixin.py:190} INFO - [2026-09-23T15:02:43.645+0000] {dag.py:4180} INFO - Setting next_dagrun for dss150p_sales_pipeline to 2026-09-22 02:00:00+00:00, run_after=2026-09-23 02:00:00+00:00
[2026-09-23T15:02:43.703+0000] {processor.py:208} INFO - Processing /opt/airflow/dags/dss150p_pipeline.py took 0.329 seconds
[2026-09-23T15:03:14.093+0000] {processor.py:186} INFO - Started process (PID=809) to work on /opt/airflow/dags/dss150p_pipeline.py
[2026-09-23T15:03:14.098+0000] {processor.py:914} INFO - Processing file /opt/airflow/dags/dss150p_pipeline.py for tasks to queue
[2026-09-23T15:03:14.105+0000] {logging_mixin.py:190} INFO - [2026-09-23T15:03:14.105+0000] {dagbag.py:588} INFO - Filling up the DagBag from /opt/airflow/dags/dss150p_pipeline.py
[2026-09-23T15:03:14.176+0000] {processor.py:925} INFO - DAG(s) 'dss150p_sales_pipeline' retrieved from /opt/airflow/dags/dss150p_pipeline.py
[2026-09-23T15:03:14.320+0000] {logging_mixin.py:190} INFO - [2026-09-23T15:03:14.319+0000] {dag.py:3239} INFO - Sync 1 DAGs
[2026-09-23T15:03:14.398+0000] {logging_mixin.py:190} INFO - [2026-09-23T15:03:14.398+0000] {dag.py:4180} INFO - Setting next_dagrun for dss150p_sales_pipeline to 2026-09-22 02:00:00+00:00, run_after=2026-09-23 02:00:00+00:00
[2026-09-23T15:03:14.450+0000] {processor.py:208} INFO - Processing /opt/airflow/dags/dss150p_pipeline.py took 0.376 seconds
[2026-09-23T15:03:44.948+0000] {processor.py:186} INFO - Started process (PID=814) to work on /opt/airflow/dags/dss150p_pipeline.py
[2026-09-23T15:03:44.953+0000] {processor.py:914} INFO - Processing file /opt/airflow/dags/dss150p_pipeline.py for tasks to queue
[2026-09-23T15:03:44.963+0000] {logging_mixin.py:190} INFO - [2026-09-23T15:03:44.962+0000] {dagbag.py:588} INFO - Filling up the DagBag from /opt/airflow/dags/dss150p_pipeline.py
[2026-09-23T15:03:45.064+0000] {processor.py:925} INFO - DAG(s) 'dss150p_sales_pipeline' retrieved from /opt/airflow/dags/dss150p_pipeline.py
[2026-09-23T15:03:45.307+0000] {logging_mixin.py:190} INFO - [2026-09-23T15:03:45.305+0000] {dag.py:3239} INFO - Sync 1 DAGs
[2026-09-23T15:03:45.426+0000] {logging_mixin.py:190} INFO - [2026-09-23T15:03:45.425+0000] {dag.py:4180} INFO - Setting next_dagrun for dss150p_sales_pipeline to 2026-09-22 02:00:00+00:00, run_after=2026-09-23 02:00:00+00:00
[2026-09-23T15:03:45.522+0000] {processor.py:208} INFO - Processing /opt/airflow/dags/dss150p_pipeline.py took 0.609 seconds
[2026-09-23T15:04:15.849+0000] {processor.py:186} INFO - Started process (PID=819) to work on /opt/airflow/dags/dss150p_pipeline.py
[2026-09-23T15:04:15.853+0000] {processor.py:914} INFO - Processing file /opt/airflow/dags/dss150p_pipeline.py for tasks to queue
[2026-09-23T15:04:15.877+0000] {logging_mixin.py:190} INFO - [2026-09-23T15:04:15.875+0000] {dagbag.py:588} INFO - Filling up the DagBag from /opt/airflow/dags/dss150p_pipeline.py
[2026-09-23T15:04:16.037+0000] {processor.py:925} INFO - DAG(s) 'dss150p_sales_pipeline' retrieved from /opt/airflow/dags/dss150p_pipeline.py
[2026-09-23T15:04:16.288+0000] {logging_mixin.py:190} INFO - [2026-09-23T15:04:16.287+0000] {dag.py:3239} INFO - Sync 1 DAGs
[2026-09-23T15:04:16.480+0000] {logging_mixin.py:190} INFO - [2026-09-23T15:04:16.479+0000] {dag.py:4180} INFO - Setting next_dagrun for dss150p_sales_pipeline to 2026-09-22 02:00:00+00:00, run_after=2026-09-23 02:00:00+00:00
[2026-09-23T15:04:16.665+0000] {processor.py:208} INFO - Processing /opt/airflow/dags/dss150p_pipeline.py took 0.838 seconds
[2026-09-23T15:04:47.174+0000] {processor.py:186} INFO - Started process (PID=824) to work on /opt/airflow/dags/dss150p_pipeline.py
[2026-09-23T15:04:47.177+0000] {processor.py:914} INFO - Processing file /opt/airflow/dags/dss150p_pipeline.py for tasks to queue
[2026-09-23T15:04:47.182+0000] {logging_mixin.py:190} INFO - [2026-09-23T15:04:47.182+0000] {dagbag.py:588} INFO - Filling up the DagBag from /opt/airflow/dags/dss150p_pipeline.py
[2026-09-23T15:04:47.224+0000] {processor.py:925} INFO - DAG(s) 'dss150p_sales_pipeline' retrieved from /opt/airflow/dags/dss150p_pipeline.py
[2026-09-23T15:04:47.328+0000] {logging_mixin.py:190} INFO - [2026-09-23T15:04:47.328+0000] {dag.py:3239} INFO - Sync 1 DAGs
[2026-09-23T15:04:47.380+0000] {logging_mixin.py:190} INFO - [2026-09-23T15:04:47.379+0000] {dag.py:4180} INFO - Setting next_dagrun for dss150p_sales_pipeline to 2026-09-22 02:00:00+00:00, run_after=2026-09-23 02:00:00+00:00
[2026-09-23T15:04:47.413+0000] {processor.py:208} INFO - Processing /opt/airflow/dags/dss150p_pipeline.py took 0.250 seconds
[2026-09-23T15:05:17.670+0000] {processor.py:186} INFO - Started process (PID=829) to work on /opt/airflow/dags/dss150p_pipeline.py
[2026-09-23T15:05:17.678+0000] {processor.py:914} INFO - Processing file /opt/airflow/dags/dss150p_pipeline.py for tasks to queue
[2026-09-23T15:05:17.706+0000] {logging_mixin.py:190} INFO - [2026-09-23T15:05:17.704+0000] {dagbag.py:588} INFO - Filling up the DagBag from /opt/airflow/dags/dss150p_pipeline.py
[2026-09-23T15:05:17.770+0000] {processor.py:925} INFO - DAG(s) 'dss150p_sales_pipeline' retrieved from /opt/airflow/dags/dss150p_pipeline.py
[2026-09-23T15:05:17.881+0000] {logging_mixin.py:190} INFO - [2026-09-23T15:05:17.881+0000] {dag.py:3239} INFO - Sync 1 DAGs
[2026-09-23T15:05:17.940+0000] {logging_mixin.py:190} INFO - [2026-09-23T15:05:17.939+0000] {dag.py:4180} INFO - Setting next_dagrun for dss150p_sales_pipeline to 2026-09-22 02:00:00+00:00, run_after=2026-09-23 02:00:00+00:00
[2026-09-23T15:05:17.992+0000] {processor.py:208} INFO - Processing /opt/airflow/dags/dss150p_pipeline.py took 0.388 seconds
[2026-09-23T15:05:48.420+0000] {processor.py:186} INFO - Started process (PID=834) to work on /opt/airflow/dags/dss150p_pipeline.py
[2026-09-23T15:05:48.429+0000] {processor.py:914} INFO - Processing file /opt/airflow/dags/dss150p_pipeline.py for tasks to queue
[2026-09-23T15:05:48.448+0000] {logging_mixin.py:190} INFO - [2026-09-23T15:05:48.447+0000] {dagbag.py:588} INFO - Filling up the DagBag from /opt/airflow/dags/dss150p_pipeline.py
[2026-09-23T15:05:48.579+0000] {processor.py:925} INFO - DAG(s) 'dss150p_sales_pipeline' retrieved from /opt/airflow/dags/dss150p_pipeline.py
[2026-09-23T15:05:48.728+0000] {logging_mixin.py:190} INFO - [2026-09-23T15:05:48.727+0000] {dag.py:3239} INFO - Sync 1 DAGs
[2026-09-23T15:05:48.824+0000] {logging_mixin.py:190} INFO - [2026-09-23T15:05:48.824+0000] {dag.py:4180} INFO - Setting next_dagrun for dss150p_sales_pipeline to 2026-09-22 02:00:00+00:00, run_after=2026-09-23 02:00:00+00:00
[2026-09-23T15:05:48.880+0000] {processor.py:208} INFO - Processing /opt/airflow/dags/dss150p_pipeline.py took 0.516 seconds
[2026-09-23T15:06:19.293+0000] {processor.py:186} INFO - Started process (PID=839) to work on /opt/airflow/dags/dss150p_pipeline.py
[2026-09-23T15:06:19.296+0000] {processor.py:914} INFO - Processing file /opt/airflow/dags/dss150p_pipeline.py for tasks to queue
[2026-09-23T15:06:19.302+0000] {logging_mixin.py:190} INFO - [2026-09-23T15:06:19.301+0000] {dagbag.py:588} INFO - Filling up the DagBag from /opt/airflow/dags/dss150p_pipeline.py
[2026-09-23T15:06:19.368+0000] {processor.py:925} INFO - DAG(s) 'dss150p_sales_pipeline' retrieved from /opt/airflow/dags/dss150p_pipeline.py
[2026-09-23T15:06:19.511+0000] {logging_mixin.py:190} INFO - [2026-09-23T15:06:19.511+0000] {dag.py:3239} INFO - Sync 1 DAGs
[2026-09-23T15:06:19.589+0000] {logging_mixin.py:190} INFO - [2026-09-23T15:06:19.586+0000] {dag.py:4180} INFO - Setting next_dagrun for dss150p_sales_pipeline to 2026-09-22 02:00:00+00:00, run_after=2026-09-23 02:00:00+00:00
[2026-09-23T15:06:19.631+0000] {processor.py:208} INFO - Processing /opt/airflow/dags/dss150p_pipeline.py took 0.353 seconds
[2026-09-23T15:06:50.240+0000] {processor.py:186} INFO - Started process (PID=844) to work on /opt/airflow/dags/dss150p_pipeline.py
[2026-09-23T15:06:50.245+0000] {processor.py:914} INFO - Processing file /opt/airflow/dags/dss150p_pipeline.py for tasks to queue
[2026-09-23T15:06:50.252+0000] {logging_mixin.py:190} INFO - [2026-09-23T15:06:50.250+0000] {dagbag.py:588} INFO - Filling up the DagBag from /opt/airflow/dags/dss150p_pipeline.py
[2026-09-23T15:06:50.309+0000] {processor.py:925} INFO - DAG(s) 'dss150p_sales_pipeline' retrieved from /opt/airflow/dags/dss150p_pipeline.py
[2026-09-23T15:06:50.410+0000] {logging_mixin.py:190} INFO - [2026-09-23T15:06:50.410+0000] {dag.py:3239} INFO - Sync 1 DAGs
[2026-09-23T15:06:50.464+0000] {logging_mixin.py:190} INFO - [2026-09-23T15:06:50.464+0000] {dag.py:4180} INFO - Setting next_dagrun for dss150p_sales_pipeline to 2026-09-22 02:00:00+00:00, run_after=2026-09-23 02:00:00+00:00
[2026-09-23T15:06:50.506+0000] {processor.py:208} INFO - Processing /opt/airflow/dags/dss150p_pipeline.py took 0.282 seconds
[2026-09-23T15:07:20.890+0000] {processor.py:186} INFO - Started process (PID=849) to work on /opt/airflow/dags/dss150p_pipeline.py
[2026-09-23T15:07:20.893+0000] {processor.py:914} INFO - Processing file /opt/airflow/dags/dss150p_pipeline.py for tasks to queue
[2026-09-23T15:07:20.900+0000] {logging_mixin.py:190} INFO - [2026-09-23T15:07:20.899+0000] {dagbag.py:588} INFO - Filling up the DagBag from /opt/airflow/dags/dss150p_pipeline.py
[2026-09-23T15:07:20.964+0000] {processor.py:925} INFO - DAG(s) 'dss150p_sales_pipeline' retrieved from /opt/airflow/dags/dss150p_pipeline.py
[2026-09-23T15:07:21.116+0000] {logging_mixin.py:190} INFO - [2026-09-23T15:07:21.116+0000] {dag.py:3239} INFO - Sync 1 DAGs
[2026-09-23T15:07:21.188+0000] {logging_mixin.py:190} INFO - [2026-09-23T15:07:21.188+0000] {dag.py:4180} INFO - Setting next_dagrun for dss150p_sales_pipeline to 2026-09-22 02:00:00+00:00, run_after=2026-09-23 02:00:00+00:00
[2026-09-23T15:07:21.239+0000] {processor.py:208} INFO - Processing /opt/airflow/dags/dss150p_pipeline.py took 0.366 seconds
[2026-09-23T15:07:51.772+0000] {processor.py:186} INFO - Started process (PID=854) to work on /opt/airflow/dags/dss150p_pipeline.py
[2026-09-23T15:07:51.778+0000] {processor.py:914} INFO - Processing file /opt/airflow/dags/dss150p_pipeline.py for tasks to queue
[2026-09-23T15:07:51.788+0000] {logging_mixin.py:190} INFO - [2026-09-23T15:07:51.787+0000] {dagbag.py:588} INFO - Filling up the DagBag from /opt/airflow/dags/dss150p_pipeline.py
[2026-09-23T15:07:51.889+0000] {processor.py:925} INFO - DAG(s) 'dss150p_sales_pipeline' retrieved from /opt/airflow/dags/dss150p_pipeline.py
[2026-09-23T15:07:52.053+0000] {logging_mixin.py:190} INFO - [2026-09-23T15:07:52.053+0000] {dag.py:3239} INFO - Sync 1 DAGs
[2026-09-23T15:07:52.140+0000] {logging_mixin.py:190} INFO - [2026-09-23T15:07:52.140+0000] {dag.py:4180} INFO - Setting next_dagrun for dss150p_sales_pipeline to 2026-09-22 02:00:00+00:00, run_after=2026-09-23 02:00:00+00:00
[2026-09-23T15:07:52.198+0000] {processor.py:208} INFO - Processing /opt/airflow/dags/dss150p_pipeline.py took 0.464 seconds
[2026-09-23T15:08:22.588+0000] {processor.py:186} INFO - Started process (PID=859) to work on /opt/airflow/dags/dss150p_pipeline.py
[2026-09-23T15:08:22.592+0000] {processor.py:914} INFO - Processing file /opt/airflow/dags/dss150p_pipeline.py for tasks to queue
[2026-09-23T15:08:22.603+0000] {logging_mixin.py:190} INFO - [2026-09-23T15:08:22.601+0000] {dagbag.py:588} INFO - Filling up the DagBag from /opt/airflow/dags/dss150p_pipeline.py
[2026-09-23T15:08:22.681+0000] {processor.py:925} INFO - DAG(s) 'dss150p_sales_pipeline' retrieved from /opt/airflow/dags/dss150p_pipeline.py
[2026-09-23T15:08:22.778+0000] {logging_mixin.py:190} INFO - [2026-09-23T15:08:22.778+0000] {dag.py:3239} INFO - Sync 1 DAGs
[2026-09-23T15:08:22.836+0000] {logging_mixin.py:190} INFO - [2026-09-23T15:08:22.835+0000] {dag.py:4180} INFO - Setting next_dagrun for dss150p_sales_pipeline to 2026-09-22 02:00:00+00:00, run_after=2026-09-23 02:00:00+00:00
[2026-09-23T15:08:22.868+0000] {processor.py:208} INFO - Processing /opt/airflow/dags/dss150p_pipeline.py took 0.292 seconds
[2026-09-23T15:08:53.525+0000] {processor.py:186} INFO - Started process (PID=924) to work on /opt/airflow/dags/dss150p_pipeline.py
[2026-09-23T15:08:53.538+0000] {processor.py:914} INFO - Processing file /opt/airflow/dags/dss150p_pipeline.py for tasks to queue
[2026-09-23T15:08:53.587+0000] {logging_mixin.py:190} INFO - [2026-09-23T15:08:53.577+0000] {dagbag.py:588} INFO - Filling up the DagBag from /opt/airflow/dags/dss150p_pipeline.py
[2026-09-23T15:08:53.893+0000] {processor.py:925} INFO - DAG(s) 'dss150p_sales_pipeline' retrieved from /opt/airflow/dags/dss150p_pipeline.py
[2026-09-23T15:08:54.567+0000] {logging_mixin.py:190} INFO - [2026-09-23T15:08:54.566+0000] {dag.py:3239} INFO - Sync 1 DAGs
[2026-09-23T15:08:54.860+0000] {logging_mixin.py:190} INFO - [2026-09-23T15:08:54.859+0000] {dag.py:4180} INFO - Setting next_dagrun for dss150p_sales_pipeline to 2026-09-23 02:00:00+00:00, run_after=2026-09-24 02:00:00+00:00
[2026-09-23T15:08:54.930+0000] {processor.py:208} INFO - Processing /opt/airflow/dags/dss150p_pipeline.py took 1.500 seconds
[2026-09-23T15:09:25.612+0000] {processor.py:186} INFO - Started process (PID=1036) to work on /opt/airflow/dags/dss150p_pipeline.py
[2026-09-23T15:09:25.621+0000] {processor.py:914} INFO - Processing file /opt/airflow/dags/dss150p_pipeline.py for tasks to queue
[2026-09-23T15:09:25.637+0000] {logging_mixin.py:190} INFO - [2026-09-23T15:09:25.634+0000] {dagbag.py:588} INFO - Filling up the DagBag from /opt/airflow/dags/dss150p_pipeline.py
[2026-09-23T15:09:25.720+0000] {processor.py:925} INFO - DAG(s) 'dss150p_sales_pipeline' retrieved from /opt/airflow/dags/dss150p_pipeline.py
[2026-09-23T15:09:25.895+0000] {logging_mixin.py:190} INFO - [2026-09-23T15:09:25.894+0000] {dag.py:3239} INFO - Sync 1 DAGs
[2026-09-23T15:09:26.010+0000] {logging_mixin.py:190} INFO - [2026-09-23T15:09:26.009+0000] {dag.py:4180} INFO - Setting next_dagrun for dss150p_sales_pipeline to 2026-09-23 02:00:00+00:00, run_after=2026-09-24 02:00:00+00:00
[2026-09-23T15:09:26.073+0000] {processor.py:208} INFO - Processing /opt/airflow/dags/dss150p_pipeline.py took 0.502 seconds
[2026-09-23T15:09:56.381+0000] {processor.py:186} INFO - Started process (PID=1050) to work on /opt/airflow/dags/dss150p_pipeline.py
[2026-09-23T15:09:56.384+0000] {processor.py:914} INFO - Processing file /opt/airflow/dags/dss150p_pipeline.py for tasks to queue
[2026-09-23T15:09:56.392+0000] {logging_mixin.py:190} INFO - [2026-09-23T15:09:56.391+0000] {dagbag.py:588} INFO - Filling up the DagBag from /opt/airflow/dags/dss150p_pipeline.py
[2026-09-23T15:09:56.437+0000] {processor.py:925} INFO - DAG(s) 'dss150p_sales_pipeline' retrieved from /opt/airflow/dags/dss150p_pipeline.py
[2026-09-23T15:09:56.542+0000] {logging_mixin.py:190} INFO - [2026-09-23T15:09:56.542+0000] {dag.py:3239} INFO - Sync 1 DAGs
[2026-09-23T15:09:56.610+0000] {logging_mixin.py:190} INFO - [2026-09-23T15:09:56.609+0000] {dag.py:4180} INFO - Setting next_dagrun for dss150p_sales_pipeline to 2026-09-23 02:00:00+00:00, run_after=2026-09-24 02:00:00+00:00
[2026-09-23T15:09:56.660+0000] {processor.py:208} INFO - Processing /opt/airflow/dags/dss150p_pipeline.py took 0.294 seconds
[2026-09-23T15:10:26.881+0000] {processor.py:186} INFO - Started process (PID=1055) to work on /opt/airflow/dags/dss150p_pipeline.py
[2026-09-23T15:10:26.883+0000] {processor.py:914} INFO - Processing file /opt/airflow/dags/dss150p_pipeline.py for tasks to queue
[2026-09-23T15:10:26.888+0000] {logging_mixin.py:190} INFO - [2026-09-23T15:10:26.887+0000] {dagbag.py:588} INFO - Filling up the DagBag from /opt/airflow/dags/dss150p_pipeline.py
[2026-09-23T15:10:26.937+0000] {processor.py:925} INFO - DAG(s) 'dss150p_sales_pipeline' retrieved from /opt/airflow/dags/dss150p_pipeline.py
[2026-09-23T15:10:27.034+0000] {logging_mixin.py:190} INFO - [2026-09-23T15:10:27.034+0000] {dag.py:3239} INFO - Sync 1 DAGs
[2026-09-23T15:10:27.079+0000] {logging_mixin.py:190} INFO - [2026-09-23T15:10:27.078+0000] {dag.py:4180} INFO - Setting next_dagrun for dss150p_sales_pipeline to 2026-09-23 02:00:00+00:00, run_after=2026-09-24 02:00:00+00:00
[2026-09-23T15:10:27.119+0000] {processor.py:208} INFO - Processing /opt/airflow/dags/dss150p_pipeline.py took 0.250 seconds
[2026-09-23T15:10:57.332+0000] {processor.py:186} INFO - Started process (PID=1060) to work on /opt/airflow/dags/dss150p_pipeline.py
[2026-09-23T15:10:57.334+0000] {processor.py:914} INFO - Processing file /opt/airflow/dags/dss150p_pipeline.py for tasks to queue
[2026-09-23T15:10:57.345+0000] {logging_mixin.py:190} INFO - [2026-09-23T15:10:57.344+0000] {dagbag.py:588} INFO - Filling up the DagBag from /opt/airflow/dags/dss150p_pipeline.py
[2026-09-23T15:10:57.388+0000] {processor.py:925} INFO - DAG(s) 'dss150p_sales_pipeline' retrieved from /opt/airflow/dags/dss150p_pipeline.py
[2026-09-23T15:10:57.491+0000] {logging_mixin.py:190} INFO - [2026-09-23T15:10:57.490+0000] {dag.py:3239} INFO - Sync 1 DAGs
[2026-09-23T15:10:57.529+0000] {logging_mixin.py:190} INFO - [2026-09-23T15:10:57.528+0000] {dag.py:4180} INFO - Setting next_dagrun for dss150p_sales_pipeline to 2026-09-23 02:00:00+00:00, run_after=2026-09-24 02:00:00+00:00
[2026-09-23T15:10:57.563+0000] {processor.py:208} INFO - Processing /opt/airflow/dags/dss150p_pipeline.py took 0.241 seconds
[2026-09-23T15:11:27.796+0000] {processor.py:186} INFO - Started process (PID=1065) to work on /opt/airflow/dags/dss150p_pipeline.py
[2026-09-23T15:11:27.799+0000] {processor.py:914} INFO - Processing file /opt/airflow/dags/dss150p_pipeline.py for tasks to queue
[2026-09-23T15:11:27.805+0000] {logging_mixin.py:190} INFO - [2026-09-23T15:11:27.804+0000] {dagbag.py:588} INFO - Filling up the DagBag from /opt/airflow/dags/dss150p_pipeline.py
[2026-09-23T15:11:27.857+0000] {processor.py:925} INFO - DAG(s) 'dss150p_sales_pipeline' retrieved from /opt/airflow/dags/dss150p_pipeline.py
[2026-09-23T15:11:27.963+0000] {logging_mixin.py:190} INFO - [2026-09-23T15:11:27.963+0000] {dag.py:3239} INFO - Sync 1 DAGs
[2026-09-23T15:11:28.012+0000] {logging_mixin.py:190} INFO - [2026-09-23T15:11:28.011+0000] {dag.py:4180} INFO - Setting next_dagrun for dss150p_sales_pipeline to 2026-09-23 02:00:00+00:00, run_after=2026-09-24 02:00:00+00:00
[2026-09-23T15:11:28.061+0000] {processor.py:208} INFO - Processing /opt/airflow/dags/dss150p_pipeline.py took 0.276 seconds
[2026-09-23T15:11:58.352+0000] {processor.py:186} INFO - Started process (PID=1070) to work on /opt/airflow/dags/dss150p_pipeline.py
[2026-09-23T15:11:58.355+0000] {processor.py:914} INFO - Processing file /opt/airflow/dags/dss150p_pipeline.py for tasks to queue
[2026-09-23T15:11:58.363+0000] {logging_mixin.py:190} INFO - [2026-09-23T15:11:58.362+0000] {dagbag.py:588} INFO - Filling up the DagBag from /opt/airflow/dags/dss150p_pipeline.py
[2026-09-23T15:11:58.417+0000] {processor.py:925} INFO - DAG(s) 'dss150p_sales_pipeline' retrieved from /opt/airflow/dags/dss150p_pipeline.py
[2026-09-23T15:11:58.525+0000] {logging_mixin.py:190} INFO - [2026-09-23T15:11:58.524+0000] {dag.py:3239} INFO - Sync 1 DAGs
[2026-09-23T15:11:58.571+0000] {logging_mixin.py:190} INFO - [2026-09-23T15:11:58.571+0000] {dag.py:4180} INFO - Setting next_dagrun for dss150p_sales_pipeline to 2026-09-23 02:00:00+00:00, run_after=2026-09-24 02:00:00+00:00
[2026-09-23T15:11:58.607+0000] {processor.py:208} INFO - Processing /opt/airflow/dags/dss150p_pipeline.py took 0.279 seconds
[2026-09-23T15:12:28.979+0000] {processor.py:186} INFO - Started process (PID=1075) to work on /opt/airflow/dags/dss150p_pipeline.py
[2026-09-23T15:12:28.982+0000] {processor.py:914} INFO - Processing file /opt/airflow/dags/dss150p_pipeline.py for tasks to queue
[2026-09-23T15:12:28.989+0000] {logging_mixin.py:190} INFO - [2026-09-23T15:12:28.988+0000] {dagbag.py:588} INFO - Filling up the DagBag from /opt/airflow/dags/dss150p_pipeline.py
[2026-09-23T15:12:29.036+0000] {processor.py:925} INFO - DAG(s) 'dss150p_sales_pipeline' retrieved from /opt/airflow/dags/dss150p_pipeline.py
[2026-09-23T15:12:29.129+0000] {logging_mixin.py:190} INFO - [2026-09-23T15:12:29.129+0000] {dag.py:3239} INFO - Sync 1 DAGs
[2026-09-23T15:12:29.172+0000] {logging_mixin.py:190} INFO - [2026-09-23T15:12:29.171+0000] {dag.py:4180} INFO - Setting next_dagrun for dss150p_sales_pipeline to 2026-09-23 02:00:00+00:00, run_after=2026-09-24 02:00:00+00:00
[2026-09-23T15:12:29.207+0000] {processor.py:208} INFO - Processing /opt/airflow/dags/dss150p_pipeline.py took 0.242 seconds
[2026-09-23T15:12:59.560+0000] {processor.py:186} INFO - Started process (PID=1080) to work on /opt/airflow/dags/dss150p_pipeline.py
[2026-09-23T15:12:59.563+0000] {processor.py:914} INFO - Processing file /opt/airflow/dags/dss150p_pipeline.py for tasks to queue
[2026-09-23T15:12:59.576+0000] {logging_mixin.py:190} INFO - [2026-09-23T15:12:59.575+0000] {dagbag.py:588} INFO - Filling up the DagBag from /opt/airflow/dags/dss150p_pipeline.py
[2026-09-23T15:12:59.621+0000] {processor.py:925} INFO - DAG(s) 'dss150p_sales_pipeline' retrieved from /opt/airflow/dags/dss150p_pipeline.py
[2026-09-23T15:12:59.718+0000] {logging_mixin.py:190} INFO - [2026-09-23T15:12:59.718+0000] {dag.py:3239} INFO - Sync 1 DAGs
[2026-09-23T15:12:59.766+0000] {logging_mixin.py:190} INFO - [2026-09-23T15:12:59.765+0000] {dag.py:4180} INFO - Setting next_dagrun for dss150p_sales_pipeline to 2026-09-23 02:00:00+00:00, run_after=2026-09-24 02:00:00+00:00
[2026-09-23T15:12:59.807+0000] {processor.py:208} INFO - Processing /opt/airflow/dags/dss150p_pipeline.py took 0.264 seconds
[2026-09-23T15:13:30.249+0000] {processor.py:186} INFO - Started process (PID=1085) to work on /opt/airflow/dags/dss150p_pipeline.py
[2026-09-23T15:13:30.256+0000] {processor.py:914} INFO - Processing file /opt/airflow/dags/dss150p_pipeline.py for tasks to queue
[2026-09-23T15:13:30.275+0000] {logging_mixin.py:190} INFO - [2026-09-23T15:13:30.273+0000] {dagbag.py:588} INFO - Filling up the DagBag from /opt/airflow/dags/dss150p_pipeline.py
[2026-09-23T15:13:30.361+0000] {processor.py:925} INFO - DAG(s) 'dss150p_sales_pipeline' retrieved from /opt/airflow/dags/dss150p_pipeline.py
[2026-09-23T15:13:30.527+0000] {logging_mixin.py:190} INFO - [2026-09-23T15:13:30.527+0000] {dag.py:3239} INFO - Sync 1 DAGs
[2026-09-23T15:13:30.621+0000] {logging_mixin.py:190} INFO - [2026-09-23T15:13:30.621+0000] {dag.py:4180} INFO - Setting next_dagrun for dss150p_sales_pipeline to 2026-09-23 02:00:00+00:00, run_after=2026-09-24 02:00:00+00:00
[2026-09-23T15:13:30.660+0000] {processor.py:208} INFO - Processing /opt/airflow/dags/dss150p_pipeline.py took 0.466 seconds
[2026-09-23T15:14:01.097+0000] {processor.py:186} INFO - Started process (PID=1090) to work on /opt/airflow/dags/dss150p_pipeline.py
[2026-09-23T15:14:01.100+0000] {processor.py:914} INFO - Processing file /opt/airflow/dags/dss150p_pipeline.py for tasks to queue
[2026-09-23T15:14:01.107+0000] {logging_mixin.py:190} INFO - [2026-09-23T15:14:01.107+0000] {dagbag.py:588} INFO - Filling up the DagBag from /opt/airflow/dags/dss150p_pipeline.py
[2026-09-23T15:14:01.182+0000] {processor.py:925} INFO - DAG(s) 'dss150p_sales_pipeline' retrieved from /opt/airflow/dags/dss150p_pipeline.py
[2026-09-23T15:14:01.325+0000] {logging_mixin.py:190} INFO - [2026-09-23T15:14:01.324+0000] {dag.py:3239} INFO - Sync 1 DAGs
[2026-09-23T15:14:01.384+0000] {logging_mixin.py:190} INFO - [2026-09-23T15:14:01.383+0000] {dag.py:4180} INFO - Setting next_dagrun for dss150p_sales_pipeline to 2026-09-23 02:00:00+00:00, run_after=2026-09-24 02:00:00+00:00
[2026-09-23T15:14:01.434+0000] {processor.py:208} INFO - Processing /opt/airflow/dags/dss150p_pipeline.py took 0.359 seconds
[2026-09-23T15:14:31.929+0000] {processor.py:186} INFO - Started process (PID=1095) to work on /opt/airflow/dags/dss150p_pipeline.py
[2026-09-23T15:14:31.933+0000] {processor.py:914} INFO - Processing file /opt/airflow/dags/dss150p_pipeline.py for tasks to queue
[2026-09-23T15:14:31.940+0000] {logging_mixin.py:190} INFO - [2026-09-23T15:14:31.939+0000] {dagbag.py:588} INFO - Filling up the DagBag from /opt/airflow/dags/dss150p_pipeline.py
[2026-09-23T15:14:32.053+0000] {processor.py:925} INFO - DAG(s) 'dss150p_sales_pipeline' retrieved from /opt/airflow/dags/dss150p_pipeline.py
[2026-09-23T15:14:32.411+0000] {logging_mixin.py:190} INFO - [2026-09-23T15:14:32.411+0000] {dag.py:3239} INFO - Sync 1 DAGs
[2026-09-23T15:14:32.519+0000] {logging_mixin.py:190} INFO - [2026-09-23T15:14:32.518+0000] {dag.py:4180} INFO - Setting next_dagrun for dss150p_sales_pipeline to 2026-09-23 02:00:00+00:00, run_after=2026-09-24 02:00:00+00:00
[2026-09-23T15:14:32.576+0000] {processor.py:208} INFO - Processing /opt/airflow/dags/dss150p_pipeline.py took 0.693 seconds
[2026-09-23T15:15:02.778+0000] {processor.py:186} INFO - Started process (PID=1100) to work on /opt/airflow/dags/dss150p_pipeline.py
[2026-09-23T15:15:02.782+0000] {processor.py:914} INFO - Processing file /opt/airflow/dags/dss150p_pipeline.py for tasks to queue
[2026-09-23T15:15:02.788+0000] {logging_mixin.py:190} INFO - [2026-09-23T15:15:02.787+0000] {dagbag.py:588} INFO - Filling up the DagBag from /opt/airflow/dags/dss150p_pipeline.py
[2026-09-23T15:15:02.869+0000] {processor.py:925} INFO - DAG(s) 'dss150p_sales_pipeline' retrieved from /opt/airflow/dags/dss150p_pipeline.py
[2026-09-23T15:15:03.033+0000] {logging_mixin.py:190} INFO - [2026-09-23T15:15:03.033+0000] {dag.py:3239} INFO - Sync 1 DAGs
[2026-09-23T15:15:03.150+0000] {logging_mixin.py:190} INFO - [2026-09-23T15:15:03.149+0000] {dag.py:4180} INFO - Setting next_dagrun for dss150p_sales_pipeline to 2026-09-23 02:00:00+00:00, run_after=2026-09-24 02:00:00+00:00
[2026-09-23T15:15:03.218+0000] {processor.py:208} INFO - Processing /opt/airflow/dags/dss150p_pipeline.py took 0.466 seconds
[2026-09-23T15:15:33.335+0000] {processor.py:186} INFO - Started process (PID=1105) to work on /opt/airflow/dags/dss150p_pipeline.py
[2026-09-23T15:15:33.339+0000] {processor.py:914} INFO - Processing file /opt/airflow/dags/dss150p_pipeline.py for tasks to queue
[2026-09-23T15:15:33.347+0000] {logging_mixin.py:190} INFO - [2026-09-23T15:15:33.346+0000] {dagbag.py:588} INFO - Filling up the DagBag from /opt/airflow/dags/dss150p_pipeline.py
[2026-09-23T15:15:33.415+0000] {processor.py:925} INFO - DAG(s) 'dss150p_sales_pipeline' retrieved from /opt/airflow/dags/dss150p_pipeline.py
[2026-09-23T15:15:33.518+0000] {logging_mixin.py:190} INFO - [2026-09-23T15:15:33.518+0000] {dag.py:3239} INFO - Sync 1 DAGs
[2026-09-23T15:15:33.570+0000] {logging_mixin.py:190} INFO - [2026-09-23T15:15:33.570+0000] {dag.py:4180} INFO - Setting next_dagrun for dss150p_sales_pipeline to 2026-09-23 02:00:00+00:00, run_after=2026-09-24 02:00:00+00:00
[2026-09-23T15:15:33.614+0000] {processor.py:208} INFO - Processing /opt/airflow/dags/dss150p_pipeline.py took 0.294 seconds
[2026-09-23T15:16:03.907+0000] {processor.py:186} INFO - Started process (PID=1110) to work on /opt/airflow/dags/dss150p_pipeline.py
[2026-09-23T15:16:03.910+0000] {processor.py:914} INFO - Processing file /opt/airflow/dags/dss150p_pipeline.py for tasks to queue
[2026-09-23T15:16:03.920+0000] {logging_mixin.py:190} INFO - [2026-09-23T15:16:03.920+0000] {dagbag.py:588} INFO - Filling up the DagBag from /opt/airflow/dags/dss150p_pipeline.py
[2026-09-23T15:16:04.023+0000] {processor.py:925} INFO - DAG(s) 'dss150p_sales_pipeline' retrieved from /opt/airflow/dags/dss150p_pipeline.py
[2026-09-23T15:16:04.157+0000] {logging_mixin.py:190} INFO - [2026-09-23T15:16:04.157+0000] {dag.py:3239} INFO - Sync 1 DAGs
[2026-09-23T15:16:04.204+0000] {logging_mixin.py:190} INFO - [2026-09-23T15:16:04.204+0000] {dag.py:4180} INFO - Setting next_dagrun for dss150p_sales_pipeline to 2026-09-23 02:00:00+00:00, run_after=2026-09-24 02:00:00+00:00
[2026-09-23T15:16:04.242+0000] {processor.py:208} INFO - Processing /opt/airflow/dags/dss150p_pipeline.py took 0.357 seconds
[2026-09-23T15:16:34.566+0000] {processor.py:186} INFO - Started process (PID=1115) to work on /opt/airflow/dags/dss150p_pipeline.py
[2026-09-23T15:16:34.569+0000] {processor.py:914} INFO - Processing file /opt/airflow/dags/dss150p_pipeline.py for tasks to queue
[2026-09-23T15:16:34.575+0000] {logging_mixin.py:190} INFO - [2026-09-23T15:16:34.574+0000] {dagbag.py:588} INFO - Filling up the DagBag from /opt/airflow/dags/dss150p_pipeline.py
[2026-09-23T15:16:34.660+0000] {processor.py:925} INFO - DAG(s) 'dss150p_sales_pipeline' retrieved from /opt/airflow/dags/dss150p_pipeline.py
[2026-09-23T15:16:34.798+0000] {logging_mixin.py:190} INFO - [2026-09-23T15:16:34.797+0000] {dag.py:3239} INFO - Sync 1 DAGs
[2026-09-23T15:16:34.869+0000] {logging_mixin.py:190} INFO - [2026-09-23T15:16:34.868+0000] {dag.py:4180} INFO - Setting next_dagrun for dss150p_sales_pipeline to 2026-09-23 02:00:00+00:00, run_after=2026-09-24 02:00:00+00:00
[2026-09-23T15:16:34.920+0000] {processor.py:208} INFO - Processing /opt/airflow/dags/dss150p_pipeline.py took 0.370 seconds
[2026-09-23T15:17:05.313+0000] {processor.py:186} INFO - Started process (PID=1126) to work on /opt/airflow/dags/dss150p_pipeline.py
[2026-09-23T15:17:05.317+0000] {processor.py:914} INFO - Processing file /opt/airflow/dags/dss150p_pipeline.py for tasks to queue
[2026-09-23T15:17:05.327+0000] {logging_mixin.py:190} INFO - [2026-09-23T15:17:05.326+0000] {dagbag.py:588} INFO - Filling up the DagBag from /opt/airflow/dags/dss150p_pipeline.py
[2026-09-23T15:17:05.405+0000] {processor.py:925} INFO - DAG(s) 'dss150p_sales_pipeline' retrieved from /opt/airflow/dags/dss150p_pipeline.py
[2026-09-23T15:17:05.622+0000] {logging_mixin.py:190} INFO - [2026-09-23T15:17:05.622+0000] {dag.py:3239} INFO - Sync 1 DAGs
[2026-09-23T15:17:05.685+0000] {logging_mixin.py:190} INFO - [2026-09-23T15:17:05.684+0000] {dag.py:4180} INFO - Setting next_dagrun for dss150p_sales_pipeline to 2026-09-23 02:00:00+00:00, run_after=2026-09-24 02:00:00+00:00
[2026-09-23T15:17:05.734+0000] {processor.py:208} INFO - Processing /opt/airflow/dags/dss150p_pipeline.py took 0.437 seconds
[2026-09-23T15:17:36.131+0000] {processor.py:186} INFO - Started process (PID=1131) to work on /opt/airflow/dags/dss150p_pipeline.py
[2026-09-23T15:17:36.138+0000] {processor.py:914} INFO - Processing file /opt/airflow/dags/dss150p_pipeline.py for tasks to queue
[2026-09-23T15:17:36.146+0000] {logging_mixin.py:190} INFO - [2026-09-23T15:17:36.145+0000] {dagbag.py:588} INFO - Filling up the DagBag from /opt/airflow/dags/dss150p_pipeline.py
[2026-09-23T15:17:36.206+0000] {processor.py:925} INFO - DAG(s) 'dss150p_sales_pipeline' retrieved from /opt/airflow/dags/dss150p_pipeline.py
[2026-09-23T15:17:36.375+0000] {logging_mixin.py:190} INFO - [2026-09-23T15:17:36.375+0000] {dag.py:3239} INFO - Sync 1 DAGs
[2026-09-23T15:17:36.414+0000] {logging_mixin.py:190} INFO - [2026-09-23T15:17:36.414+0000] {dag.py:4180} INFO - Setting next_dagrun for dss150p_sales_pipeline to 2026-09-23 02:00:00+00:00, run_after=2026-09-24 02:00:00+00:00
[2026-09-23T15:17:36.453+0000] {processor.py:208} INFO - Processing /opt/airflow/dags/dss150p_pipeline.py took 0.337 seconds
[2026-09-23T15:18:06.877+0000] {processor.py:186} INFO - Started process (PID=1141) to work on /opt/airflow/dags/dss150p_pipeline.py
[2026-09-23T15:18:06.885+0000] {processor.py:914} INFO - Processing file /opt/airflow/dags/dss150p_pipeline.py for tasks to queue
[2026-09-23T15:18:06.890+0000] {logging_mixin.py:190} INFO - [2026-09-23T15:18:06.889+0000] {dagbag.py:588} INFO - Filling up the DagBag from /opt/airflow/dags/dss150p_pipeline.py
[2026-09-23T15:18:06.947+0000] {processor.py:925} INFO - DAG(s) 'dss150p_sales_pipeline' retrieved from /opt/airflow/dags/dss150p_pipeline.py
[2026-09-23T15:18:07.081+0000] {logging_mixin.py:190} INFO - [2026-09-23T15:18:07.081+0000] {dag.py:3239} INFO - Sync 1 DAGs
[2026-09-23T15:18:07.156+0000] {logging_mixin.py:190} INFO - [2026-09-23T15:18:07.156+0000] {dag.py:4180} INFO - Setting next_dagrun for dss150p_sales_pipeline to 2026-09-23 02:00:00+00:00, run_after=2026-09-24 02:00:00+00:00
[2026-09-23T15:18:07.221+0000] {processor.py:208} INFO - Processing /opt/airflow/dags/dss150p_pipeline.py took 0.358 seconds
[2026-09-23T15:18:37.687+0000] {processor.py:186} INFO - Started process (PID=1231) to work on /opt/airflow/dags/dss150p_pipeline.py
[2026-09-23T15:18:37.708+0000] {processor.py:914} INFO - Processing file /opt/airflow/dags/dss150p_pipeline.py for tasks to queue
[2026-09-23T15:18:37.726+0000] {logging_mixin.py:190} INFO - [2026-09-23T15:18:37.724+0000] {dagbag.py:588} INFO - Filling up the DagBag from /opt/airflow/dags/dss150p_pipeline.py
[2026-09-23T15:18:37.794+0000] {processor.py:925} INFO - DAG(s) 'dss150p_sales_pipeline' retrieved from /opt/airflow/dags/dss150p_pipeline.py
[2026-09-23T15:18:37.943+0000] {logging_mixin.py:190} INFO - [2026-09-23T15:18:37.943+0000] {dag.py:3239} INFO - Sync 1 DAGs
[2026-09-23T15:18:38.035+0000] {logging_mixin.py:190} INFO - [2026-09-23T15:18:38.034+0000] {dag.py:4180} INFO - Setting next_dagrun for dss150p_sales_pipeline to 2026-09-23 02:00:00+00:00, run_after=2026-09-24 02:00:00+00:00
[2026-09-23T15:18:38.102+0000] {processor.py:208} INFO - Processing /opt/airflow/dags/dss150p_pipeline.py took 0.456 seconds
[2026-09-23T15:19:08.534+0000] {processor.py:186} INFO - Started process (PID=1236) to work on /opt/airflow/dags/dss150p_pipeline.py
[2026-09-23T15:19:08.537+0000] {processor.py:914} INFO - Processing file /opt/airflow/dags/dss150p_pipeline.py for tasks to queue
[2026-09-23T15:19:08.547+0000] {logging_mixin.py:190} INFO - [2026-09-23T15:19:08.546+0000] {dagbag.py:588} INFO - Filling up the DagBag from /opt/airflow/dags/dss150p_pipeline.py
[2026-09-23T15:19:08.631+0000] {processor.py:925} INFO - DAG(s) 'dss150p_sales_pipeline' retrieved from /opt/airflow/dags/dss150p_pipeline.py
[2026-09-23T15:19:08.764+0000] {logging_mixin.py:190} INFO - [2026-09-23T15:19:08.764+0000] {dag.py:3239} INFO - Sync 1 DAGs
[2026-09-23T15:19:08.825+0000] {logging_mixin.py:190} INFO - [2026-09-23T15:19:08.824+0000] {dag.py:4180} INFO - Setting next_dagrun for dss150p_sales_pipeline to 2026-09-23 02:00:00+00:00, run_after=2026-09-24 02:00:00+00:00
[2026-09-23T15:19:08.877+0000] {processor.py:208} INFO - Processing /opt/airflow/dags/dss150p_pipeline.py took 0.360 seconds
[2026-09-23T15:19:39.438+0000] {processor.py:186} INFO - Started process (PID=1241) to work on /opt/airflow/dags/dss150p_pipeline.py
[2026-09-23T15:19:39.450+0000] {processor.py:914} INFO - Processing file /opt/airflow/dags/dss150p_pipeline.py for tasks to queue
[2026-09-23T15:19:39.503+0000] {logging_mixin.py:190} INFO - [2026-09-23T15:19:39.499+0000] {dagbag.py:588} INFO - Filling up the DagBag from /opt/airflow/dags/dss150p_pipeline.py
[2026-09-23T15:19:39.766+0000] {processor.py:925} INFO - DAG(s) 'dss150p_sales_pipeline' retrieved from /opt/airflow/dags/dss150p_pipeline.py
[2026-09-23T15:19:40.087+0000] {logging_mixin.py:190} INFO - [2026-09-23T15:19:40.086+0000] {dag.py:3239} INFO - Sync 1 DAGs
[2026-09-23T15:19:40.202+0000] {logging_mixin.py:190} INFO - [2026-09-23T15:19:40.202+0000] {dag.py:4180} INFO - Setting next_dagrun for dss150p_sales_pipeline to 2026-09-23 02:00:00+00:00, run_after=2026-09-24 02:00:00+00:00
[2026-09-23T15:19:40.272+0000] {processor.py:208} INFO - Processing /opt/airflow/dags/dss150p_pipeline.py took 0.943 seconds
[2026-09-23T15:20:10.665+0000] {processor.py:186} INFO - Started process (PID=1246) to work on /opt/airflow/dags/dss150p_pipeline.py
[2026-09-23T15:20:10.669+0000] {processor.py:914} INFO - Processing file /opt/airflow/dags/dss150p_pipeline.py for tasks to queue
[2026-09-23T15:20:10.677+0000] {logging_mixin.py:190} INFO - [2026-09-23T15:20:10.676+0000] {dagbag.py:588} INFO - Filling up the DagBag from /opt/airflow/dags/dss150p_pipeline.py
[2026-09-23T15:20:10.834+0000] {processor.py:925} INFO - DAG(s) 'dss150p_sales_pipeline' retrieved from /opt/airflow/dags/dss150p_pipeline.py
[2026-09-23T15:20:11.074+0000] {logging_mixin.py:190} INFO - [2026-09-23T15:20:11.074+0000] {dag.py:3239} INFO - Sync 1 DAGs
[2026-09-23T15:20:11.185+0000] {logging_mixin.py:190} INFO - [2026-09-23T15:20:11.184+0000] {dag.py:4180} INFO - Setting next_dagrun for dss150p_sales_pipeline to 2026-09-23 02:00:00+00:00, run_after=2026-09-24 02:00:00+00:00
[2026-09-23T15:20:11.235+0000] {processor.py:208} INFO - Processing /opt/airflow/dags/dss150p_pipeline.py took 0.585 seconds
[2026-09-23T15:20:41.647+0000] {processor.py:186} INFO - Started process (PID=1251) to work on /opt/airflow/dags/dss150p_pipeline.py
[2026-09-23T15:20:41.650+0000] {processor.py:914} INFO - Processing file /opt/airflow/dags/dss150p_pipeline.py for tasks to queue
[2026-09-23T15:20:41.655+0000] {logging_mixin.py:190} INFO - [2026-09-23T15:20:41.655+0000] {dagbag.py:588} INFO - Filling up the DagBag from /opt/airflow/dags/dss150p_pipeline.py
[2026-09-23T15:20:41.732+0000] {processor.py:925} INFO - DAG(s) 'dss150p_sales_pipeline' retrieved from /opt/airflow/dags/dss150p_pipeline.py
[2026-09-23T15:20:41.835+0000] {logging_mixin.py:190} INFO - [2026-09-23T15:20:41.834+0000] {dag.py:3239} INFO - Sync 1 DAGs
[2026-09-23T15:20:41.887+0000] {logging_mixin.py:190} INFO - [2026-09-23T15:20:41.887+0000] {dag.py:4180} INFO - Setting next_dagrun for dss150p_sales_pipeline to 2026-09-23 02:00:00+00:00, run_after=2026-09-24 02:00:00+00:00
[2026-09-23T15:20:41.924+0000] {processor.py:208} INFO - Processing /opt/airflow/dags/dss150p_pipeline.py took 0.291 seconds
[2026-09-23T15:21:12.324+0000] {processor.py:186} INFO - Started process (PID=1286) to work on /opt/airflow/dags/dss150p_pipeline.py
[2026-09-23T15:21:12.328+0000] {processor.py:914} INFO - Processing file /opt/airflow/dags/dss150p_pipeline.py for tasks to queue
[2026-09-23T15:21:12.339+0000] {logging_mixin.py:190} INFO - [2026-09-23T15:21:12.338+0000] {dagbag.py:588} INFO - Filling up the DagBag from /opt/airflow/dags/dss150p_pipeline.py
[2026-09-23T15:21:12.421+0000] {processor.py:925} INFO - DAG(s) 'dss150p_sales_pipeline' retrieved from /opt/airflow/dags/dss150p_pipeline.py
[2026-09-23T15:21:12.566+0000] {logging_mixin.py:190} INFO - [2026-09-23T15:21:12.566+0000] {dag.py:3239} INFO - Sync 1 DAGs
[2026-09-23T15:21:12.658+0000] {logging_mixin.py:190} INFO - [2026-09-23T15:21:12.657+0000] {dag.py:4180} INFO - Setting next_dagrun for dss150p_sales_pipeline to 2026-09-23 02:00:00+00:00, run_after=2026-09-24 02:00:00+00:00
[2026-09-23T15:21:12.725+0000] {processor.py:208} INFO - Processing /opt/airflow/dags/dss150p_pipeline.py took 0.426 seconds
[2026-09-23T15:21:43.124+0000] {processor.py:186} INFO - Started process (PID=1291) to work on /opt/airflow/dags/dss150p_pipeline.py
[2026-09-23T15:21:43.127+0000] {processor.py:914} INFO - Processing file /opt/airflow/dags/dss150p_pipeline.py for tasks to queue
[2026-09-23T15:21:43.134+0000] {logging_mixin.py:190} INFO - [2026-09-23T15:21:43.134+0000] {dagbag.py:588} INFO - Filling up the DagBag from /opt/airflow/dags/dss150p_pipeline.py
[2026-09-23T15:21:43.185+0000] {processor.py:925} INFO - DAG(s) 'dss150p_sales_pipeline' retrieved from /opt/airflow/dags/dss150p_pipeline.py
[2026-09-23T15:21:43.285+0000] {logging_mixin.py:190} INFO - [2026-09-23T15:21:43.285+0000] {dag.py:3239} INFO - Sync 1 DAGs
[2026-09-23T15:21:43.335+0000] {logging_mixin.py:190} INFO - [2026-09-23T15:21:43.335+0000] {dag.py:4180} INFO - Setting next_dagrun for dss150p_sales_pipeline to 2026-09-23 02:00:00+00:00, run_after=2026-09-24 02:00:00+00:00
[2026-09-23T15:21:43.379+0000] {processor.py:208} INFO - Processing /opt/airflow/dags/dss150p_pipeline.py took 0.268 seconds
[2026-09-23T15:22:13.784+0000] {processor.py:186} INFO - Started process (PID=1296) to work on /opt/airflow/dags/dss150p_pipeline.py
[2026-09-23T15:22:13.788+0000] {processor.py:914} INFO - Processing file /opt/airflow/dags/dss150p_pipeline.py for tasks to queue
[2026-09-23T15:22:13.795+0000] {logging_mixin.py:190} INFO - [2026-09-23T15:22:13.794+0000] {dagbag.py:588} INFO - Filling up the DagBag from /opt/airflow/dags/dss150p_pipeline.py
[2026-09-23T15:22:13.872+0000] {processor.py:925} INFO - DAG(s) 'dss150p_sales_pipeline' retrieved from /opt/airflow/dags/dss150p_pipeline.py
[2026-09-23T15:22:14.033+0000] {logging_mixin.py:190} INFO - [2026-09-23T15:22:14.032+0000] {dag.py:3239} INFO - Sync 1 DAGs
[2026-09-23T15:22:14.156+0000] {logging_mixin.py:190} INFO - [2026-09-23T15:22:14.155+0000] {dag.py:4180} INFO - Setting next_dagrun for dss150p_sales_pipeline to 2026-09-23 02:00:00+00:00, run_after=2026-09-24 02:00:00+00:00
[2026-09-23T15:22:14.220+0000] {processor.py:208} INFO - Processing /opt/airflow/dags/dss150p_pipeline.py took 0.453 seconds
[2026-09-23T15:22:44.610+0000] {processor.py:186} INFO - Started process (PID=1301) to work on /opt/airflow/dags/dss150p_pipeline.py
[2026-09-23T15:22:44.613+0000] {processor.py:914} INFO - Processing file /opt/airflow/dags/dss150p_pipeline.py for tasks to queue
[2026-09-23T15:22:44.620+0000] {logging_mixin.py:190} INFO - [2026-09-23T15:22:44.619+0000] {dagbag.py:588} INFO - Filling up the DagBag from /opt/airflow/dags/dss150p_pipeline.py
[2026-09-23T15:22:44.677+0000] {processor.py:925} INFO - DAG(s) 'dss150p_sales_pipeline' retrieved from /opt/airflow/dags/dss150p_pipeline.py
[2026-09-23T15:22:44.779+0000] {logging_mixin.py:190} INFO - [2026-09-23T15:22:44.779+0000] {dag.py:3239} INFO - Sync 1 DAGs
[2026-09-23T15:22:44.827+0000] {logging_mixin.py:190} INFO - [2026-09-23T15:22:44.827+0000] {dag.py:4180} INFO - Setting next_dagrun for dss150p_sales_pipeline to 2026-09-23 02:00:00+00:00, run_after=2026-09-24 02:00:00+00:00
[2026-09-23T15:22:44.861+0000] {processor.py:208} INFO - Processing /opt/airflow/dags/dss150p_pipeline.py took 0.265 seconds
[2026-09-23T15:23:15.264+0000] {processor.py:186} INFO - Started process (PID=1306) to work on /opt/airflow/dags/dss150p_pipeline.py
[2026-09-23T15:23:15.268+0000] {processor.py:914} INFO - Processing file /opt/airflow/dags/dss150p_pipeline.py for tasks to queue
[2026-09-23T15:23:15.278+0000] {logging_mixin.py:190} INFO - [2026-09-23T15:23:15.277+0000] {dagbag.py:588} INFO - Filling up the DagBag from /opt/airflow/dags/dss150p_pipeline.py
[2026-09-23T15:23:15.368+0000] {processor.py:925} INFO - DAG(s) 'dss150p_sales_pipeline' retrieved from /opt/airflow/dags/dss150p_pipeline.py
[2026-09-23T15:23:15.473+0000] {logging_mixin.py:190} INFO - [2026-09-23T15:23:15.473+0000] {dag.py:3239} INFO - Sync 1 DAGs
[2026-09-23T15:23:15.515+0000] {logging_mixin.py:190} INFO - [2026-09-23T15:23:15.515+0000] {dag.py:4180} INFO - Setting next_dagrun for dss150p_sales_pipeline to 2026-09-23 02:00:00+00:00, run_after=2026-09-24 02:00:00+00:00
[2026-09-23T15:23:15.547+0000] {processor.py:208} INFO - Processing /opt/airflow/dags/dss150p_pipeline.py took 0.306 seconds
[2026-09-23T15:23:45.952+0000] {processor.py:186} INFO - Started process (PID=1311) to work on /opt/airflow/dags/dss150p_pipeline.py
[2026-09-23T15:23:45.955+0000] {processor.py:914} INFO - Processing file /opt/airflow/dags/dss150p_pipeline.py for tasks to queue
[2026-09-23T15:23:45.961+0000] {logging_mixin.py:190} INFO - [2026-09-23T15:23:45.960+0000] {dagbag.py:588} INFO - Filling up the DagBag from /opt/airflow/dags/dss150p_pipeline.py
[2026-09-23T15:23:46.009+0000] {processor.py:925} INFO - DAG(s) 'dss150p_sales_pipeline' retrieved from /opt/airflow/dags/dss150p_pipeline.py
[2026-09-23T15:23:46.128+0000] {logging_mixin.py:190} INFO - [2026-09-23T15:23:46.127+0000] {dag.py:3239} INFO - Sync 1 DAGs
[2026-09-23T15:23:46.179+0000] {logging_mixin.py:190} INFO - [2026-09-23T15:23:46.179+0000] {dag.py:4180} INFO - Setting next_dagrun for dss150p_sales_pipeline to 2026-09-23 02:00:00+00:00, run_after=2026-09-24 02:00:00+00:00
[2026-09-23T15:23:46.256+0000] {processor.py:208} INFO - Processing /opt/airflow/dags/dss150p_pipeline.py took 0.317 seconds
[2026-09-23T15:24:16.702+0000] {processor.py:186} INFO - Started process (PID=1316) to work on /opt/airflow/dags/dss150p_pipeline.py
[2026-09-23T15:24:16.706+0000] {processor.py:914} INFO - Processing file /opt/airflow/dags/dss150p_pipeline.py for tasks to queue
[2026-09-23T15:24:16.711+0000] {logging_mixin.py:190} INFO - [2026-09-23T15:24:16.711+0000] {dagbag.py:588} INFO - Filling up the DagBag from /opt/airflow/dags/dss150p_pipeline.py
[2026-09-23T15:24:16.759+0000] {processor.py:925} INFO - DAG(s) 'dss150p_sales_pipeline' retrieved from /opt/airflow/dags/dss150p_pipeline.py
[2026-09-23T15:24:16.852+0000] {logging_mixin.py:190} INFO - [2026-09-23T15:24:16.851+0000] {dag.py:3239} INFO - Sync 1 DAGs
[2026-09-23T15:24:16.894+0000] {logging_mixin.py:190} INFO - [2026-09-23T15:24:16.894+0000] {dag.py:4180} INFO - Setting next_dagrun for dss150p_sales_pipeline to 2026-09-23 02:00:00+00:00, run_after=2026-09-24 02:00:00+00:00
[2026-09-23T15:24:16.927+0000] {processor.py:208} INFO - Processing /opt/airflow/dags/dss150p_pipeline.py took 0.238 seconds
[2026-09-23T15:24:47.024+0000] {processor.py:186} INFO - Started process (PID=1321) to work on /opt/airflow/dags/dss150p_pipeline.py
[2026-09-23T15:24:47.028+0000] {processor.py:914} INFO - Processing file /opt/airflow/dags/dss150p_pipeline.py for tasks to queue
[2026-09-23T15:24:47.037+0000] {logging_mixin.py:190} INFO - [2026-09-23T15:24:47.034+0000] {dagbag.py:588} INFO - Filling up the DagBag from /opt/airflow/dags/dss150p_pipeline.py
[2026-09-23T15:24:47.086+0000] {processor.py:925} INFO - DAG(s) 'dss150p_sales_pipeline' retrieved from /opt/airflow/dags/dss150p_pipeline.py
[2026-09-23T15:24:47.191+0000] {logging_mixin.py:190} INFO - [2026-09-23T15:24:47.191+0000] {dag.py:3239} INFO - Sync 1 DAGs
[2026-09-23T15:24:47.245+0000] {logging_mixin.py:190} INFO - [2026-09-23T15:24:47.245+0000] {dag.py:4180} INFO - Setting next_dagrun for dss150p_sales_pipeline to 2026-09-23 02:00:00+00:00, run_after=2026-09-24 02:00:00+00:00
[2026-09-23T15:24:47.283+0000] {processor.py:208} INFO - Processing /opt/airflow/dags/dss150p_pipeline.py took 0.274 seconds
[2026-09-23T15:25:17.626+0000] {processor.py:186} INFO - Started process (PID=1326) to work on /opt/airflow/dags/dss150p_pipeline.py
[2026-09-23T15:25:17.629+0000] {processor.py:914} INFO - Processing file /opt/airflow/dags/dss150p_pipeline.py for tasks to queue
[2026-09-23T15:25:17.636+0000] {logging_mixin.py:190} INFO - [2026-09-23T15:25:17.635+0000] {dagbag.py:588} INFO - Filling up the DagBag from /opt/airflow/dags/dss150p_pipeline.py
[2026-09-23T15:25:17.681+0000] {processor.py:925} INFO - DAG(s) 'dss150p_sales_pipeline' retrieved from /opt/airflow/dags/dss150p_pipeline.py
[2026-09-23T15:25:17.797+0000] {logging_mixin.py:190} INFO - [2026-09-23T15:25:17.797+0000] {dag.py:3239} INFO - Sync 1 DAGs
[2026-09-23T15:25:17.858+0000] {logging_mixin.py:190} INFO - [2026-09-23T15:25:17.858+0000] {dag.py:4180} INFO - Setting next_dagrun for dss150p_sales_pipeline to 2026-09-23 02:00:00+00:00, run_after=2026-09-24 02:00:00+00:00
[2026-09-23T15:25:17.904+0000] {processor.py:208} INFO - Processing /opt/airflow/dags/dss150p_pipeline.py took 0.291 seconds
[2026-09-23T15:25:48.001+0000] {processor.py:186} INFO - Started process (PID=1331) to work on /opt/airflow/dags/dss150p_pipeline.py
[2026-09-23T15:25:48.003+0000] {processor.py:914} INFO - Processing file /opt/airflow/dags/dss150p_pipeline.py for tasks to queue
[2026-09-23T15:25:48.008+0000] {logging_mixin.py:190} INFO - [2026-09-23T15:25:48.008+0000] {dagbag.py:588} INFO - Filling up the DagBag from /opt/airflow/dags/dss150p_pipeline.py
[2026-09-23T15:25:48.053+0000] {processor.py:925} INFO - DAG(s) 'dss150p_sales_pipeline' retrieved from /opt/airflow/dags/dss150p_pipeline.py
[2026-09-23T15:25:48.153+0000] {logging_mixin.py:190} INFO - [2026-09-23T15:25:48.152+0000] {dag.py:3239} INFO - Sync 1 DAGs
[2026-09-23T15:25:48.211+0000] {logging_mixin.py:190} INFO - [2026-09-23T15:25:48.210+0000] {dag.py:4180} INFO - Setting next_dagrun for dss150p_sales_pipeline to 2026-09-23 02:00:00+00:00, run_after=2026-09-24 02:00:00+00:00
[2026-09-23T15:25:48.267+0000] {processor.py:208} INFO - Processing /opt/airflow/dags/dss150p_pipeline.py took 0.279 seconds
[2026-09-23T15:26:18.608+0000] {processor.py:186} INFO - Started process (PID=1336) to work on /opt/airflow/dags/dss150p_pipeline.py
[2026-09-23T15:26:18.610+0000] {processor.py:914} INFO - Processing file /opt/airflow/dags/dss150p_pipeline.py for tasks to queue
[2026-09-23T15:26:18.616+0000] {logging_mixin.py:190} INFO - [2026-09-23T15:26:18.615+0000] {dagbag.py:588} INFO - Filling up the DagBag from /opt/airflow/dags/dss150p_pipeline.py
[2026-09-23T15:26:18.661+0000] {processor.py:925} INFO - DAG(s) 'dss150p_sales_pipeline' retrieved from /opt/airflow/dags/dss150p_pipeline.py
[2026-09-23T15:26:18.821+0000] {logging_mixin.py:190} INFO - [2026-09-23T15:26:18.820+0000] {dag.py:3239} INFO - Sync 1 DAGs
[2026-09-23T15:26:18.861+0000] {logging_mixin.py:190} INFO - [2026-09-23T15:26:18.860+0000] {dag.py:4180} INFO - Setting next_dagrun for dss150p_sales_pipeline to 2026-09-23 02:00:00+00:00, run_after=2026-09-24 02:00:00+00:00
[2026-09-23T15:26:18.897+0000] {processor.py:208} INFO - Processing /opt/airflow/dags/dss150p_pipeline.py took 0.300 seconds
[2026-09-23T15:26:49.072+0000] {processor.py:186} INFO - Started process (PID=1341) to work on /opt/airflow/dags/dss150p_pipeline.py
[2026-09-23T15:26:49.075+0000] {processor.py:914} INFO - Processing file /opt/airflow/dags/dss150p_pipeline.py for tasks to queue
[2026-09-23T15:26:49.081+0000] {logging_mixin.py:190} INFO - [2026-09-23T15:26:49.081+0000] {dagbag.py:588} INFO - Filling up the DagBag from /opt/airflow/dags/dss150p_pipeline.py
[2026-09-23T15:26:49.174+0000] {processor.py:925} INFO - DAG(s) 'dss150p_sales_pipeline' retrieved from /opt/airflow/dags/dss150p_pipeline.py
[2026-09-23T15:26:49.309+0000] {logging_mixin.py:190} INFO - [2026-09-23T15:26:49.309+0000] {dag.py:3239} INFO - Sync 1 DAGs
[2026-09-23T15:26:49.408+0000] {logging_mixin.py:190} INFO - [2026-09-23T15:26:49.408+0000] {dag.py:4180} INFO - Setting next_dagrun for dss150p_sales_pipeline to 2026-09-23 02:00:00+00:00, run_after=2026-09-24 02:00:00+00:00
[2026-09-23T15:26:49.446+0000] {processor.py:208} INFO - Processing /opt/airflow/dags/dss150p_pipeline.py took 0.387 seconds
[2026-09-23T15:27:19.558+0000] {processor.py:186} INFO - Started process (PID=1353) to work on /opt/airflow/dags/dss150p_pipeline.py
[2026-09-23T15:27:19.562+0000] {processor.py:914} INFO - Processing file /opt/airflow/dags/dss150p_pipeline.py for tasks to queue
[2026-09-23T15:27:19.570+0000] {logging_mixin.py:190} INFO - [2026-09-23T15:27:19.570+0000] {dagbag.py:588} INFO - Filling up the DagBag from /opt/airflow/dags/dss150p_pipeline.py
[2026-09-23T15:27:19.629+0000] {processor.py:925} INFO - DAG(s) 'dss150p_sales_pipeline' retrieved from /opt/airflow/dags/dss150p_pipeline.py
[2026-09-23T15:27:19.728+0000] {logging_mixin.py:190} INFO - [2026-09-23T15:27:19.727+0000] {dag.py:3239} INFO - Sync 1 DAGs
[2026-09-23T15:27:19.770+0000] {logging_mixin.py:190} INFO - [2026-09-23T15:27:19.770+0000] {dag.py:4180} INFO - Setting next_dagrun for dss150p_sales_pipeline to 2026-09-23 02:00:00+00:00, run_after=2026-09-24 02:00:00+00:00
[2026-09-23T15:27:19.806+0000] {processor.py:208} INFO - Processing /opt/airflow/dags/dss150p_pipeline.py took 0.264 seconds
[2026-09-23T15:27:50.130+0000] {processor.py:186} INFO - Started process (PID=1358) to work on /opt/airflow/dags/dss150p_pipeline.py
[2026-09-23T15:27:50.133+0000] {processor.py:914} INFO - Processing file /opt/airflow/dags/dss150p_pipeline.py for tasks to queue
[2026-09-23T15:27:50.139+0000] {logging_mixin.py:190} INFO - [2026-09-23T15:27:50.138+0000] {dagbag.py:588} INFO - Filling up the DagBag from /opt/airflow/dags/dss150p_pipeline.py
[2026-09-23T15:27:50.183+0000] {processor.py:925} INFO - DAG(s) 'dss150p_sales_pipeline' retrieved from /opt/airflow/dags/dss150p_pipeline.py
[2026-09-23T15:27:50.273+0000] {logging_mixin.py:190} INFO - [2026-09-23T15:27:50.272+0000] {dag.py:3239} INFO - Sync 1 DAGs
[2026-09-23T15:27:50.310+0000] {logging_mixin.py:190} INFO - [2026-09-23T15:27:50.310+0000] {dag.py:4180} INFO - Setting next_dagrun for dss150p_sales_pipeline to 2026-09-23 02:00:00+00:00, run_after=2026-09-24 02:00:00+00:00
[2026-09-23T15:27:50.349+0000] {processor.py:208} INFO - Processing /opt/airflow/dags/dss150p_pipeline.py took 0.229 seconds
[2026-09-23T15:28:20.464+0000] {processor.py:186} INFO - Started process (PID=1369) to work on /opt/airflow/dags/dss150p_pipeline.py
[2026-09-23T15:28:20.467+0000] {processor.py:914} INFO - Processing file /opt/airflow/dags/dss150p_pipeline.py for tasks to queue
[2026-09-23T15:28:20.471+0000] {logging_mixin.py:190} INFO - [2026-09-23T15:28:20.470+0000] {dagbag.py:588} INFO - Filling up the DagBag from /opt/airflow/dags/dss150p_pipeline.py
[2026-09-23T15:28:20.525+0000] {processor.py:925} INFO - DAG(s) 'dss150p_sales_pipeline' retrieved from /opt/airflow/dags/dss150p_pipeline.py
[2026-09-23T15:28:20.617+0000] {logging_mixin.py:190} INFO - [2026-09-23T15:28:20.616+0000] {dag.py:3239} INFO - Sync 1 DAGs
[2026-09-23T15:28:20.661+0000] {logging_mixin.py:190} INFO - [2026-09-23T15:28:20.660+0000] {dag.py:4180} INFO - Setting next_dagrun for dss150p_sales_pipeline to 2026-09-23 02:00:00+00:00, run_after=2026-09-24 02:00:00+00:00
[2026-09-23T15:28:20.698+0000] {processor.py:208} INFO - Processing /opt/airflow/dags/dss150p_pipeline.py took 0.244 seconds
[2026-09-23T15:28:51.043+0000] {processor.py:186} INFO - Started process (PID=1374) to work on /opt/airflow/dags/dss150p_pipeline.py
[2026-09-23T15:28:51.045+0000] {processor.py:914} INFO - Processing file /opt/airflow/dags/dss150p_pipeline.py for tasks to queue
[2026-09-23T15:28:51.051+0000] {logging_mixin.py:190} INFO - [2026-09-23T15:28:51.050+0000] {dagbag.py:588} INFO - Filling up the DagBag from /opt/airflow/dags/dss150p_pipeline.py
[2026-09-23T15:28:51.099+0000] {processor.py:925} INFO - DAG(s) 'dss150p_sales_pipeline' retrieved from /opt/airflow/dags/dss150p_pipeline.py
[2026-09-23T15:28:51.199+0000] {logging_mixin.py:190} INFO - [2026-09-23T15:28:51.199+0000] {dag.py:3239} INFO - Sync 1 DAGs
[2026-09-23T15:28:51.245+0000] {logging_mixin.py:190} INFO - [2026-09-23T15:28:51.245+0000] {dag.py:4180} INFO - Setting next_dagrun for dss150p_sales_pipeline to 2026-09-23 02:00:00+00:00, run_after=2026-09-24 02:00:00+00:00
[2026-09-23T15:28:51.293+0000] {processor.py:208} INFO - Processing /opt/airflow/dags/dss150p_pipeline.py took 0.260 seconds
[2026-09-23T15:29:21.677+0000] {processor.py:186} INFO - Started process (PID=1383) to work on /opt/airflow/dags/dss150p_pipeline.py
[2026-09-23T15:29:21.680+0000] {processor.py:914} INFO - Processing file /opt/airflow/dags/dss150p_pipeline.py for tasks to queue
[2026-09-23T15:29:21.685+0000] {logging_mixin.py:190} INFO - [2026-09-23T15:29:21.685+0000] {dagbag.py:588} INFO - Filling up the DagBag from /opt/airflow/dags/dss150p_pipeline.py
[2026-09-23T15:29:21.733+0000] {processor.py:925} INFO - DAG(s) 'dss150p_sales_pipeline' retrieved from /opt/airflow/dags/dss150p_pipeline.py
[2026-09-23T15:29:21.821+0000] {logging_mixin.py:190} INFO - [2026-09-23T15:29:21.820+0000] {dag.py:3239} INFO - Sync 1 DAGs
[2026-09-23T15:29:21.858+0000] {logging_mixin.py:190} INFO - [2026-09-23T15:29:21.858+0000] {dag.py:4180} INFO - Setting next_dagrun for dss150p_sales_pipeline to 2026-09-23 02:00:00+00:00, run_after=2026-09-24 02:00:00+00:00
[2026-09-23T15:29:21.902+0000] {processor.py:208} INFO - Processing /opt/airflow/dags/dss150p_pipeline.py took 0.237 seconds
[2026-09-23T15:29:52.280+0000] {processor.py:186} INFO - Started process (PID=1388) to work on /opt/airflow/dags/dss150p_pipeline.py
[2026-09-23T15:29:52.282+0000] {processor.py:914} INFO - Processing file /opt/airflow/dags/dss150p_pipeline.py for tasks to queue
[2026-09-23T15:29:52.289+0000] {logging_mixin.py:190} INFO - [2026-09-23T15:29:52.288+0000] {dagbag.py:588} INFO - Filling up the DagBag from /opt/airflow/dags/dss150p_pipeline.py
[2026-09-23T15:29:52.342+0000] {processor.py:925} INFO - DAG(s) 'dss150p_sales_pipeline' retrieved from /opt/airflow/dags/dss150p_pipeline.py
[2026-09-23T15:29:52.444+0000] {logging_mixin.py:190} INFO - [2026-09-23T15:29:52.444+0000] {dag.py:3239} INFO - Sync 1 DAGs
[2026-09-23T15:29:52.492+0000] {logging_mixin.py:190} INFO - [2026-09-23T15:29:52.492+0000] {dag.py:4180} INFO - Setting next_dagrun for dss150p_sales_pipeline to 2026-09-23 02:00:00+00:00, run_after=2026-09-24 02:00:00+00:00
[2026-09-23T15:29:52.533+0000] {processor.py:208} INFO - Processing /opt/airflow/dags/dss150p_pipeline.py took 0.266 seconds
[2026-09-23T15:30:22.904+0000] {processor.py:186} INFO - Started process (PID=1397) to work on /opt/airflow/dags/dss150p_pipeline.py
[2026-09-23T15:30:22.908+0000] {processor.py:914} INFO - Processing file /opt/airflow/dags/dss150p_pipeline.py for tasks to queue
[2026-09-23T15:30:22.917+0000] {logging_mixin.py:190} INFO - [2026-09-23T15:30:22.916+0000] {dagbag.py:588} INFO - Filling up the DagBag from /opt/airflow/dags/dss150p_pipeline.py
[2026-09-23T15:30:22.968+0000] {processor.py:925} INFO - DAG(s) 'dss150p_sales_pipeline' retrieved from /opt/airflow/dags/dss150p_pipeline.py
[2026-09-23T15:30:23.054+0000] {logging_mixin.py:190} INFO - [2026-09-23T15:30:23.054+0000] {dag.py:3239} INFO - Sync 1 DAGs
[2026-09-23T15:30:23.111+0000] {logging_mixin.py:190} INFO - [2026-09-23T15:30:23.110+0000] {dag.py:4180} INFO - Setting next_dagrun for dss150p_sales_pipeline to 2026-09-23 02:00:00+00:00, run_after=2026-09-24 02:00:00+00:00
[2026-09-23T15:30:23.148+0000] {processor.py:208} INFO - Processing /opt/airflow/dags/dss150p_pipeline.py took 0.265 seconds
[2026-09-23T15:30:53.518+0000] {processor.py:186} INFO - Started process (PID=1402) to work on /opt/airflow/dags/dss150p_pipeline.py
[2026-09-23T15:30:53.521+0000] {processor.py:914} INFO - Processing file /opt/airflow/dags/dss150p_pipeline.py for tasks to queue
[2026-09-23T15:30:53.532+0000] {logging_mixin.py:190} INFO - [2026-09-23T15:30:53.531+0000] {dagbag.py:588} INFO - Filling up the DagBag from /opt/airflow/dags/dss150p_pipeline.py
[2026-09-23T15:30:53.587+0000] {processor.py:925} INFO - DAG(s) 'dss150p_sales_pipeline' retrieved from /opt/airflow/dags/dss150p_pipeline.py
[2026-09-23T15:30:53.783+0000] {logging_mixin.py:190} INFO - [2026-09-23T15:30:53.782+0000] {dag.py:3239} INFO - Sync 1 DAGs
[2026-09-23T15:30:53.857+0000] {logging_mixin.py:190} INFO - [2026-09-23T15:30:53.856+0000] {dag.py:4180} INFO - Setting next_dagrun for dss150p_sales_pipeline to 2026-09-23 02:00:00+00:00, run_after=2026-09-24 02:00:00+00:00
[2026-09-23T15:30:53.899+0000] {processor.py:208} INFO - Processing /opt/airflow/dags/dss150p_pipeline.py took 0.399 seconds
[2026-09-23T15:31:24.418+0000] {processor.py:186} INFO - Started process (PID=1411) to work on /opt/airflow/dags/dss150p_pipeline.py
[2026-09-23T15:31:24.424+0000] {processor.py:914} INFO - Processing file /opt/airflow/dags/dss150p_pipeline.py for tasks to queue
[2026-09-23T15:31:24.440+0000] {logging_mixin.py:190} INFO - [2026-09-23T15:31:24.439+0000] {dagbag.py:588} INFO - Filling up the DagBag from /opt/airflow/dags/dss150p_pipeline.py
[2026-09-23T15:31:24.509+0000] {processor.py:925} INFO - DAG(s) 'dss150p_sales_pipeline' retrieved from /opt/airflow/dags/dss150p_pipeline.py
[2026-09-23T15:31:24.657+0000] {logging_mixin.py:190} INFO - [2026-09-23T15:31:24.655+0000] {dag.py:3239} INFO - Sync 1 DAGs
[2026-09-23T15:31:24.731+0000] {logging_mixin.py:190} INFO - [2026-09-23T15:31:24.730+0000] {dag.py:4180} INFO - Setting next_dagrun for dss150p_sales_pipeline to 2026-09-23 02:00:00+00:00, run_after=2026-09-24 02:00:00+00:00
[2026-09-23T15:31:24.790+0000] {processor.py:208} INFO - Processing /opt/airflow/dags/dss150p_pipeline.py took 0.396 seconds
[2026-09-23T15:31:55.271+0000] {processor.py:186} INFO - Started process (PID=1416) to work on /opt/airflow/dags/dss150p_pipeline.py
[2026-09-23T15:31:55.275+0000] {processor.py:914} INFO - Processing file /opt/airflow/dags/dss150p_pipeline.py for tasks to queue
[2026-09-23T15:31:55.287+0000] {logging_mixin.py:190} INFO - [2026-09-23T15:31:55.286+0000] {dagbag.py:588} INFO - Filling up the DagBag from /opt/airflow/dags/dss150p_pipeline.py
[2026-09-23T15:31:55.340+0000] {processor.py:925} INFO - DAG(s) 'dss150p_sales_pipeline' retrieved from /opt/airflow/dags/dss150p_pipeline.py
[2026-09-23T15:31:55.434+0000] {logging_mixin.py:190} INFO - [2026-09-23T15:31:55.434+0000] {dag.py:3239} INFO - Sync 1 DAGs
[2026-09-23T15:31:55.476+0000] {logging_mixin.py:190} INFO - [2026-09-23T15:31:55.475+0000] {dag.py:4180} INFO - Setting next_dagrun for dss150p_sales_pipeline to 2026-09-23 02:00:00+00:00, run_after=2026-09-24 02:00:00+00:00
[2026-09-23T15:31:55.517+0000] {processor.py:208} INFO - Processing /opt/airflow/dags/dss150p_pipeline.py took 0.261 seconds
[2026-09-23T15:32:25.921+0000] {processor.py:186} INFO - Started process (PID=1421) to work on /opt/airflow/dags/dss150p_pipeline.py
[2026-09-23T15:32:25.924+0000] {processor.py:914} INFO - Processing file /opt/airflow/dags/dss150p_pipeline.py for tasks to queue
[2026-09-23T15:32:25.931+0000] {logging_mixin.py:190} INFO - [2026-09-23T15:32:25.930+0000] {dagbag.py:588} INFO - Filling up the DagBag from /opt/airflow/dags/dss150p_pipeline.py
[2026-09-23T15:32:25.976+0000] {processor.py:925} INFO - DAG(s) 'dss150p_sales_pipeline' retrieved from /opt/airflow/dags/dss150p_pipeline.py
[2026-09-23T15:32:26.077+0000] {logging_mixin.py:190} INFO - [2026-09-23T15:32:26.077+0000] {dag.py:3239} INFO - Sync 1 DAGs
[2026-09-23T15:32:26.120+0000] {logging_mixin.py:190} INFO - [2026-09-23T15:32:26.120+0000] {dag.py:4180} INFO - Setting next_dagrun for dss150p_sales_pipeline to 2026-09-23 02:00:00+00:00, run_after=2026-09-24 02:00:00+00:00
[2026-09-23T15:32:26.161+0000] {processor.py:208} INFO - Processing /opt/airflow/dags/dss150p_pipeline.py took 0.251 seconds
[2026-09-23T15:32:56.250+0000] {processor.py:186} INFO - Started process (PID=1426) to work on /opt/airflow/dags/dss150p_pipeline.py
[2026-09-23T15:32:56.253+0000] {processor.py:914} INFO - Processing file /opt/airflow/dags/dss150p_pipeline.py for tasks to queue
[2026-09-23T15:32:56.259+0000] {logging_mixin.py:190} INFO - [2026-09-23T15:32:56.258+0000] {dagbag.py:588} INFO - Filling up the DagBag from /opt/airflow/dags/dss150p_pipeline.py
[2026-09-23T15:32:56.305+0000] {processor.py:925} INFO - DAG(s) 'dss150p_sales_pipeline' retrieved from /opt/airflow/dags/dss150p_pipeline.py
[2026-09-23T15:32:56.398+0000] {logging_mixin.py:190} INFO - [2026-09-23T15:32:56.397+0000] {dag.py:3239} INFO - Sync 1 DAGs
[2026-09-23T15:32:56.446+0000] {logging_mixin.py:190} INFO - [2026-09-23T15:32:56.445+0000] {dag.py:4180} INFO - Setting next_dagrun for dss150p_sales_pipeline to 2026-09-23 02:00:00+00:00, run_after=2026-09-24 02:00:00+00:00
[2026-09-23T15:32:56.484+0000] {processor.py:208} INFO - Processing /opt/airflow/dags/dss150p_pipeline.py took 0.248 seconds
[2026-09-23T15:33:26.801+0000] {processor.py:186} INFO - Started process (PID=1431) to work on /opt/airflow/dags/dss150p_pipeline.py
[2026-09-23T15:33:26.805+0000] {processor.py:914} INFO - Processing file /opt/airflow/dags/dss150p_pipeline.py for tasks to queue
[2026-09-23T15:33:26.811+0000] {logging_mixin.py:190} INFO - [2026-09-23T15:33:26.810+0000] {dagbag.py:588} INFO - Filling up the DagBag from /opt/airflow/dags/dss150p_pipeline.py
[2026-09-23T15:33:26.863+0000] {processor.py:925} INFO - DAG(s) 'dss150p_sales_pipeline' retrieved from /opt/airflow/dags/dss150p_pipeline.py
[2026-09-23T15:33:26.949+0000] {logging_mixin.py:190} INFO - [2026-09-23T15:33:26.948+0000] {dag.py:3239} INFO - Sync 1 DAGs
[2026-09-23T15:33:26.997+0000] {logging_mixin.py:190} INFO - [2026-09-23T15:33:26.997+0000] {dag.py:4180} INFO - Setting next_dagrun for dss150p_sales_pipeline to 2026-09-23 02:00:00+00:00, run_after=2026-09-24 02:00:00+00:00
[2026-09-23T15:33:27.034+0000] {processor.py:208} INFO - Processing /opt/airflow/dags/dss150p_pipeline.py took 0.243 seconds
[2026-09-23T15:33:57.154+0000] {processor.py:186} INFO - Started process (PID=1436) to work on /opt/airflow/dags/dss150p_pipeline.py
[2026-09-23T15:33:57.158+0000] {processor.py:914} INFO - Processing file /opt/airflow/dags/dss150p_pipeline.py for tasks to queue
[2026-09-23T15:33:57.164+0000] {logging_mixin.py:190} INFO - [2026-09-23T15:33:57.163+0000] {dagbag.py:588} INFO - Filling up the DagBag from /opt/airflow/dags/dss150p_pipeline.py
[2026-09-23T15:33:57.228+0000] {processor.py:925} INFO - DAG(s) 'dss150p_sales_pipeline' retrieved from /opt/airflow/dags/dss150p_pipeline.py
[2026-09-23T15:33:57.335+0000] {logging_mixin.py:190} INFO - [2026-09-23T15:33:57.335+0000] {dag.py:3239} INFO - Sync 1 DAGs
[2026-09-23T15:33:57.396+0000] {logging_mixin.py:190} INFO - [2026-09-23T15:33:57.396+0000] {dag.py:4180} INFO - Setting next_dagrun for dss150p_sales_pipeline to 2026-09-23 02:00:00+00:00, run_after=2026-09-24 02:00:00+00:00
[2026-09-23T15:33:57.439+0000] {processor.py:208} INFO - Processing /opt/airflow/dags/dss150p_pipeline.py took 0.299 seconds
[2026-09-23T15:34:27.821+0000] {processor.py:186} INFO - Started process (PID=1441) to work on /opt/airflow/dags/dss150p_pipeline.py
[2026-09-23T15:34:27.823+0000] {processor.py:914} INFO - Processing file /opt/airflow/dags/dss150p_pipeline.py for tasks to queue
[2026-09-23T15:34:27.843+0000] {logging_mixin.py:190} INFO - [2026-09-23T15:34:27.840+0000] {dagbag.py:588} INFO - Filling up the DagBag from /opt/airflow/dags/dss150p_pipeline.py
[2026-09-23T15:34:27.949+0000] {processor.py:925} INFO - DAG(s) 'dss150p_sales_pipeline' retrieved from /opt/airflow/dags/dss150p_pipeline.py
[2026-09-23T15:34:28.097+0000] {logging_mixin.py:190} INFO - [2026-09-23T15:34:28.097+0000] {dag.py:3239} INFO - Sync 1 DAGs
[2026-09-23T15:34:28.145+0000] {logging_mixin.py:190} INFO - [2026-09-23T15:34:28.145+0000] {dag.py:4180} INFO - Setting next_dagrun for dss150p_sales_pipeline to 2026-09-23 02:00:00+00:00, run_after=2026-09-24 02:00:00+00:00
[2026-09-23T15:34:28.182+0000] {processor.py:208} INFO - Processing /opt/airflow/dags/dss150p_pipeline.py took 0.380 seconds
[2026-09-23T15:34:58.577+0000] {processor.py:186} INFO - Started process (PID=1446) to work on /opt/airflow/dags/dss150p_pipeline.py
[2026-09-23T15:34:58.581+0000] {processor.py:914} INFO - Processing file /opt/airflow/dags/dss150p_pipeline.py for tasks to queue
[2026-09-23T15:34:58.589+0000] {logging_mixin.py:190} INFO - [2026-09-23T15:34:58.588+0000] {dagbag.py:588} INFO - Filling up the DagBag from /opt/airflow/dags/dss150p_pipeline.py
[2026-09-23T15:34:58.641+0000] {processor.py:925} INFO - DAG(s) 'dss150p_sales_pipeline' retrieved from /opt/airflow/dags/dss150p_pipeline.py
[2026-09-23T15:34:58.742+0000] {logging_mixin.py:190} INFO - [2026-09-23T15:34:58.742+0000] {dag.py:3239} INFO - Sync 1 DAGs
[2026-09-23T15:34:58.792+0000] {logging_mixin.py:190} INFO - [2026-09-23T15:34:58.792+0000] {dag.py:4180} INFO - Setting next_dagrun for dss150p_sales_pipeline to 2026-09-23 02:00:00+00:00, run_after=2026-09-24 02:00:00+00:00
[2026-09-23T15:34:58.835+0000] {processor.py:208} INFO - Processing /opt/airflow/dags/dss150p_pipeline.py took 0.270 seconds
[2026-09-23T15:35:29.214+0000] {processor.py:186} INFO - Started process (PID=1451) to work on /opt/airflow/dags/dss150p_pipeline.py
[2026-09-23T15:35:29.217+0000] {processor.py:914} INFO - Processing file /opt/airflow/dags/dss150p_pipeline.py for tasks to queue
[2026-09-23T15:35:29.221+0000] {logging_mixin.py:190} INFO - [2026-09-23T15:35:29.221+0000] {dagbag.py:588} INFO - Filling up the DagBag from /opt/airflow/dags/dss150p_pipeline.py
[2026-09-23T15:35:29.271+0000] {processor.py:925} INFO - DAG(s) 'dss150p_sales_pipeline' retrieved from /opt/airflow/dags/dss150p_pipeline.py
[2026-09-23T15:35:29.389+0000] {logging_mixin.py:190} INFO - [2026-09-23T15:35:29.388+0000] {dag.py:3239} INFO - Sync 1 DAGs
[2026-09-23T15:35:29.433+0000] {logging_mixin.py:190} INFO - [2026-09-23T15:35:29.433+0000] {dag.py:4180} INFO - Setting next_dagrun for dss150p_sales_pipeline to 2026-09-23 02:00:00+00:00, run_after=2026-09-24 02:00:00+00:00
[2026-09-23T15:35:29.469+0000] {processor.py:208} INFO - Processing /opt/airflow/dags/dss150p_pipeline.py took 0.267 seconds
[2026-09-23T15:35:59.807+0000] {processor.py:186} INFO - Started process (PID=1456) to work on /opt/airflow/dags/dss150p_pipeline.py
[2026-09-23T15:35:59.809+0000] {processor.py:914} INFO - Processing file /opt/airflow/dags/dss150p_pipeline.py for tasks to queue
[2026-09-23T15:35:59.812+0000] {logging_mixin.py:190} INFO - [2026-09-23T15:35:59.812+0000] {dagbag.py:588} INFO - Filling up the DagBag from /opt/airflow/dags/dss150p_pipeline.py
[2026-09-23T15:35:59.858+0000] {processor.py:925} INFO - DAG(s) 'dss150p_sales_pipeline' retrieved from /opt/airflow/dags/dss150p_pipeline.py
[2026-09-23T15:35:59.988+0000] {logging_mixin.py:190} INFO - [2026-09-23T15:35:59.988+0000] {dag.py:3239} INFO - Sync 1 DAGs
[2026-09-23T15:36:00.105+0000] {logging_mixin.py:190} INFO - [2026-09-23T15:36:00.105+0000] {dag.py:4180} INFO - Setting next_dagrun for dss150p_sales_pipeline to 2026-09-23 02:00:00+00:00, run_after=2026-09-24 02:00:00+00:00
[2026-09-23T15:36:00.188+0000] {processor.py:208} INFO - Processing /opt/airflow/dags/dss150p_pipeline.py took 0.391 seconds
[2026-09-23T15:36:30.597+0000] {processor.py:186} INFO - Started process (PID=1461) to work on /opt/airflow/dags/dss150p_pipeline.py
[2026-09-23T15:36:30.599+0000] {processor.py:914} INFO - Processing file /opt/airflow/dags/dss150p_pipeline.py for tasks to queue
[2026-09-23T15:36:30.604+0000] {logging_mixin.py:190} INFO - [2026-09-23T15:36:30.603+0000] {dagbag.py:588} INFO - Filling up the DagBag from /opt/airflow/dags/dss150p_pipeline.py
[2026-09-23T15:36:30.657+0000] {processor.py:925} INFO - DAG(s) 'dss150p_sales_pipeline' retrieved from /opt/airflow/dags/dss150p_pipeline.py
[2026-09-23T15:36:30.745+0000] {logging_mixin.py:190} INFO - [2026-09-23T15:36:30.745+0000] {dag.py:3239} INFO - Sync 1 DAGs
[2026-09-23T15:36:30.789+0000] {logging_mixin.py:190} INFO - [2026-09-23T15:36:30.789+0000] {dag.py:4180} INFO - Setting next_dagrun for dss150p_sales_pipeline to 2026-09-23 02:00:00+00:00, run_after=2026-09-24 02:00:00+00:00
[2026-09-23T15:36:30.830+0000] {processor.py:208} INFO - Processing /opt/airflow/dags/dss150p_pipeline.py took 0.254 seconds
[2026-09-23T15:37:00.964+0000] {processor.py:186} INFO - Started process (PID=1466) to work on /opt/airflow/dags/dss150p_pipeline.py
[2026-09-23T15:37:00.967+0000] {processor.py:914} INFO - Processing file /opt/airflow/dags/dss150p_pipeline.py for tasks to queue
[2026-09-23T15:37:00.979+0000] {logging_mixin.py:190} INFO - [2026-09-23T15:37:00.978+0000] {dagbag.py:588} INFO - Filling up the DagBag from /opt/airflow/dags/dss150p_pipeline.py
[2026-09-23T15:37:01.032+0000] {processor.py:925} INFO - DAG(s) 'dss150p_sales_pipeline' retrieved from /opt/airflow/dags/dss150p_pipeline.py
[2026-09-23T15:37:01.131+0000] {logging_mixin.py:190} INFO - [2026-09-23T15:37:01.131+0000] {dag.py:3239} INFO - Sync 1 DAGs
[2026-09-23T15:37:01.184+0000] {logging_mixin.py:190} INFO - [2026-09-23T15:37:01.183+0000] {dag.py:4180} INFO - Setting next_dagrun for dss150p_sales_pipeline to 2026-09-23 02:00:00+00:00, run_after=2026-09-24 02:00:00+00:00
[2026-09-23T15:37:01.238+0000] {processor.py:208} INFO - Processing /opt/airflow/dags/dss150p_pipeline.py took 0.287 seconds
[2026-09-23T15:37:31.507+0000] {processor.py:186} INFO - Started process (PID=1471) to work on /opt/airflow/dags/dss150p_pipeline.py
[2026-09-23T15:37:31.510+0000] {processor.py:914} INFO - Processing file /opt/airflow/dags/dss150p_pipeline.py for tasks to queue
[2026-09-23T15:37:31.518+0000] {logging_mixin.py:190} INFO - [2026-09-23T15:37:31.517+0000] {dagbag.py:588} INFO - Filling up the DagBag from /opt/airflow/dags/dss150p_pipeline.py
[2026-09-23T15:37:31.571+0000] {processor.py:925} INFO - DAG(s) 'dss150p_sales_pipeline' retrieved from /opt/airflow/dags/dss150p_pipeline.py
[2026-09-23T15:37:31.663+0000] {logging_mixin.py:190} INFO - [2026-09-23T15:37:31.663+0000] {dag.py:3239} INFO - Sync 1 DAGs
[2026-09-23T15:37:31.704+0000] {logging_mixin.py:190} INFO - [2026-09-23T15:37:31.704+0000] {dag.py:4180} INFO - Setting next_dagrun for dss150p_sales_pipeline to 2026-09-23 02:00:00+00:00, run_after=2026-09-24 02:00:00+00:00
[2026-09-23T15:37:31.743+0000] {processor.py:208} INFO - Processing /opt/airflow/dags/dss150p_pipeline.py took 0.251 seconds
[2026-09-23T15:38:01.885+0000] {processor.py:186} INFO - Started process (PID=1482) to work on /opt/airflow/dags/dss150p_pipeline.py
[2026-09-23T15:38:01.887+0000] {processor.py:914} INFO - Processing file /opt/airflow/dags/dss150p_pipeline.py for tasks to queue
[2026-09-23T15:38:01.896+0000] {logging_mixin.py:190} INFO - [2026-09-23T15:38:01.895+0000] {dagbag.py:588} INFO - Filling up the DagBag from /opt/airflow/dags/dss150p_pipeline.py
[2026-09-23T15:38:01.954+0000] {processor.py:925} INFO - DAG(s) 'dss150p_sales_pipeline' retrieved from /opt/airflow/dags/dss150p_pipeline.py
[2026-09-23T15:38:02.059+0000] {logging_mixin.py:190} INFO - [2026-09-23T15:38:02.059+0000] {dag.py:3239} INFO - Sync 1 DAGs
[2026-09-23T15:38:02.109+0000] {logging_mixin.py:190} INFO - [2026-09-23T15:38:02.108+0000] {dag.py:4180} INFO - Setting next_dagrun for dss150p_sales_pipeline to 2026-09-23 02:00:00+00:00, run_after=2026-09-24 02:00:00+00:00
[2026-09-23T15:38:02.156+0000] {processor.py:208} INFO - Processing /opt/airflow/dags/dss150p_pipeline.py took 0.284 seconds
[2026-09-23T15:38:32.417+0000] {processor.py:186} INFO - Started process (PID=1487) to work on /opt/airflow/dags/dss150p_pipeline.py
[2026-09-23T15:38:32.419+0000] {processor.py:914} INFO - Processing file /opt/airflow/dags/dss150p_pipeline.py for tasks to queue
[2026-09-23T15:38:32.424+0000] {logging_mixin.py:190} INFO - [2026-09-23T15:38:32.424+0000] {dagbag.py:588} INFO - Filling up the DagBag from /opt/airflow/dags/dss150p_pipeline.py
[2026-09-23T15:38:32.473+0000] {processor.py:925} INFO - DAG(s) 'dss150p_sales_pipeline' retrieved from /opt/airflow/dags/dss150p_pipeline.py
[2026-09-23T15:38:32.564+0000] {logging_mixin.py:190} INFO - [2026-09-23T15:38:32.563+0000] {dag.py:3239} INFO - Sync 1 DAGs
[2026-09-23T15:38:32.602+0000] {logging_mixin.py:190} INFO - [2026-09-23T15:38:32.601+0000] {dag.py:4180} INFO - Setting next_dagrun for dss150p_sales_pipeline to 2026-09-23 02:00:00+00:00, run_after=2026-09-24 02:00:00+00:00
[2026-09-23T15:38:32.654+0000] {processor.py:208} INFO - Processing /opt/airflow/dags/dss150p_pipeline.py took 0.249 seconds
[2026-09-23T15:39:02.822+0000] {processor.py:186} INFO - Started process (PID=1492) to work on /opt/airflow/dags/dss150p_pipeline.py
[2026-09-23T15:39:02.823+0000] {processor.py:914} INFO - Processing file /opt/airflow/dags/dss150p_pipeline.py for tasks to queue
[2026-09-23T15:39:02.828+0000] {logging_mixin.py:190} INFO - [2026-09-23T15:39:02.827+0000] {dagbag.py:588} INFO - Filling up the DagBag from /opt/airflow/dags/dss150p_pipeline.py
[2026-09-23T15:39:02.867+0000] {processor.py:925} INFO - DAG(s) 'dss150p_sales_pipeline' retrieved from /opt/airflow/dags/dss150p_pipeline.py
[2026-09-23T15:39:02.961+0000] {logging_mixin.py:190} INFO - [2026-09-23T15:39:02.961+0000] {dag.py:3239} INFO - Sync 1 DAGs
[2026-09-23T15:39:03.011+0000] {logging_mixin.py:190} INFO - [2026-09-23T15:39:03.011+0000] {dag.py:4180} INFO - Setting next_dagrun for dss150p_sales_pipeline to 2026-09-23 02:00:00+00:00, run_after=2026-09-24 02:00:00+00:00
[2026-09-23T15:39:03.046+0000] {processor.py:208} INFO - Processing /opt/airflow/dags/dss150p_pipeline.py took 0.233 seconds
[2026-09-23T15:39:33.348+0000] {processor.py:186} INFO - Started process (PID=1501) to work on /opt/airflow/dags/dss150p_pipeline.py
[2026-09-23T15:39:33.350+0000] {processor.py:914} INFO - Processing file /opt/airflow/dags/dss150p_pipeline.py for tasks to queue
[2026-09-23T15:39:33.356+0000] {logging_mixin.py:190} INFO - [2026-09-23T15:39:33.355+0000] {dagbag.py:588} INFO - Filling up the DagBag from /opt/airflow/dags/dss150p_pipeline.py
[2026-09-23T15:39:33.413+0000] {processor.py:925} INFO - DAG(s) 'dss150p_sales_pipeline' retrieved from /opt/airflow/dags/dss150p_pipeline.py
[2026-09-23T15:39:33.514+0000] {logging_mixin.py:190} INFO - [2026-09-23T15:39:33.514+0000] {dag.py:3239} INFO - Sync 1 DAGs
[2026-09-23T15:39:33.571+0000] {logging_mixin.py:190} INFO - [2026-09-23T15:39:33.571+0000] {dag.py:4180} INFO - Setting next_dagrun for dss150p_sales_pipeline to 2026-09-23 02:00:00+00:00, run_after=2026-09-24 02:00:00+00:00
[2026-09-23T15:39:33.610+0000] {processor.py:208} INFO - Processing /opt/airflow/dags/dss150p_pipeline.py took 0.285 seconds
[2026-09-23T15:40:03.721+0000] {processor.py:186} INFO - Started process (PID=1506) to work on /opt/airflow/dags/dss150p_pipeline.py
[2026-09-23T15:40:03.724+0000] {processor.py:914} INFO - Processing file /opt/airflow/dags/dss150p_pipeline.py for tasks to queue
[2026-09-23T15:40:03.730+0000] {logging_mixin.py:190} INFO - [2026-09-23T15:40:03.729+0000] {dagbag.py:588} INFO - Filling up the DagBag from /opt/airflow/dags/dss150p_pipeline.py
[2026-09-23T15:40:03.807+0000] {processor.py:925} INFO - DAG(s) 'dss150p_sales_pipeline' retrieved from /opt/airflow/dags/dss150p_pipeline.py
[2026-09-23T15:40:03.932+0000] {logging_mixin.py:190} INFO - [2026-09-23T15:40:03.931+0000] {dag.py:3239} INFO - Sync 1 DAGs
[2026-09-23T15:40:04.005+0000] {logging_mixin.py:190} INFO - [2026-09-23T15:40:04.005+0000] {dag.py:4180} INFO - Setting next_dagrun for dss150p_sales_pipeline to 2026-09-23 02:00:00+00:00, run_after=2026-09-24 02:00:00+00:00
[2026-09-23T15:40:04.054+0000] {processor.py:208} INFO - Processing /opt/airflow/dags/dss150p_pipeline.py took 0.351 seconds
[2026-09-23T15:40:34.305+0000] {processor.py:186} INFO - Started process (PID=1515) to work on /opt/airflow/dags/dss150p_pipeline.py
[2026-09-23T15:40:34.308+0000] {processor.py:914} INFO - Processing file /opt/airflow/dags/dss150p_pipeline.py for tasks to queue
[2026-09-23T15:40:34.318+0000] {logging_mixin.py:190} INFO - [2026-09-23T15:40:34.315+0000] {dagbag.py:588} INFO - Filling up the DagBag from /opt/airflow/dags/dss150p_pipeline.py
[2026-09-23T15:40:34.400+0000] {processor.py:925} INFO - DAG(s) 'dss150p_sales_pipeline' retrieved from /opt/airflow/dags/dss150p_pipeline.py
[2026-09-23T15:40:34.529+0000] {logging_mixin.py:190} INFO - [2026-09-23T15:40:34.528+0000] {dag.py:3239} INFO - Sync 1 DAGs
[2026-09-23T15:40:34.585+0000] {logging_mixin.py:190} INFO - [2026-09-23T15:40:34.585+0000] {dag.py:4180} INFO - Setting next_dagrun for dss150p_sales_pipeline to 2026-09-23 02:00:00+00:00, run_after=2026-09-24 02:00:00+00:00
[2026-09-23T15:40:34.631+0000] {processor.py:208} INFO - Processing /opt/airflow/dags/dss150p_pipeline.py took 0.348 seconds
[2026-09-23T15:41:05.078+0000] {processor.py:186} INFO - Started process (PID=1520) to work on /opt/airflow/dags/dss150p_pipeline.py
[2026-09-23T15:41:05.082+0000] {processor.py:914} INFO - Processing file /opt/airflow/dags/dss150p_pipeline.py for tasks to queue
[2026-09-23T15:41:05.096+0000] {logging_mixin.py:190} INFO - [2026-09-23T15:41:05.095+0000] {dagbag.py:588} INFO - Filling up the DagBag from /opt/airflow/dags/dss150p_pipeline.py
[2026-09-23T15:41:05.167+0000] {processor.py:925} INFO - DAG(s) 'dss150p_sales_pipeline' retrieved from /opt/airflow/dags/dss150p_pipeline.py
[2026-09-23T15:41:05.263+0000] {logging_mixin.py:190} INFO - [2026-09-23T15:41:05.263+0000] {dag.py:3239} INFO - Sync 1 DAGs
[2026-09-23T15:41:05.313+0000] {logging_mixin.py:190} INFO - [2026-09-23T15:41:05.312+0000] {dag.py:4180} INFO - Setting next_dagrun for dss150p_sales_pipeline to 2026-09-23 02:00:00+00:00, run_after=2026-09-24 02:00:00+00:00
[2026-09-23T15:41:05.350+0000] {processor.py:208} INFO - Processing /opt/airflow/dags/dss150p_pipeline.py took 0.308 seconds
[2026-09-23T15:41:35.798+0000] {processor.py:186} INFO - Started process (PID=1529) to work on /opt/airflow/dags/dss150p_pipeline.py
[2026-09-23T15:41:35.801+0000] {processor.py:914} INFO - Processing file /opt/airflow/dags/dss150p_pipeline.py for tasks to queue
[2026-09-23T15:41:35.806+0000] {logging_mixin.py:190} INFO - [2026-09-23T15:41:35.805+0000] {dagbag.py:588} INFO - Filling up the DagBag from /opt/airflow/dags/dss150p_pipeline.py
[2026-09-23T15:41:35.857+0000] {processor.py:925} INFO - DAG(s) 'dss150p_sales_pipeline' retrieved from /opt/airflow/dags/dss150p_pipeline.py
[2026-09-23T15:41:35.961+0000] {logging_mixin.py:190} INFO - [2026-09-23T15:41:35.960+0000] {dag.py:3239} INFO - Sync 1 DAGs
[2026-09-23T15:41:36.010+0000] {logging_mixin.py:190} INFO - [2026-09-23T15:41:36.009+0000] {dag.py:4180} INFO - Setting next_dagrun for dss150p_sales_pipeline to 2026-09-23 02:00:00+00:00, run_after=2026-09-24 02:00:00+00:00
[2026-09-23T15:41:36.056+0000] {processor.py:208} INFO - Processing /opt/airflow/dags/dss150p_pipeline.py took 0.269 seconds
[2026-09-23T15:42:06.442+0000] {processor.py:186} INFO - Started process (PID=1534) to work on /opt/airflow/dags/dss150p_pipeline.py
[2026-09-23T15:42:06.445+0000] {processor.py:914} INFO - Processing file /opt/airflow/dags/dss150p_pipeline.py for tasks to queue
[2026-09-23T15:42:06.450+0000] {logging_mixin.py:190} INFO - [2026-09-23T15:42:06.450+0000] {dagbag.py:588} INFO - Filling up the DagBag from /opt/airflow/dags/dss150p_pipeline.py
[2026-09-23T15:42:06.492+0000] {processor.py:925} INFO - DAG(s) 'dss150p_sales_pipeline' retrieved from /opt/airflow/dags/dss150p_pipeline.py
[2026-09-23T15:42:06.595+0000] {logging_mixin.py:190} INFO - [2026-09-23T15:42:06.595+0000] {dag.py:3239} INFO - Sync 1 DAGs
[2026-09-23T15:42:06.643+0000] {logging_mixin.py:190} INFO - [2026-09-23T15:42:06.643+0000] {dag.py:4180} INFO - Setting next_dagrun for dss150p_sales_pipeline to 2026-09-23 02:00:00+00:00, run_after=2026-09-24 02:00:00+00:00
[2026-09-23T15:42:06.681+0000] {processor.py:208} INFO - Processing /opt/airflow/dags/dss150p_pipeline.py took 0.250 seconds
[2026-09-23T15:42:36.770+0000] {processor.py:186} INFO - Started process (PID=1539) to work on /opt/airflow/dags/dss150p_pipeline.py
[2026-09-23T15:42:36.773+0000] {processor.py:914} INFO - Processing file /opt/airflow/dags/dss150p_pipeline.py for tasks to queue
[2026-09-23T15:42:36.782+0000] {logging_mixin.py:190} INFO - [2026-09-23T15:42:36.781+0000] {dagbag.py:588} INFO - Filling up the DagBag from /opt/airflow/dags/dss150p_pipeline.py
[2026-09-23T15:42:36.838+0000] {processor.py:925} INFO - DAG(s) 'dss150p_sales_pipeline' retrieved from /opt/airflow/dags/dss150p_pipeline.py
[2026-09-23T15:42:36.933+0000] {logging_mixin.py:190} INFO - [2026-09-23T15:42:36.933+0000] {dag.py:3239} INFO - Sync 1 DAGs
[2026-09-23T15:42:36.982+0000] {logging_mixin.py:190} INFO - [2026-09-23T15:42:36.981+0000] {dag.py:4180} INFO - Setting next_dagrun for dss150p_sales_pipeline to 2026-09-23 02:00:00+00:00, run_after=2026-09-24 02:00:00+00:00
[2026-09-23T15:42:37.070+0000] {processor.py:208} INFO - Processing /opt/airflow/dags/dss150p_pipeline.py took 0.314 seconds
[2026-09-23T15:43:07.353+0000] {processor.py:186} INFO - Started process (PID=1550) to work on /opt/airflow/dags/dss150p_pipeline.py
[2026-09-23T15:43:07.357+0000] {processor.py:914} INFO - Processing file /opt/airflow/dags/dss150p_pipeline.py for tasks to queue
[2026-09-23T15:43:07.364+0000] {logging_mixin.py:190} INFO - [2026-09-23T15:43:07.363+0000] {dagbag.py:588} INFO - Filling up the DagBag from /opt/airflow/dags/dss150p_pipeline.py
[2026-09-23T15:43:07.419+0000] {processor.py:925} INFO - DAG(s) 'dss150p_sales_pipeline' retrieved from /opt/airflow/dags/dss150p_pipeline.py
[2026-09-23T15:43:07.516+0000] {logging_mixin.py:190} INFO - [2026-09-23T15:43:07.515+0000] {dag.py:3239} INFO - Sync 1 DAGs
[2026-09-23T15:43:07.565+0000] {logging_mixin.py:190} INFO - [2026-09-23T15:43:07.565+0000] {dag.py:4180} INFO - Setting next_dagrun for dss150p_sales_pipeline to 2026-09-23 02:00:00+00:00, run_after=2026-09-24 02:00:00+00:00
[2026-09-23T15:43:07.598+0000] {processor.py:208} INFO - Processing /opt/airflow/dags/dss150p_pipeline.py took 0.259 seconds
[2026-09-23T15:43:37.750+0000] {processor.py:186} INFO - Started process (PID=1555) to work on /opt/airflow/dags/dss150p_pipeline.py
[2026-09-23T15:43:37.762+0000] {processor.py:914} INFO - Processing file /opt/airflow/dags/dss150p_pipeline.py for tasks to queue
[2026-09-23T15:43:37.766+0000] {logging_mixin.py:190} INFO - [2026-09-23T15:43:37.766+0000] {dagbag.py:588} INFO - Filling up the DagBag from /opt/airflow/dags/dss150p_pipeline.py
[2026-09-23T15:43:37.820+0000] {processor.py:925} INFO - DAG(s) 'dss150p_sales_pipeline' retrieved from /opt/airflow/dags/dss150p_pipeline.py
[2026-09-23T15:43:37.934+0000] {logging_mixin.py:190} INFO - [2026-09-23T15:43:37.933+0000] {dag.py:3239} INFO - Sync 1 DAGs
[2026-09-23T15:43:37.981+0000] {logging_mixin.py:190} INFO - [2026-09-23T15:43:37.980+0000] {dag.py:4180} INFO - Setting next_dagrun for dss150p_sales_pipeline to 2026-09-23 02:00:00+00:00, run_after=2026-09-24 02:00:00+00:00
[2026-09-23T15:43:38.020+0000] {processor.py:208} INFO - Processing /opt/airflow/dags/dss150p_pipeline.py took 0.292 seconds
[2026-09-23T15:44:08.299+0000] {processor.py:186} INFO - Started process (PID=1560) to work on /opt/airflow/dags/dss150p_pipeline.py
[2026-09-23T15:44:08.314+0000] {processor.py:914} INFO - Processing file /opt/airflow/dags/dss150p_pipeline.py for tasks to queue
[2026-09-23T15:44:08.321+0000] {logging_mixin.py:190} INFO - [2026-09-23T15:44:08.319+0000] {dagbag.py:588} INFO - Filling up the DagBag from /opt/airflow/dags/dss150p_pipeline.py
[2026-09-23T15:44:08.382+0000] {processor.py:925} INFO - DAG(s) 'dss150p_sales_pipeline' retrieved from /opt/airflow/dags/dss150p_pipeline.py
[2026-09-23T15:44:08.473+0000] {logging_mixin.py:190} INFO - [2026-09-23T15:44:08.473+0000] {dag.py:3239} INFO - Sync 1 DAGs
[2026-09-23T15:44:08.512+0000] {logging_mixin.py:190} INFO - [2026-09-23T15:44:08.512+0000] {dag.py:4180} INFO - Setting next_dagrun for dss150p_sales_pipeline to 2026-09-23 02:00:00+00:00, run_after=2026-09-24 02:00:00+00:00
[2026-09-23T15:44:08.547+0000] {processor.py:208} INFO - Processing /opt/airflow/dags/dss150p_pipeline.py took 0.262 seconds
[2026-09-23T15:44:38.744+0000] {processor.py:186} INFO - Started process (PID=1565) to work on /opt/airflow/dags/dss150p_pipeline.py
[2026-09-23T15:44:38.754+0000] {processor.py:914} INFO - Processing file /opt/airflow/dags/dss150p_pipeline.py for tasks to queue
[2026-09-23T15:44:38.769+0000] {logging_mixin.py:190} INFO - [2026-09-23T15:44:38.768+0000] {dagbag.py:588} INFO - Filling up the DagBag from /opt/airflow/dags/dss150p_pipeline.py
[2026-09-23T15:44:38.822+0000] {processor.py:925} INFO - DAG(s) 'dss150p_sales_pipeline' retrieved from /opt/airflow/dags/dss150p_pipeline.py
[2026-09-23T15:44:38.925+0000] {logging_mixin.py:190} INFO - [2026-09-23T15:44:38.925+0000] {dag.py:3239} INFO - Sync 1 DAGs
[2026-09-23T15:44:38.983+0000] {logging_mixin.py:190} INFO - [2026-09-23T15:44:38.982+0000] {dag.py:4180} INFO - Setting next_dagrun for dss150p_sales_pipeline to 2026-09-23 02:00:00+00:00, run_after=2026-09-24 02:00:00+00:00
[2026-09-23T15:44:39.024+0000] {processor.py:208} INFO - Processing /opt/airflow/dags/dss150p_pipeline.py took 0.304 seconds
[2026-09-23T15:45:09.335+0000] {processor.py:186} INFO - Started process (PID=1570) to work on /opt/airflow/dags/dss150p_pipeline.py
[2026-09-23T15:45:09.339+0000] {processor.py:914} INFO - Processing file /opt/airflow/dags/dss150p_pipeline.py for tasks to queue
[2026-09-23T15:45:09.349+0000] {logging_mixin.py:190} INFO - [2026-09-23T15:45:09.348+0000] {dagbag.py:588} INFO - Filling up the DagBag from /opt/airflow/dags/dss150p_pipeline.py
[2026-09-23T15:45:09.402+0000] {processor.py:925} INFO - DAG(s) 'dss150p_sales_pipeline' retrieved from /opt/airflow/dags/dss150p_pipeline.py
[2026-09-23T15:45:09.504+0000] {logging_mixin.py:190} INFO - [2026-09-23T15:45:09.504+0000] {dag.py:3239} INFO - Sync 1 DAGs
[2026-09-23T15:45:09.550+0000] {logging_mixin.py:190} INFO - [2026-09-23T15:45:09.549+0000] {dag.py:4180} INFO - Setting next_dagrun for dss150p_sales_pipeline to 2026-09-23 02:00:00+00:00, run_after=2026-09-24 02:00:00+00:00
[2026-09-23T15:45:09.593+0000] {processor.py:208} INFO - Processing /opt/airflow/dags/dss150p_pipeline.py took 0.273 seconds
[2026-09-23T15:45:39.711+0000] {processor.py:186} INFO - Started process (PID=1581) to work on /opt/airflow/dags/dss150p_pipeline.py
[2026-09-23T15:45:39.715+0000] {processor.py:914} INFO - Processing file /opt/airflow/dags/dss150p_pipeline.py for tasks to queue
[2026-09-23T15:45:39.722+0000] {logging_mixin.py:190} INFO - [2026-09-23T15:45:39.721+0000] {dagbag.py:588} INFO - Filling up the DagBag from /opt/airflow/dags/dss150p_pipeline.py
[2026-09-23T15:45:39.778+0000] {processor.py:925} INFO - DAG(s) 'dss150p_sales_pipeline' retrieved from /opt/airflow/dags/dss150p_pipeline.py
[2026-09-23T15:45:39.897+0000] {logging_mixin.py:190} INFO - [2026-09-23T15:45:39.897+0000] {dag.py:3239} INFO - Sync 1 DAGs
[2026-09-23T15:45:39.959+0000] {logging_mixin.py:190} INFO - [2026-09-23T15:45:39.959+0000] {dag.py:4180} INFO - Setting next_dagrun for dss150p_sales_pipeline to 2026-09-23 02:00:00+00:00, run_after=2026-09-24 02:00:00+00:00
[2026-09-23T15:45:39.996+0000] {processor.py:208} INFO - Processing /opt/airflow/dags/dss150p_pipeline.py took 0.298 seconds
[2026-09-23T15:46:10.264+0000] {processor.py:186} INFO - Started process (PID=1586) to work on /opt/airflow/dags/dss150p_pipeline.py
[2026-09-23T15:46:10.267+0000] {processor.py:914} INFO - Processing file /opt/airflow/dags/dss150p_pipeline.py for tasks to queue
[2026-09-23T15:46:10.271+0000] {logging_mixin.py:190} INFO - [2026-09-23T15:46:10.271+0000] {dagbag.py:588} INFO - Filling up the DagBag from /opt/airflow/dags/dss150p_pipeline.py
[2026-09-23T15:46:10.322+0000] {processor.py:925} INFO - DAG(s) 'dss150p_sales_pipeline' retrieved from /opt/airflow/dags/dss150p_pipeline.py
[2026-09-23T15:46:10.408+0000] {logging_mixin.py:190} INFO - [2026-09-23T15:46:10.408+0000] {dag.py:3239} INFO - Sync 1 DAGs
[2026-09-23T15:46:10.447+0000] {logging_mixin.py:190} INFO - [2026-09-23T15:46:10.446+0000] {dag.py:4180} INFO - Setting next_dagrun for dss150p_sales_pipeline to 2026-09-23 02:00:00+00:00, run_after=2026-09-24 02:00:00+00:00
[2026-09-23T15:46:10.480+0000] {processor.py:208} INFO - Processing /opt/airflow/dags/dss150p_pipeline.py took 0.228 seconds
[2026-09-23T15:46:40.697+0000] {processor.py:186} INFO - Started process (PID=1591) to work on /opt/airflow/dags/dss150p_pipeline.py
[2026-09-23T15:46:40.700+0000] {processor.py:914} INFO - Processing file /opt/airflow/dags/dss150p_pipeline.py for tasks to queue
[2026-09-23T15:46:40.706+0000] {logging_mixin.py:190} INFO - [2026-09-23T15:46:40.705+0000] {dagbag.py:588} INFO - Filling up the DagBag from /opt/airflow/dags/dss150p_pipeline.py
[2026-09-23T15:46:40.766+0000] {processor.py:925} INFO - DAG(s) 'dss150p_sales_pipeline' retrieved from /opt/airflow/dags/dss150p_pipeline.py
[2026-09-23T15:46:40.884+0000] {logging_mixin.py:190} INFO - [2026-09-23T15:46:40.883+0000] {dag.py:3239} INFO - Sync 1 DAGs
[2026-09-23T15:46:40.969+0000] {logging_mixin.py:190} INFO - [2026-09-23T15:46:40.969+0000] {dag.py:4180} INFO - Setting next_dagrun for dss150p_sales_pipeline to 2026-09-23 02:00:00+00:00, run_after=2026-09-24 02:00:00+00:00
[2026-09-23T15:46:41.028+0000] {processor.py:208} INFO - Processing /opt/airflow/dags/dss150p_pipeline.py took 0.345 seconds
[2026-09-23T15:47:11.191+0000] {processor.py:186} INFO - Started process (PID=1603) to work on /opt/airflow/dags/dss150p_pipeline.py
[2026-09-23T15:47:11.195+0000] {processor.py:914} INFO - Processing file /opt/airflow/dags/dss150p_pipeline.py for tasks to queue
[2026-09-23T15:47:11.203+0000] {logging_mixin.py:190} INFO - [2026-09-23T15:47:11.202+0000] {dagbag.py:588} INFO - Filling up the DagBag from /opt/airflow/dags/dss150p_pipeline.py
[2026-09-23T15:47:11.256+0000] {processor.py:925} INFO - DAG(s) 'dss150p_sales_pipeline' retrieved from /opt/airflow/dags/dss150p_pipeline.py
[2026-09-23T15:47:11.363+0000] {logging_mixin.py:190} INFO - [2026-09-23T15:47:11.363+0000] {dag.py:3239} INFO - Sync 1 DAGs
[2026-09-23T15:47:11.406+0000] {logging_mixin.py:190} INFO - [2026-09-23T15:47:11.405+0000] {dag.py:4180} INFO - Setting next_dagrun for dss150p_sales_pipeline to 2026-09-23 02:00:00+00:00, run_after=2026-09-24 02:00:00+00:00
[2026-09-23T15:47:11.449+0000] {processor.py:208} INFO - Processing /opt/airflow/dags/dss150p_pipeline.py took 0.273 seconds
[2026-09-23T15:47:41.978+0000] {processor.py:186} INFO - Started process (PID=1608) to work on /opt/airflow/dags/dss150p_pipeline.py
[2026-09-23T15:47:41.981+0000] {processor.py:914} INFO - Processing file /opt/airflow/dags/dss150p_pipeline.py for tasks to queue
[2026-09-23T15:47:41.991+0000] {logging_mixin.py:190} INFO - [2026-09-23T15:47:41.989+0000] {dagbag.py:588} INFO - Filling up the DagBag from /opt/airflow/dags/dss150p_pipeline.py
[2026-09-23T15:47:42.082+0000] {processor.py:925} INFO - DAG(s) 'dss150p_sales_pipeline' retrieved from /opt/airflow/dags/dss150p_pipeline.py
[2026-09-23T15:47:42.257+0000] {logging_mixin.py:190} INFO - [2026-09-23T15:47:42.256+0000] {dag.py:3239} INFO - Sync 1 DAGs
[2026-09-23T15:47:42.358+0000] {logging_mixin.py:190} INFO - [2026-09-23T15:47:42.357+0000] {dag.py:4180} INFO - Setting next_dagrun for dss150p_sales_pipeline to 2026-09-23 02:00:00+00:00, run_after=2026-09-24 02:00:00+00:00
[2026-09-23T15:47:42.422+0000] {processor.py:208} INFO - Processing /opt/airflow/dags/dss150p_pipeline.py took 0.470 seconds
[2026-09-23T15:48:12.839+0000] {processor.py:186} INFO - Started process (PID=1613) to work on /opt/airflow/dags/dss150p_pipeline.py
[2026-09-23T15:48:12.841+0000] {processor.py:914} INFO - Processing file /opt/airflow/dags/dss150p_pipeline.py for tasks to queue
[2026-09-23T15:48:12.846+0000] {logging_mixin.py:190} INFO - [2026-09-23T15:48:12.845+0000] {dagbag.py:588} INFO - Filling up the DagBag from /opt/airflow/dags/dss150p_pipeline.py
[2026-09-23T15:48:12.905+0000] {processor.py:925} INFO - DAG(s) 'dss150p_sales_pipeline' retrieved from /opt/airflow/dags/dss150p_pipeline.py
[2026-09-23T15:48:13.001+0000] {logging_mixin.py:190} INFO - [2026-09-23T15:48:13.000+0000] {dag.py:3239} INFO - Sync 1 DAGs
[2026-09-23T15:48:13.042+0000] {logging_mixin.py:190} INFO - [2026-09-23T15:48:13.042+0000] {dag.py:4180} INFO - Setting next_dagrun for dss150p_sales_pipeline to 2026-09-23 02:00:00+00:00, run_after=2026-09-24 02:00:00+00:00
[2026-09-23T15:48:13.093+0000] {processor.py:208} INFO - Processing /opt/airflow/dags/dss150p_pipeline.py took 0.271 seconds
[2026-09-23T15:48:44.023+0000] {processor.py:186} INFO - Started process (PID=1618) to work on /opt/airflow/dags/dss150p_pipeline.py
[2026-09-23T15:48:44.029+0000] {processor.py:914} INFO - Processing file /opt/airflow/dags/dss150p_pipeline.py for tasks to queue
[2026-09-23T15:48:44.042+0000] {logging_mixin.py:190} INFO - [2026-09-23T15:48:44.041+0000] {dagbag.py:588} INFO - Filling up the DagBag from /opt/airflow/dags/dss150p_pipeline.py
[2026-09-23T15:48:44.325+0000] {processor.py:925} INFO - DAG(s) 'dss150p_sales_pipeline' retrieved from /opt/airflow/dags/dss150p_pipeline.py
[2026-09-23T15:48:44.609+0000] {logging_mixin.py:190} INFO - [2026-09-23T15:48:44.600+0000] {dag.py:3239} INFO - Sync 1 DAGs
[2026-09-23T15:48:44.719+0000] {logging_mixin.py:190} INFO - [2026-09-23T15:48:44.718+0000] {dag.py:4180} INFO - Setting next_dagrun for dss150p_sales_pipeline to 2026-09-23 02:00:00+00:00, run_after=2026-09-24 02:00:00+00:00
[2026-09-23T15:48:44.780+0000] {processor.py:208} INFO - Processing /opt/airflow/dags/dss150p_pipeline.py took 0.796 seconds
[2026-09-23T15:49:15.184+0000] {processor.py:186} INFO - Started process (PID=1623) to work on /opt/airflow/dags/dss150p_pipeline.py
[2026-09-23T15:49:15.186+0000] {processor.py:914} INFO - Processing file /opt/airflow/dags/dss150p_pipeline.py for tasks to queue
[2026-09-23T15:49:15.191+0000] {logging_mixin.py:190} INFO - [2026-09-23T15:49:15.191+0000] {dagbag.py:588} INFO - Filling up the DagBag from /opt/airflow/dags/dss150p_pipeline.py
[2026-09-23T15:49:15.235+0000] {processor.py:925} INFO - DAG(s) 'dss150p_sales_pipeline' retrieved from /opt/airflow/dags/dss150p_pipeline.py
[2026-09-23T15:49:15.360+0000] {logging_mixin.py:190} INFO - [2026-09-23T15:49:15.360+0000] {dag.py:3239} INFO - Sync 1 DAGs
[2026-09-23T15:49:15.419+0000] {logging_mixin.py:190} INFO - [2026-09-23T15:49:15.419+0000] {dag.py:4180} INFO - Setting next_dagrun for dss150p_sales_pipeline to 2026-09-23 02:00:00+00:00, run_after=2026-09-24 02:00:00+00:00
[2026-09-23T15:49:15.459+0000] {processor.py:208} INFO - Processing /opt/airflow/dags/dss150p_pipeline.py took 0.287 seconds
[2026-09-23T15:49:45.563+0000] {processor.py:186} INFO - Started process (PID=1634) to work on /opt/airflow/dags/dss150p_pipeline.py
[2026-09-23T15:49:45.566+0000] {processor.py:914} INFO - Processing file /opt/airflow/dags/dss150p_pipeline.py for tasks to queue
[2026-09-23T15:49:45.572+0000] {logging_mixin.py:190} INFO - [2026-09-23T15:49:45.571+0000] {dagbag.py:588} INFO - Filling up the DagBag from /opt/airflow/dags/dss150p_pipeline.py
[2026-09-23T15:49:45.620+0000] {processor.py:925} INFO - DAG(s) 'dss150p_sales_pipeline' retrieved from /opt/airflow/dags/dss150p_pipeline.py
[2026-09-23T15:49:45.749+0000] {logging_mixin.py:190} INFO - [2026-09-23T15:49:45.749+0000] {dag.py:3239} INFO - Sync 1 DAGs
[2026-09-23T15:49:45.821+0000] {logging_mixin.py:190} INFO - [2026-09-23T15:49:45.820+0000] {dag.py:4180} INFO - Setting next_dagrun for dss150p_sales_pipeline to 2026-09-23 02:00:00+00:00, run_after=2026-09-24 02:00:00+00:00
[2026-09-23T15:49:45.857+0000] {processor.py:208} INFO - Processing /opt/airflow/dags/dss150p_pipeline.py took 0.307 seconds
[2026-09-23T15:50:16.262+0000] {processor.py:186} INFO - Started process (PID=1639) to work on /opt/airflow/dags/dss150p_pipeline.py
[2026-09-23T15:50:16.265+0000] {processor.py:914} INFO - Processing file /opt/airflow/dags/dss150p_pipeline.py for tasks to queue
[2026-09-23T15:50:16.272+0000] {logging_mixin.py:190} INFO - [2026-09-23T15:50:16.271+0000] {dagbag.py:588} INFO - Filling up the DagBag from /opt/airflow/dags/dss150p_pipeline.py
[2026-09-23T15:50:16.353+0000] {processor.py:925} INFO - DAG(s) 'dss150p_sales_pipeline' retrieved from /opt/airflow/dags/dss150p_pipeline.py
[2026-09-23T15:50:16.541+0000] {logging_mixin.py:190} INFO - [2026-09-23T15:50:16.541+0000] {dag.py:3239} INFO - Sync 1 DAGs
[2026-09-23T15:50:16.679+0000] {logging_mixin.py:190} INFO - [2026-09-23T15:50:16.678+0000] {dag.py:4180} INFO - Setting next_dagrun for dss150p_sales_pipeline to 2026-09-23 02:00:00+00:00, run_after=2026-09-24 02:00:00+00:00
[2026-09-23T15:50:16.743+0000] {processor.py:208} INFO - Processing /opt/airflow/dags/dss150p_pipeline.py took 0.498 seconds
[2026-09-23T15:50:47.143+0000] {processor.py:186} INFO - Started process (PID=1644) to work on /opt/airflow/dags/dss150p_pipeline.py
[2026-09-23T15:50:47.145+0000] {processor.py:914} INFO - Processing file /opt/airflow/dags/dss150p_pipeline.py for tasks to queue
[2026-09-23T15:50:47.153+0000] {logging_mixin.py:190} INFO - [2026-09-23T15:50:47.153+0000] {dagbag.py:588} INFO - Filling up the DagBag from /opt/airflow/dags/dss150p_pipeline.py
[2026-09-23T15:50:47.206+0000] {processor.py:925} INFO - DAG(s) 'dss150p_sales_pipeline' retrieved from /opt/airflow/dags/dss150p_pipeline.py
[2026-09-23T15:50:47.300+0000] {logging_mixin.py:190} INFO - [2026-09-23T15:50:47.299+0000] {dag.py:3239} INFO - Sync 1 DAGs
[2026-09-23T15:50:47.348+0000] {logging_mixin.py:190} INFO - [2026-09-23T15:50:47.348+0000] {dag.py:4180} INFO - Setting next_dagrun for dss150p_sales_pipeline to 2026-09-23 02:00:00+00:00, run_after=2026-09-24 02:00:00+00:00
[2026-09-23T15:50:47.382+0000] {processor.py:208} INFO - Processing /opt/airflow/dags/dss150p_pipeline.py took 0.253 seconds
[2026-09-23T15:51:17.766+0000] {processor.py:186} INFO - Started process (PID=1649) to work on /opt/airflow/dags/dss150p_pipeline.py
[2026-09-23T15:51:17.769+0000] {processor.py:914} INFO - Processing file /opt/airflow/dags/dss150p_pipeline.py for tasks to queue
[2026-09-23T15:51:17.776+0000] {logging_mixin.py:190} INFO - [2026-09-23T15:51:17.775+0000] {dagbag.py:588} INFO - Filling up the DagBag from /opt/airflow/dags/dss150p_pipeline.py
[2026-09-23T15:51:17.850+0000] {processor.py:925} INFO - DAG(s) 'dss150p_sales_pipeline' retrieved from /opt/airflow/dags/dss150p_pipeline.py
[2026-09-23T15:51:17.982+0000] {logging_mixin.py:190} INFO - [2026-09-23T15:51:17.981+0000] {dag.py:3239} INFO - Sync 1 DAGs
[2026-09-23T15:51:18.031+0000] {logging_mixin.py:190} INFO - [2026-09-23T15:51:18.030+0000] {dag.py:4180} INFO - Setting next_dagrun for dss150p_sales_pipeline to 2026-09-23 02:00:00+00:00, run_after=2026-09-24 02:00:00+00:00
[2026-09-23T15:51:18.080+0000] {processor.py:208} INFO - Processing /opt/airflow/dags/dss150p_pipeline.py took 0.328 seconds
[2026-09-23T15:51:48.573+0000] {processor.py:186} INFO - Started process (PID=1654) to work on /opt/airflow/dags/dss150p_pipeline.py
[2026-09-23T15:51:48.576+0000] {processor.py:914} INFO - Processing file /opt/airflow/dags/dss150p_pipeline.py for tasks to queue
[2026-09-23T15:51:48.583+0000] {logging_mixin.py:190} INFO - [2026-09-23T15:51:48.582+0000] {dagbag.py:588} INFO - Filling up the DagBag from /opt/airflow/dags/dss150p_pipeline.py
[2026-09-23T15:51:48.644+0000] {processor.py:925} INFO - DAG(s) 'dss150p_sales_pipeline' retrieved from /opt/airflow/dags/dss150p_pipeline.py
[2026-09-23T15:51:48.734+0000] {logging_mixin.py:190} INFO - [2026-09-23T15:51:48.733+0000] {dag.py:3239} INFO - Sync 1 DAGs
[2026-09-23T15:51:48.779+0000] {logging_mixin.py:190} INFO - [2026-09-23T15:51:48.778+0000] {dag.py:4180} INFO - Setting next_dagrun for dss150p_sales_pipeline to 2026-09-23 02:00:00+00:00, run_after=2026-09-24 02:00:00+00:00
[2026-09-23T15:51:48.814+0000] {processor.py:208} INFO - Processing /opt/airflow/dags/dss150p_pipeline.py took 0.253 seconds
[2026-09-23T15:52:18.965+0000] {processor.py:186} INFO - Started process (PID=1659) to work on /opt/airflow/dags/dss150p_pipeline.py
[2026-09-23T15:52:18.968+0000] {processor.py:914} INFO - Processing file /opt/airflow/dags/dss150p_pipeline.py for tasks to queue
[2026-09-23T15:52:18.974+0000] {logging_mixin.py:190} INFO - [2026-09-23T15:52:18.973+0000] {dagbag.py:588} INFO - Filling up the DagBag from /opt/airflow/dags/dss150p_pipeline.py
[2026-09-23T15:52:19.028+0000] {processor.py:925} INFO - DAG(s) 'dss150p_sales_pipeline' retrieved from /opt/airflow/dags/dss150p_pipeline.py
[2026-09-23T15:52:19.147+0000] {logging_mixin.py:190} INFO - [2026-09-23T15:52:19.146+0000] {dag.py:3239} INFO - Sync 1 DAGs
[2026-09-23T15:52:19.189+0000] {logging_mixin.py:190} INFO - [2026-09-23T15:52:19.188+0000] {dag.py:4180} INFO - Setting next_dagrun for dss150p_sales_pipeline to 2026-09-23 02:00:00+00:00, run_after=2026-09-24 02:00:00+00:00
[2026-09-23T15:52:19.223+0000] {processor.py:208} INFO - Processing /opt/airflow/dags/dss150p_pipeline.py took 0.272 seconds
[2026-09-23T15:52:49.506+0000] {processor.py:186} INFO - Started process (PID=1670) to work on /opt/airflow/dags/dss150p_pipeline.py
[2026-09-23T15:52:49.509+0000] {processor.py:914} INFO - Processing file /opt/airflow/dags/dss150p_pipeline.py for tasks to queue
[2026-09-23T15:52:49.515+0000] {logging_mixin.py:190} INFO - [2026-09-23T15:52:49.514+0000] {dagbag.py:588} INFO - Filling up the DagBag from /opt/airflow/dags/dss150p_pipeline.py
[2026-09-23T15:52:49.565+0000] {processor.py:925} INFO - DAG(s) 'dss150p_sales_pipeline' retrieved from /opt/airflow/dags/dss150p_pipeline.py
[2026-09-23T15:52:49.661+0000] {logging_mixin.py:190} INFO - [2026-09-23T15:52:49.661+0000] {dag.py:3239} INFO - Sync 1 DAGs
[2026-09-23T15:52:49.713+0000] {logging_mixin.py:190} INFO - [2026-09-23T15:52:49.712+0000] {dag.py:4180} INFO - Setting next_dagrun for dss150p_sales_pipeline to 2026-09-23 02:00:00+00:00, run_after=2026-09-24 02:00:00+00:00
[2026-09-23T15:52:49.753+0000] {processor.py:208} INFO - Processing /opt/airflow/dags/dss150p_pipeline.py took 0.275 seconds
[2026-09-23T15:53:19.907+0000] {processor.py:186} INFO - Started process (PID=1675) to work on /opt/airflow/dags/dss150p_pipeline.py
[2026-09-23T15:53:19.909+0000] {processor.py:914} INFO - Processing file /opt/airflow/dags/dss150p_pipeline.py for tasks to queue
[2026-09-23T15:53:19.913+0000] {logging_mixin.py:190} INFO - [2026-09-23T15:53:19.913+0000] {dagbag.py:588} INFO - Filling up the DagBag from /opt/airflow/dags/dss150p_pipeline.py
[2026-09-23T15:53:19.964+0000] {processor.py:925} INFO - DAG(s) 'dss150p_sales_pipeline' retrieved from /opt/airflow/dags/dss150p_pipeline.py
[2026-09-23T15:53:20.046+0000] {logging_mixin.py:190} INFO - [2026-09-23T15:53:20.046+0000] {dag.py:3239} INFO - Sync 1 DAGs
[2026-09-23T15:53:20.083+0000] {logging_mixin.py:190} INFO - [2026-09-23T15:53:20.082+0000] {dag.py:4180} INFO - Setting next_dagrun for dss150p_sales_pipeline to 2026-09-23 02:00:00+00:00, run_after=2026-09-24 02:00:00+00:00
[2026-09-23T15:53:20.114+0000] {processor.py:208} INFO - Processing /opt/airflow/dags/dss150p_pipeline.py took 0.218 seconds
[2026-09-23T15:53:50.273+0000] {processor.py:186} INFO - Started process (PID=1680) to work on /opt/airflow/dags/dss150p_pipeline.py
[2026-09-23T15:53:50.276+0000] {processor.py:914} INFO - Processing file /opt/airflow/dags/dss150p_pipeline.py for tasks to queue
[2026-09-23T15:53:50.282+0000] {logging_mixin.py:190} INFO - [2026-09-23T15:53:50.282+0000] {dagbag.py:588} INFO - Filling up the DagBag from /opt/airflow/dags/dss150p_pipeline.py
[2026-09-23T15:53:50.330+0000] {processor.py:925} INFO - DAG(s) 'dss150p_sales_pipeline' retrieved from /opt/airflow/dags/dss150p_pipeline.py
[2026-09-23T15:53:50.430+0000] {logging_mixin.py:190} INFO - [2026-09-23T15:53:50.429+0000] {dag.py:3239} INFO - Sync 1 DAGs
[2026-09-23T15:53:50.475+0000] {logging_mixin.py:190} INFO - [2026-09-23T15:53:50.475+0000] {dag.py:4180} INFO - Setting next_dagrun for dss150p_sales_pipeline to 2026-09-23 02:00:00+00:00, run_after=2026-09-24 02:00:00+00:00
[2026-09-23T15:53:50.514+0000] {processor.py:208} INFO - Processing /opt/airflow/dags/dss150p_pipeline.py took 0.255 seconds
[2026-09-23T15:54:20.829+0000] {processor.py:186} INFO - Started process (PID=1685) to work on /opt/airflow/dags/dss150p_pipeline.py
[2026-09-23T15:54:20.832+0000] {processor.py:914} INFO - Processing file /opt/airflow/dags/dss150p_pipeline.py for tasks to queue
[2026-09-23T15:54:20.839+0000] {logging_mixin.py:190} INFO - [2026-09-23T15:54:20.839+0000] {dagbag.py:588} INFO - Filling up the DagBag from /opt/airflow/dags/dss150p_pipeline.py
[2026-09-23T15:54:20.882+0000] {processor.py:925} INFO - DAG(s) 'dss150p_sales_pipeline' retrieved from /opt/airflow/dags/dss150p_pipeline.py
[2026-09-23T15:54:20.978+0000] {logging_mixin.py:190} INFO - [2026-09-23T15:54:20.978+0000] {dag.py:3239} INFO - Sync 1 DAGs
[2026-09-23T15:54:21.029+0000] {logging_mixin.py:190} INFO - [2026-09-23T15:54:21.028+0000] {dag.py:4180} INFO - Setting next_dagrun for dss150p_sales_pipeline to 2026-09-23 02:00:00+00:00, run_after=2026-09-24 02:00:00+00:00
[2026-09-23T15:54:21.066+0000] {processor.py:208} INFO - Processing /opt/airflow/dags/dss150p_pipeline.py took 0.255 seconds
[2026-09-23T15:54:51.175+0000] {processor.py:186} INFO - Started process (PID=1690) to work on /opt/airflow/dags/dss150p_pipeline.py
[2026-09-23T15:54:51.179+0000] {processor.py:914} INFO - Processing file /opt/airflow/dags/dss150p_pipeline.py for tasks to queue
[2026-09-23T15:54:51.185+0000] {logging_mixin.py:190} INFO - [2026-09-23T15:54:51.185+0000] {dagbag.py:588} INFO - Filling up the DagBag from /opt/airflow/dags/dss150p_pipeline.py
[2026-09-23T15:54:51.231+0000] {processor.py:925} INFO - DAG(s) 'dss150p_sales_pipeline' retrieved from /opt/airflow/dags/dss150p_pipeline.py
[2026-09-23T15:54:51.324+0000] {logging_mixin.py:190} INFO - [2026-09-23T15:54:51.323+0000] {dag.py:3239} INFO - Sync 1 DAGs
[2026-09-23T15:54:51.365+0000] {logging_mixin.py:190} INFO - [2026-09-23T15:54:51.365+0000] {dag.py:4180} INFO - Setting next_dagrun for dss150p_sales_pipeline to 2026-09-23 02:00:00+00:00, run_after=2026-09-24 02:00:00+00:00
[2026-09-23T15:54:51.399+0000] {processor.py:208} INFO - Processing /opt/airflow/dags/dss150p_pipeline.py took 0.238 seconds
[2026-09-23T15:55:21.736+0000] {processor.py:186} INFO - Started process (PID=1695) to work on /opt/airflow/dags/dss150p_pipeline.py
[2026-09-23T15:55:21.739+0000] {processor.py:914} INFO - Processing file /opt/airflow/dags/dss150p_pipeline.py for tasks to queue
[2026-09-23T15:55:21.746+0000] {logging_mixin.py:190} INFO - [2026-09-23T15:55:21.745+0000] {dagbag.py:588} INFO - Filling up the DagBag from /opt/airflow/dags/dss150p_pipeline.py
[2026-09-23T15:55:21.809+0000] {processor.py:925} INFO - DAG(s) 'dss150p_sales_pipeline' retrieved from /opt/airflow/dags/dss150p_pipeline.py
[2026-09-23T15:55:21.931+0000] {logging_mixin.py:190} INFO - [2026-09-23T15:55:21.931+0000] {dag.py:3239} INFO - Sync 1 DAGs
[2026-09-23T15:55:21.981+0000] {logging_mixin.py:190} INFO - [2026-09-23T15:55:21.980+0000] {dag.py:4180} INFO - Setting next_dagrun for dss150p_sales_pipeline to 2026-09-23 02:00:00+00:00, run_after=2026-09-24 02:00:00+00:00
[2026-09-23T15:55:22.028+0000] {processor.py:208} INFO - Processing /opt/airflow/dags/dss150p_pipeline.py took 0.305 seconds
[2026-09-23T15:55:52.398+0000] {processor.py:186} INFO - Started process (PID=1700) to work on /opt/airflow/dags/dss150p_pipeline.py
[2026-09-23T15:55:52.401+0000] {processor.py:914} INFO - Processing file /opt/airflow/dags/dss150p_pipeline.py for tasks to queue
[2026-09-23T15:55:52.407+0000] {logging_mixin.py:190} INFO - [2026-09-23T15:55:52.406+0000] {dagbag.py:588} INFO - Filling up the DagBag from /opt/airflow/dags/dss150p_pipeline.py
[2026-09-23T15:55:52.446+0000] {processor.py:925} INFO - DAG(s) 'dss150p_sales_pipeline' retrieved from /opt/airflow/dags/dss150p_pipeline.py
[2026-09-23T15:55:52.531+0000] {logging_mixin.py:190} INFO - [2026-09-23T15:55:52.530+0000] {dag.py:3239} INFO - Sync 1 DAGs
[2026-09-23T15:55:52.626+0000] {logging_mixin.py:190} INFO - [2026-09-23T15:55:52.625+0000] {dag.py:4180} INFO - Setting next_dagrun for dss150p_sales_pipeline to 2026-09-23 02:00:00+00:00, run_after=2026-09-24 02:00:00+00:00
[2026-09-23T15:55:52.685+0000] {processor.py:208} INFO - Processing /opt/airflow/dags/dss150p_pipeline.py took 0.298 seconds
[2026-09-23T15:56:23.083+0000] {processor.py:186} INFO - Started process (PID=1705) to work on /opt/airflow/dags/dss150p_pipeline.py
[2026-09-23T15:56:23.086+0000] {processor.py:914} INFO - Processing file /opt/airflow/dags/dss150p_pipeline.py for tasks to queue
[2026-09-23T15:56:23.094+0000] {logging_mixin.py:190} INFO - [2026-09-23T15:56:23.093+0000] {dagbag.py:588} INFO - Filling up the DagBag from /opt/airflow/dags/dss150p_pipeline.py
[2026-09-23T15:56:23.158+0000] {processor.py:925} INFO - DAG(s) 'dss150p_sales_pipeline' retrieved from /opt/airflow/dags/dss150p_pipeline.py
[2026-09-23T15:56:23.320+0000] {logging_mixin.py:190} INFO - [2026-09-23T15:56:23.320+0000] {dag.py:3239} INFO - Sync 1 DAGs
[2026-09-23T15:56:23.516+0000] {logging_mixin.py:190} INFO - [2026-09-23T15:56:23.515+0000] {dag.py:4180} INFO - Setting next_dagrun for dss150p_sales_pipeline to 2026-09-23 02:00:00+00:00, run_after=2026-09-24 02:00:00+00:00
[2026-09-23T15:56:23.578+0000] {processor.py:208} INFO - Processing /opt/airflow/dags/dss150p_pipeline.py took 0.511 seconds
[2026-09-23T15:56:54.016+0000] {processor.py:186} INFO - Started process (PID=1710) to work on /opt/airflow/dags/dss150p_pipeline.py
[2026-09-23T15:56:54.019+0000] {processor.py:914} INFO - Processing file /opt/airflow/dags/dss150p_pipeline.py for tasks to queue
[2026-09-23T15:56:54.024+0000] {logging_mixin.py:190} INFO - [2026-09-23T15:56:54.023+0000] {dagbag.py:588} INFO - Filling up the DagBag from /opt/airflow/dags/dss150p_pipeline.py
[2026-09-23T15:56:54.073+0000] {processor.py:925} INFO - DAG(s) 'dss150p_sales_pipeline' retrieved from /opt/airflow/dags/dss150p_pipeline.py
[2026-09-23T15:56:54.174+0000] {logging_mixin.py:190} INFO - [2026-09-23T15:56:54.174+0000] {dag.py:3239} INFO - Sync 1 DAGs
[2026-09-23T15:56:54.274+0000] {logging_mixin.py:190} INFO - [2026-09-23T15:56:54.273+0000] {dag.py:4180} INFO - Setting next_dagrun for dss150p_sales_pipeline to 2026-09-23 02:00:00+00:00, run_after=2026-09-24 02:00:00+00:00
[2026-09-23T15:56:54.333+0000] {processor.py:208} INFO - Processing /opt/airflow/dags/dss150p_pipeline.py took 0.332 seconds
[2026-09-23T15:57:24.735+0000] {processor.py:186} INFO - Started process (PID=1715) to work on /opt/airflow/dags/dss150p_pipeline.py
[2026-09-23T15:57:24.739+0000] {processor.py:914} INFO - Processing file /opt/airflow/dags/dss150p_pipeline.py for tasks to queue
[2026-09-23T15:57:24.746+0000] {logging_mixin.py:190} INFO - [2026-09-23T15:57:24.745+0000] {dagbag.py:588} INFO - Filling up the DagBag from /opt/airflow/dags/dss150p_pipeline.py
[2026-09-23T15:57:24.799+0000] {processor.py:925} INFO - DAG(s) 'dss150p_sales_pipeline' retrieved from /opt/airflow/dags/dss150p_pipeline.py
[2026-09-23T15:57:24.934+0000] {logging_mixin.py:190} INFO - [2026-09-23T15:57:24.934+0000] {dag.py:3239} INFO - Sync 1 DAGs
[2026-09-23T15:57:25.145+0000] {logging_mixin.py:190} INFO - [2026-09-23T15:57:25.144+0000] {dag.py:4180} INFO - Setting next_dagrun for dss150p_sales_pipeline to 2026-09-23 02:00:00+00:00, run_after=2026-09-24 02:00:00+00:00
[2026-09-23T15:57:25.204+0000] {processor.py:208} INFO - Processing /opt/airflow/dags/dss150p_pipeline.py took 0.486 seconds
[2026-09-23T15:57:55.661+0000] {processor.py:186} INFO - Started process (PID=1720) to work on /opt/airflow/dags/dss150p_pipeline.py
[2026-09-23T15:57:55.665+0000] {processor.py:914} INFO - Processing file /opt/airflow/dags/dss150p_pipeline.py for tasks to queue
[2026-09-23T15:57:55.681+0000] {logging_mixin.py:190} INFO - [2026-09-23T15:57:55.680+0000] {dagbag.py:588} INFO - Filling up the DagBag from /opt/airflow/dags/dss150p_pipeline.py
[2026-09-23T15:57:55.757+0000] {processor.py:925} INFO - DAG(s) 'dss150p_sales_pipeline' retrieved from /opt/airflow/dags/dss150p_pipeline.py
[2026-09-23T15:57:55.872+0000] {logging_mixin.py:190} INFO - [2026-09-23T15:57:55.872+0000] {dag.py:3239} INFO - Sync 1 DAGs
[2026-09-23T15:57:55.916+0000] {logging_mixin.py:190} INFO - [2026-09-23T15:57:55.915+0000] {dag.py:4180} INFO - Setting next_dagrun for dss150p_sales_pipeline to 2026-09-23 02:00:00+00:00, run_after=2026-09-24 02:00:00+00:00
[2026-09-23T15:57:55.953+0000] {processor.py:208} INFO - Processing /opt/airflow/dags/dss150p_pipeline.py took 0.329 seconds
[2026-09-23T15:58:26.334+0000] {processor.py:186} INFO - Started process (PID=1725) to work on /opt/airflow/dags/dss150p_pipeline.py
[2026-09-23T15:58:26.337+0000] {processor.py:914} INFO - Processing file /opt/airflow/dags/dss150p_pipeline.py for tasks to queue
[2026-09-23T15:58:26.343+0000] {logging_mixin.py:190} INFO - [2026-09-23T15:58:26.343+0000] {dagbag.py:588} INFO - Filling up the DagBag from /opt/airflow/dags/dss150p_pipeline.py
[2026-09-23T15:58:26.386+0000] {processor.py:925} INFO - DAG(s) 'dss150p_sales_pipeline' retrieved from /opt/airflow/dags/dss150p_pipeline.py
[2026-09-23T15:58:26.476+0000] {logging_mixin.py:190} INFO - [2026-09-23T15:58:26.476+0000] {dag.py:3239} INFO - Sync 1 DAGs
[2026-09-23T15:58:26.517+0000] {logging_mixin.py:190} INFO - [2026-09-23T15:58:26.516+0000] {dag.py:4180} INFO - Setting next_dagrun for dss150p_sales_pipeline to 2026-09-23 02:00:00+00:00, run_after=2026-09-24 02:00:00+00:00
[2026-09-23T15:58:26.548+0000] {processor.py:208} INFO - Processing /opt/airflow/dags/dss150p_pipeline.py took 0.226 seconds
[2026-09-23T15:58:56.651+0000] {processor.py:186} INFO - Started process (PID=1730) to work on /opt/airflow/dags/dss150p_pipeline.py
[2026-09-23T15:58:56.655+0000] {processor.py:914} INFO - Processing file /opt/airflow/dags/dss150p_pipeline.py for tasks to queue
[2026-09-23T15:58:56.660+0000] {logging_mixin.py:190} INFO - [2026-09-23T15:58:56.659+0000] {dagbag.py:588} INFO - Filling up the DagBag from /opt/airflow/dags/dss150p_pipeline.py
[2026-09-23T15:58:56.707+0000] {processor.py:925} INFO - DAG(s) 'dss150p_sales_pipeline' retrieved from /opt/airflow/dags/dss150p_pipeline.py
[2026-09-23T15:58:56.892+0000] {logging_mixin.py:190} INFO - [2026-09-23T15:58:56.891+0000] {dag.py:3239} INFO - Sync 1 DAGs
[2026-09-23T15:58:56.959+0000] {logging_mixin.py:190} INFO - [2026-09-23T15:58:56.958+0000] {dag.py:4180} INFO - Setting next_dagrun for dss150p_sales_pipeline to 2026-09-23 02:00:00+00:00, run_after=2026-09-24 02:00:00+00:00
[2026-09-23T15:58:57.001+0000] {processor.py:208} INFO - Processing /opt/airflow/dags/dss150p_pipeline.py took 0.362 seconds
[2026-09-23T15:59:27.331+0000] {processor.py:186} INFO - Started process (PID=1735) to work on /opt/airflow/dags/dss150p_pipeline.py
[2026-09-23T15:59:27.335+0000] {processor.py:914} INFO - Processing file /opt/airflow/dags/dss150p_pipeline.py for tasks to queue
[2026-09-23T15:59:27.341+0000] {logging_mixin.py:190} INFO - [2026-09-23T15:59:27.341+0000] {dagbag.py:588} INFO - Filling up the DagBag from /opt/airflow/dags/dss150p_pipeline.py
[2026-09-23T15:59:27.409+0000] {processor.py:925} INFO - DAG(s) 'dss150p_sales_pipeline' retrieved from /opt/airflow/dags/dss150p_pipeline.py
[2026-09-23T15:59:27.550+0000] {logging_mixin.py:190} INFO - [2026-09-23T15:59:27.550+0000] {dag.py:3239} INFO - Sync 1 DAGs
[2026-09-23T15:59:27.669+0000] {logging_mixin.py:190} INFO - [2026-09-23T15:59:27.668+0000] {dag.py:4180} INFO - Setting next_dagrun for dss150p_sales_pipeline to 2026-09-23 02:00:00+00:00, run_after=2026-09-24 02:00:00+00:00
[2026-09-23T15:59:27.735+0000] {processor.py:208} INFO - Processing /opt/airflow/dags/dss150p_pipeline.py took 0.428 seconds
[2026-09-23T15:59:58.139+0000] {processor.py:186} INFO - Started process (PID=1740) to work on /opt/airflow/dags/dss150p_pipeline.py
[2026-09-23T15:59:58.142+0000] {processor.py:914} INFO - Processing file /opt/airflow/dags/dss150p_pipeline.py for tasks to queue
[2026-09-23T15:59:58.147+0000] {logging_mixin.py:190} INFO - [2026-09-23T15:59:58.147+0000] {dagbag.py:588} INFO - Filling up the DagBag from /opt/airflow/dags/dss150p_pipeline.py
[2026-09-23T15:59:58.208+0000] {processor.py:925} INFO - DAG(s) 'dss150p_sales_pipeline' retrieved from /opt/airflow/dags/dss150p_pipeline.py
[2026-09-23T15:59:58.301+0000] {logging_mixin.py:190} INFO - [2026-09-23T15:59:58.301+0000] {dag.py:3239} INFO - Sync 1 DAGs
[2026-09-23T15:59:58.346+0000] {logging_mixin.py:190} INFO - [2026-09-23T15:59:58.345+0000] {dag.py:4180} INFO - Setting next_dagrun for dss150p_sales_pipeline to 2026-09-23 02:00:00+00:00, run_after=2026-09-24 02:00:00+00:00
[2026-09-23T15:59:58.415+0000] {processor.py:208} INFO - Processing /opt/airflow/dags/dss150p_pipeline.py took 0.288 seconds
[2026-09-23T16:00:28.855+0000] {processor.py:186} INFO - Started process (PID=1745) to work on /opt/airflow/dags/dss150p_pipeline.py
[2026-09-23T16:00:28.858+0000] {processor.py:914} INFO - Processing file /opt/airflow/dags/dss150p_pipeline.py for tasks to queue
[2026-09-23T16:00:28.864+0000] {logging_mixin.py:190} INFO - [2026-09-23T16:00:28.863+0000] {dagbag.py:588} INFO - Filling up the DagBag from /opt/airflow/dags/dss150p_pipeline.py
[2026-09-23T16:00:28.917+0000] {processor.py:925} INFO - DAG(s) 'dss150p_sales_pipeline' retrieved from /opt/airflow/dags/dss150p_pipeline.py
[2026-09-23T16:00:29.022+0000] {logging_mixin.py:190} INFO - [2026-09-23T16:00:29.022+0000] {dag.py:3239} INFO - Sync 1 DAGs
[2026-09-23T16:00:29.121+0000] {logging_mixin.py:190} INFO - [2026-09-23T16:00:29.121+0000] {dag.py:4180} INFO - Setting next_dagrun for dss150p_sales_pipeline to 2026-09-23 02:00:00+00:00, run_after=2026-09-24 02:00:00+00:00
[2026-09-23T16:00:29.170+0000] {processor.py:208} INFO - Processing /opt/airflow/dags/dss150p_pipeline.py took 0.330 seconds
[2026-09-23T16:00:59.635+0000] {processor.py:186} INFO - Started process (PID=1750) to work on /opt/airflow/dags/dss150p_pipeline.py
[2026-09-23T16:00:59.639+0000] {processor.py:914} INFO - Processing file /opt/airflow/dags/dss150p_pipeline.py for tasks to queue
[2026-09-23T16:00:59.652+0000] {logging_mixin.py:190} INFO - [2026-09-23T16:00:59.651+0000] {dagbag.py:588} INFO - Filling up the DagBag from /opt/airflow/dags/dss150p_pipeline.py
[2026-09-23T16:00:59.724+0000] {processor.py:925} INFO - DAG(s) 'dss150p_sales_pipeline' retrieved from /opt/airflow/dags/dss150p_pipeline.py
[2026-09-23T16:00:59.865+0000] {logging_mixin.py:190} INFO - [2026-09-23T16:00:59.865+0000] {dag.py:3239} INFO - Sync 1 DAGs
[2026-09-23T16:00:59.970+0000] {logging_mixin.py:190} INFO - [2026-09-23T16:00:59.969+0000] {dag.py:4180} INFO - Setting next_dagrun for dss150p_sales_pipeline to 2026-09-23 02:00:00+00:00, run_after=2026-09-24 02:00:00+00:00
[2026-09-23T16:01:00.071+0000] {processor.py:208} INFO - Processing /opt/airflow/dags/dss150p_pipeline.py took 0.465 seconds
[2026-09-23T16:01:30.580+0000] {processor.py:186} INFO - Started process (PID=1755) to work on /opt/airflow/dags/dss150p_pipeline.py
[2026-09-23T16:01:30.583+0000] {processor.py:914} INFO - Processing file /opt/airflow/dags/dss150p_pipeline.py for tasks to queue
[2026-09-23T16:01:30.593+0000] {logging_mixin.py:190} INFO - [2026-09-23T16:01:30.592+0000] {dagbag.py:588} INFO - Filling up the DagBag from /opt/airflow/dags/dss150p_pipeline.py
[2026-09-23T16:01:30.664+0000] {processor.py:925} INFO - DAG(s) 'dss150p_sales_pipeline' retrieved from /opt/airflow/dags/dss150p_pipeline.py
[2026-09-23T16:01:30.778+0000] {logging_mixin.py:190} INFO - [2026-09-23T16:01:30.778+0000] {dag.py:3239} INFO - Sync 1 DAGs
[2026-09-23T16:01:30.831+0000] {logging_mixin.py:190} INFO - [2026-09-23T16:01:30.831+0000] {dag.py:4180} INFO - Setting next_dagrun for dss150p_sales_pipeline to 2026-09-23 02:00:00+00:00, run_after=2026-09-24 02:00:00+00:00
[2026-09-23T16:01:30.867+0000] {processor.py:208} INFO - Processing /opt/airflow/dags/dss150p_pipeline.py took 0.301 seconds
[2026-09-23T16:02:01.068+0000] {processor.py:186} INFO - Started process (PID=1760) to work on /opt/airflow/dags/dss150p_pipeline.py
[2026-09-23T16:02:01.072+0000] {processor.py:914} INFO - Processing file /opt/airflow/dags/dss150p_pipeline.py for tasks to queue
[2026-09-23T16:02:01.079+0000] {logging_mixin.py:190} INFO - [2026-09-23T16:02:01.078+0000] {dagbag.py:588} INFO - Filling up the DagBag from /opt/airflow/dags/dss150p_pipeline.py
[2026-09-23T16:02:01.128+0000] {processor.py:925} INFO - DAG(s) 'dss150p_sales_pipeline' retrieved from /opt/airflow/dags/dss150p_pipeline.py
[2026-09-23T16:02:01.288+0000] {logging_mixin.py:190} INFO - [2026-09-23T16:02:01.287+0000] {dag.py:3239} INFO - Sync 1 DAGs
[2026-09-23T16:02:01.336+0000] {logging_mixin.py:190} INFO - [2026-09-23T16:02:01.335+0000] {dag.py:4180} INFO - Setting next_dagrun for dss150p_sales_pipeline to 2026-09-23 02:00:00+00:00, run_after=2026-09-24 02:00:00+00:00
[2026-09-23T16:02:01.388+0000] {processor.py:208} INFO - Processing /opt/airflow/dags/dss150p_pipeline.py took 0.361 seconds
[2026-09-23T16:02:31.654+0000] {processor.py:186} INFO - Started process (PID=1765) to work on /opt/airflow/dags/dss150p_pipeline.py
[2026-09-23T16:02:31.659+0000] {processor.py:914} INFO - Processing file /opt/airflow/dags/dss150p_pipeline.py for tasks to queue
[2026-09-23T16:02:31.670+0000] {logging_mixin.py:190} INFO - [2026-09-23T16:02:31.669+0000] {dagbag.py:588} INFO - Filling up the DagBag from /opt/airflow/dags/dss150p_pipeline.py
[2026-09-23T16:02:31.725+0000] {processor.py:925} INFO - DAG(s) 'dss150p_sales_pipeline' retrieved from /opt/airflow/dags/dss150p_pipeline.py
[2026-09-23T16:02:31.826+0000] {logging_mixin.py:190} INFO - [2026-09-23T16:02:31.826+0000] {dag.py:3239} INFO - Sync 1 DAGs
[2026-09-23T16:02:31.946+0000] {logging_mixin.py:190} INFO - [2026-09-23T16:02:31.945+0000] {dag.py:4180} INFO - Setting next_dagrun for dss150p_sales_pipeline to 2026-09-23 02:00:00+00:00, run_after=2026-09-24 02:00:00+00:00
[2026-09-23T16:02:32.015+0000] {processor.py:208} INFO - Processing /opt/airflow/dags/dss150p_pipeline.py took 0.388 seconds
[2026-09-23T16:03:02.140+0000] {processor.py:186} INFO - Started process (PID=1770) to work on /opt/airflow/dags/dss150p_pipeline.py
[2026-09-23T16:03:02.143+0000] {processor.py:914} INFO - Processing file /opt/airflow/dags/dss150p_pipeline.py for tasks to queue
[2026-09-23T16:03:02.149+0000] {logging_mixin.py:190} INFO - [2026-09-23T16:03:02.148+0000] {dagbag.py:588} INFO - Filling up the DagBag from /opt/airflow/dags/dss150p_pipeline.py
[2026-09-23T16:03:02.193+0000] {processor.py:925} INFO - DAG(s) 'dss150p_sales_pipeline' retrieved from /opt/airflow/dags/dss150p_pipeline.py
[2026-09-23T16:03:02.277+0000] {logging_mixin.py:190} INFO - [2026-09-23T16:03:02.276+0000] {dag.py:3239} INFO - Sync 1 DAGs
[2026-09-23T16:03:02.318+0000] {logging_mixin.py:190} INFO - [2026-09-23T16:03:02.318+0000] {dag.py:4180} INFO - Setting next_dagrun for dss150p_sales_pipeline to 2026-09-23 02:00:00+00:00, run_after=2026-09-24 02:00:00+00:00
[2026-09-23T16:03:02.354+0000] {processor.py:208} INFO - Processing /opt/airflow/dags/dss150p_pipeline.py took 0.225 seconds
[2026-09-23T16:03:32.725+0000] {processor.py:186} INFO - Started process (PID=1775) to work on /opt/airflow/dags/dss150p_pipeline.py
[2026-09-23T16:03:32.727+0000] {processor.py:914} INFO - Processing file /opt/airflow/dags/dss150p_pipeline.py for tasks to queue
[2026-09-23T16:03:32.733+0000] {logging_mixin.py:190} INFO - [2026-09-23T16:03:32.733+0000] {dagbag.py:588} INFO - Filling up the DagBag from /opt/airflow/dags/dss150p_pipeline.py
[2026-09-23T16:03:32.870+0000] {processor.py:925} INFO - DAG(s) 'dss150p_sales_pipeline' retrieved from /opt/airflow/dags/dss150p_pipeline.py
[2026-09-23T16:03:32.972+0000] {logging_mixin.py:190} INFO - [2026-09-23T16:03:32.971+0000] {dag.py:3239} INFO - Sync 1 DAGs
[2026-09-23T16:03:33.012+0000] {logging_mixin.py:190} INFO - [2026-09-23T16:03:33.011+0000] {dag.py:4180} INFO - Setting next_dagrun for dss150p_sales_pipeline to 2026-09-23 02:00:00+00:00, run_after=2026-09-24 02:00:00+00:00
[2026-09-23T16:03:33.041+0000] {processor.py:208} INFO - Processing /opt/airflow/dags/dss150p_pipeline.py took 0.332 seconds
[2026-09-23T16:04:03.439+0000] {processor.py:186} INFO - Started process (PID=1780) to work on /opt/airflow/dags/dss150p_pipeline.py
[2026-09-23T16:04:03.444+0000] {processor.py:914} INFO - Processing file /opt/airflow/dags/dss150p_pipeline.py for tasks to queue
[2026-09-23T16:04:03.451+0000] {logging_mixin.py:190} INFO - [2026-09-23T16:04:03.451+0000] {dagbag.py:588} INFO - Filling up the DagBag from /opt/airflow/dags/dss150p_pipeline.py
[2026-09-23T16:04:03.521+0000] {processor.py:925} INFO - DAG(s) 'dss150p_sales_pipeline' retrieved from /opt/airflow/dags/dss150p_pipeline.py
[2026-09-23T16:04:03.618+0000] {logging_mixin.py:190} INFO - [2026-09-23T16:04:03.618+0000] {dag.py:3239} INFO - Sync 1 DAGs
[2026-09-23T16:04:03.669+0000] {logging_mixin.py:190} INFO - [2026-09-23T16:04:03.668+0000] {dag.py:4180} INFO - Setting next_dagrun for dss150p_sales_pipeline to 2026-09-23 02:00:00+00:00, run_after=2026-09-24 02:00:00+00:00
[2026-09-23T16:04:03.707+0000] {processor.py:208} INFO - Processing /opt/airflow/dags/dss150p_pipeline.py took 0.287 seconds
[2026-09-23T16:04:34.227+0000] {processor.py:186} INFO - Started process (PID=1785) to work on /opt/airflow/dags/dss150p_pipeline.py
[2026-09-23T16:04:34.235+0000] {processor.py:914} INFO - Processing file /opt/airflow/dags/dss150p_pipeline.py for tasks to queue
[2026-09-23T16:04:34.258+0000] {logging_mixin.py:190} INFO - [2026-09-23T16:04:34.256+0000] {dagbag.py:588} INFO - Filling up the DagBag from /opt/airflow/dags/dss150p_pipeline.py
[2026-09-23T16:04:34.394+0000] {processor.py:925} INFO - DAG(s) 'dss150p_sales_pipeline' retrieved from /opt/airflow/dags/dss150p_pipeline.py
[2026-09-23T16:04:34.644+0000] {logging_mixin.py:190} INFO - [2026-09-23T16:04:34.644+0000] {dag.py:3239} INFO - Sync 1 DAGs
[2026-09-23T16:04:34.779+0000] {logging_mixin.py:190} INFO - [2026-09-23T16:04:34.778+0000] {dag.py:4180} INFO - Setting next_dagrun for dss150p_sales_pipeline to 2026-09-23 02:00:00+00:00, run_after=2026-09-24 02:00:00+00:00
[2026-09-23T16:04:34.848+0000] {processor.py:208} INFO - Processing /opt/airflow/dags/dss150p_pipeline.py took 0.660 seconds
[2026-09-23T16:05:05.065+0000] {processor.py:186} INFO - Started process (PID=1790) to work on /opt/airflow/dags/dss150p_pipeline.py
[2026-09-23T16:05:05.072+0000] {processor.py:914} INFO - Processing file /opt/airflow/dags/dss150p_pipeline.py for tasks to queue
[2026-09-23T16:05:05.083+0000] {logging_mixin.py:190} INFO - [2026-09-23T16:05:05.082+0000] {dagbag.py:588} INFO - Filling up the DagBag from /opt/airflow/dags/dss150p_pipeline.py
[2026-09-23T16:05:05.167+0000] {processor.py:925} INFO - DAG(s) 'dss150p_sales_pipeline' retrieved from /opt/airflow/dags/dss150p_pipeline.py
[2026-09-23T16:05:05.270+0000] {logging_mixin.py:190} INFO - [2026-09-23T16:05:05.270+0000] {dag.py:3239} INFO - Sync 1 DAGs
[2026-09-23T16:05:05.310+0000] {logging_mixin.py:190} INFO - [2026-09-23T16:05:05.309+0000] {dag.py:4180} INFO - Setting next_dagrun for dss150p_sales_pipeline to 2026-09-23 02:00:00+00:00, run_after=2026-09-24 02:00:00+00:00
[2026-09-23T16:05:05.345+0000] {processor.py:208} INFO - Processing /opt/airflow/dags/dss150p_pipeline.py took 0.298 seconds
[2026-09-23T16:05:35.533+0000] {processor.py:186} INFO - Started process (PID=1795) to work on /opt/airflow/dags/dss150p_pipeline.py
[2026-09-23T16:05:35.536+0000] {processor.py:914} INFO - Processing file /opt/airflow/dags/dss150p_pipeline.py for tasks to queue
[2026-09-23T16:05:35.542+0000] {logging_mixin.py:190} INFO - [2026-09-23T16:05:35.542+0000] {dagbag.py:588} INFO - Filling up the DagBag from /opt/airflow/dags/dss150p_pipeline.py
[2026-09-23T16:05:35.664+0000] {processor.py:925} INFO - DAG(s) 'dss150p_sales_pipeline' retrieved from /opt/airflow/dags/dss150p_pipeline.py
[2026-09-23T16:05:35.785+0000] {logging_mixin.py:190} INFO - [2026-09-23T16:05:35.785+0000] {dag.py:3239} INFO - Sync 1 DAGs
[2026-09-23T16:05:35.865+0000] {logging_mixin.py:190} INFO - [2026-09-23T16:05:35.864+0000] {dag.py:4180} INFO - Setting next_dagrun for dss150p_sales_pipeline to 2026-09-23 02:00:00+00:00, run_after=2026-09-24 02:00:00+00:00
[2026-09-23T16:05:35.904+0000] {processor.py:208} INFO - Processing /opt/airflow/dags/dss150p_pipeline.py took 0.383 seconds
[2026-09-23T16:06:06.005+0000] {processor.py:186} INFO - Started process (PID=1800) to work on /opt/airflow/dags/dss150p_pipeline.py
[2026-09-23T16:06:06.008+0000] {processor.py:914} INFO - Processing file /opt/airflow/dags/dss150p_pipeline.py for tasks to queue
[2026-09-23T16:06:06.014+0000] {logging_mixin.py:190} INFO - [2026-09-23T16:06:06.013+0000] {dagbag.py:588} INFO - Filling up the DagBag from /opt/airflow/dags/dss150p_pipeline.py
[2026-09-23T16:06:06.079+0000] {processor.py:925} INFO - DAG(s) 'dss150p_sales_pipeline' retrieved from /opt/airflow/dags/dss150p_pipeline.py
[2026-09-23T16:06:06.202+0000] {logging_mixin.py:190} INFO - [2026-09-23T16:06:06.201+0000] {dag.py:3239} INFO - Sync 1 DAGs
[2026-09-23T16:06:06.251+0000] {logging_mixin.py:190} INFO - [2026-09-23T16:06:06.251+0000] {dag.py:4180} INFO - Setting next_dagrun for dss150p_sales_pipeline to 2026-09-23 02:00:00+00:00, run_after=2026-09-24 02:00:00+00:00
[2026-09-23T16:06:06.286+0000] {processor.py:208} INFO - Processing /opt/airflow/dags/dss150p_pipeline.py took 0.297 seconds
[2026-09-23T16:06:36.774+0000] {processor.py:186} INFO - Started process (PID=1805) to work on /opt/airflow/dags/dss150p_pipeline.py
[2026-09-23T16:06:36.781+0000] {processor.py:914} INFO - Processing file /opt/airflow/dags/dss150p_pipeline.py for tasks to queue
[2026-09-23T16:06:36.797+0000] {logging_mixin.py:190} INFO - [2026-09-23T16:06:36.796+0000] {dagbag.py:588} INFO - Filling up the DagBag from /opt/airflow/dags/dss150p_pipeline.py
[2026-09-23T16:06:36.912+0000] {processor.py:925} INFO - DAG(s) 'dss150p_sales_pipeline' retrieved from /opt/airflow/dags/dss150p_pipeline.py
[2026-09-23T16:06:37.088+0000] {logging_mixin.py:190} INFO - [2026-09-23T16:06:37.088+0000] {dag.py:3239} INFO - Sync 1 DAGs
[2026-09-23T16:06:37.405+0000] {logging_mixin.py:190} INFO - [2026-09-23T16:06:37.404+0000] {dag.py:4180} INFO - Setting next_dagrun for dss150p_sales_pipeline to 2026-09-23 02:00:00+00:00, run_after=2026-09-24 02:00:00+00:00
[2026-09-23T16:06:37.454+0000] {processor.py:208} INFO - Processing /opt/airflow/dags/dss150p_pipeline.py took 0.720 seconds
[2026-09-23T16:07:07.917+0000] {processor.py:186} INFO - Started process (PID=1810) to work on /opt/airflow/dags/dss150p_pipeline.py
[2026-09-23T16:07:07.920+0000] {processor.py:914} INFO - Processing file /opt/airflow/dags/dss150p_pipeline.py for tasks to queue
[2026-09-23T16:07:07.927+0000] {logging_mixin.py:190} INFO - [2026-09-23T16:07:07.926+0000] {dagbag.py:588} INFO - Filling up the DagBag from /opt/airflow/dags/dss150p_pipeline.py
[2026-09-23T16:07:07.987+0000] {processor.py:925} INFO - DAG(s) 'dss150p_sales_pipeline' retrieved from /opt/airflow/dags/dss150p_pipeline.py
[2026-09-23T16:07:08.207+0000] {logging_mixin.py:190} INFO - [2026-09-23T16:07:08.206+0000] {dag.py:3239} INFO - Sync 1 DAGs
[2026-09-23T16:07:08.276+0000] {logging_mixin.py:190} INFO - [2026-09-23T16:07:08.275+0000] {dag.py:4180} INFO - Setting next_dagrun for dss150p_sales_pipeline to 2026-09-23 02:00:00+00:00, run_after=2026-09-24 02:00:00+00:00
[2026-09-23T16:07:08.318+0000] {processor.py:208} INFO - Processing /opt/airflow/dags/dss150p_pipeline.py took 0.420 seconds
[2026-09-23T16:07:38.725+0000] {processor.py:186} INFO - Started process (PID=1815) to work on /opt/airflow/dags/dss150p_pipeline.py
[2026-09-23T16:07:38.733+0000] {processor.py:914} INFO - Processing file /opt/airflow/dags/dss150p_pipeline.py for tasks to queue
[2026-09-23T16:07:38.741+0000] {logging_mixin.py:190} INFO - [2026-09-23T16:07:38.741+0000] {dagbag.py:588} INFO - Filling up the DagBag from /opt/airflow/dags/dss150p_pipeline.py
[2026-09-23T16:07:38.868+0000] {processor.py:925} INFO - DAG(s) 'dss150p_sales_pipeline' retrieved from /opt/airflow/dags/dss150p_pipeline.py
[2026-09-23T16:07:38.996+0000] {logging_mixin.py:190} INFO - [2026-09-23T16:07:38.996+0000] {dag.py:3239} INFO - Sync 1 DAGs
[2026-09-23T16:07:39.060+0000] {logging_mixin.py:190} INFO - [2026-09-23T16:07:39.059+0000] {dag.py:4180} INFO - Setting next_dagrun for dss150p_sales_pipeline to 2026-09-23 02:00:00+00:00, run_after=2026-09-24 02:00:00+00:00
[2026-09-23T16:07:39.120+0000] {processor.py:208} INFO - Processing /opt/airflow/dags/dss150p_pipeline.py took 0.446 seconds
