[2026-09-23T13:45:27.982+0000] {manager.py:483} INFO - Processing files using up to 2 processes at a time 
[2026-09-23T13:45:27.994+0000] {manager.py:484} INFO - Process each file at most once every 30 seconds
[2026-09-23T13:45:28.000+0000] {manager.py:485} INFO - Checking for new files in /opt/airflow/dags every 300 seconds
[2026-09-23T13:45:28.005+0000] {manager.py:821} INFO - Searching for files in /opt/airflow/dags
[2026-09-23T13:45:28.052+0000] {manager.py:824} INFO - There are 1 files in /opt/airflow/dags
[2026-09-23T13:45:28.853+0000] {manager.py:997} INFO - 
================================================================================
DAG File Processing Stats

File Path                                PID  Runtime      # DAGs    # Errors  Last Runtime    Last Run      Last # of DB Queries
-------------------------------------  -----  ---------  --------  ----------  --------------  ----------  ----------------------
/opt/airflow/dags/dss150p_pipeline.py    167  0.23s             0           0                                                   0
================================================================================
[2026-09-23T13:45:59.043+0000] {manager.py:997} INFO - 
================================================================================
DAG File Processing Stats

File Path                              PID    Runtime      # DAGs    # Errors  Last Runtime    Last Run               Last # of DB Queries
-------------------------------------  -----  ---------  --------  ----------  --------------  -------------------  ----------------------
/opt/airflow/dags/dss150p_pipeline.py                           1           0  2.08s           2026-09-23T13:45:30                      45
================================================================================
[2026-09-23T13:46:29.522+0000] {manager.py:997} INFO - 
================================================================================
DAG File Processing Stats

File Path                              PID    Runtime      # DAGs    # Errors  Last Runtime    Last Run               Last # of DB Queries
-------------------------------------  -----  ---------  --------  ----------  --------------  -------------------  ----------------------
/opt/airflow/dags/dss150p_pipeline.py                           1           0  1.31s           2026-09-23T13:46:02                      12
================================================================================
[2026-09-23T13:46:59.915+0000] {manager.py:997} INFO - 
================================================================================
DAG File Processing Stats

File Path                              PID    Runtime      # DAGs    # Errors  Last Runtime    Last Run               Last # of DB Queries
-------------------------------------  -----  ---------  --------  ----------  --------------  -------------------  ----------------------
/opt/airflow/dags/dss150p_pipeline.py                           1           0  0.97s           2026-09-23T13:46:33                      12
================================================================================
[2026-09-23T13:47:30.381+0000] {manager.py:997} INFO - 
================================================================================
DAG File Processing Stats

File Path                              PID    Runtime      # DAGs    # Errors  Last Runtime    Last Run               Last # of DB Queries
-------------------------------------  -----  ---------  --------  ----------  --------------  -------------------  ----------------------
/opt/airflow/dags/dss150p_pipeline.py                           1           0  0.99s           2026-09-23T13:47:04                      12
================================================================================
[2026-09-23T13:48:00.961+0000] {manager.py:997} INFO - 
================================================================================
DAG File Processing Stats

File Path                              PID    Runtime      # DAGs    # Errors  Last Runtime    Last Run               Last # of DB Queries
-------------------------------------  -----  ---------  --------  ----------  --------------  -------------------  ----------------------
/opt/airflow/dags/dss150p_pipeline.py                           1           0  1.13s           2026-09-23T13:47:36                      12
================================================================================
[2026-09-23T13:48:31.521+0000] {manager.py:997} INFO - 
================================================================================
DAG File Processing Stats

File Path                              PID    Runtime      # DAGs    # Errors  Last Runtime    Last Run               Last # of DB Queries
-------------------------------------  -----  ---------  --------  ----------  --------------  -------------------  ----------------------
/opt/airflow/dags/dss150p_pipeline.py                           1           0  0.49s           2026-09-23T13:48:07                      12
================================================================================
[2026-09-23T13:49:02.361+0000] {manager.py:997} INFO - 
================================================================================
DAG File Processing Stats

File Path                              PID    Runtime      # DAGs    # Errors  Last Runtime    Last Run               Last # of DB Queries
-------------------------------------  -----  ---------  --------  ----------  --------------  -------------------  ----------------------
/opt/airflow/dags/dss150p_pipeline.py                           1           0  0.52s           2026-09-23T13:48:38                      12
================================================================================
[2026-09-23T13:49:32.726+0000] {manager.py:997} INFO - 
================================================================================
DAG File Processing Stats

File Path                              PID    Runtime      # DAGs    # Errors  Last Runtime    Last Run               Last # of DB Queries
-------------------------------------  -----  ---------  --------  ----------  --------------  -------------------  ----------------------
/opt/airflow/dags/dss150p_pipeline.py                           1           0  0.91s           2026-09-23T13:49:09                      12
================================================================================
[2026-09-23T13:50:02.846+0000] {manager.py:997} INFO - 
================================================================================
DAG File Processing Stats

File Path                              PID    Runtime      # DAGs    # Errors  Last Runtime    Last Run               Last # of DB Queries
-------------------------------------  -----  ---------  --------  ----------  --------------  -------------------  ----------------------
/opt/airflow/dags/dss150p_pipeline.py                           1           0  0.68s           2026-09-23T13:49:40                      12
================================================================================
[2026-09-23T13:50:28.742+0000] {manager.py:821} INFO - Searching for files in /opt/airflow/dags
[2026-09-23T13:50:28.844+0000] {manager.py:824} INFO - There are 1 files in /opt/airflow/dags
[2026-09-23T13:50:32.969+0000] {manager.py:997} INFO - 
================================================================================
DAG File Processing Stats

File Path                              PID    Runtime      # DAGs    # Errors  Last Runtime    Last Run               Last # of DB Queries
-------------------------------------  -----  ---------  --------  ----------  --------------  -------------------  ----------------------
/opt/airflow/dags/dss150p_pipeline.py                           1           0  0.54s           2026-09-23T13:50:11                      12
================================================================================
[2026-09-23T13:51:03.004+0000] {manager.py:997} INFO - 
================================================================================
DAG File Processing Stats

File Path                              PID    Runtime      # DAGs    # Errors  Last Runtime    Last Run               Last # of DB Queries
-------------------------------------  -----  ---------  --------  ----------  --------------  -------------------  ----------------------
/opt/airflow/dags/dss150p_pipeline.py                           1           0  0.54s           2026-09-23T13:50:42                      12
================================================================================
[2026-09-23T13:51:33.224+0000] {manager.py:997} INFO - 
================================================================================
DAG File Processing Stats

File Path                              PID    Runtime      # DAGs    # Errors  Last Runtime    Last Run               Last # of DB Queries
-------------------------------------  -----  ---------  --------  ----------  --------------  -------------------  ----------------------
/opt/airflow/dags/dss150p_pipeline.py                           1           0  2.78s           2026-09-23T13:51:09                      34
================================================================================
[2026-09-23T13:52:03.720+0000] {manager.py:997} INFO - 
================================================================================
DAG File Processing Stats

File Path                              PID    Runtime      # DAGs    # Errors  Last Runtime    Last Run               Last # of DB Queries
-------------------------------------  -----  ---------  --------  ----------  --------------  -------------------  ----------------------
/opt/airflow/dags/dss150p_pipeline.py                           1           0  0.55s           2026-09-23T13:51:40                      12
================================================================================
[2026-09-23T13:52:34.456+0000] {manager.py:997} INFO - 
================================================================================
DAG File Processing Stats

File Path                              PID    Runtime      # DAGs    # Errors  Last Runtime    Last Run               Last # of DB Queries
-------------------------------------  -----  ---------  --------  ----------  --------------  -------------------  ----------------------
/opt/airflow/dags/dss150p_pipeline.py                           1           0  1.35s           2026-09-23T13:52:12                      12
================================================================================
[2026-09-23T13:53:04.500+0000] {manager.py:997} INFO - 
================================================================================
DAG File Processing Stats

File Path                              PID    Runtime      # DAGs    # Errors  Last Runtime    Last Run               Last # of DB Queries
-------------------------------------  -----  ---------  --------  ----------  --------------  -------------------  ----------------------
/opt/airflow/dags/dss150p_pipeline.py                           1           0  0.58s           2026-09-23T13:52:43                      12
================================================================================
[2026-09-23T13:53:35.011+0000] {manager.py:997} INFO - 
================================================================================
DAG File Processing Stats

File Path                              PID    Runtime      # DAGs    # Errors  Last Runtime    Last Run               Last # of DB Queries
-------------------------------------  -----  ---------  --------  ----------  --------------  -------------------  ----------------------
/opt/airflow/dags/dss150p_pipeline.py                           1           0  0.47s           2026-09-23T13:53:14                      12
================================================================================
[2026-09-23T13:54:05.480+0000] {manager.py:997} INFO - 
================================================================================
DAG File Processing Stats

File Path                              PID    Runtime      # DAGs    # Errors  Last Runtime    Last Run               Last # of DB Queries
-------------------------------------  -----  ---------  --------  ----------  --------------  -------------------  ----------------------
/opt/airflow/dags/dss150p_pipeline.py                           1           0  0.35s           2026-09-23T13:53:44                      12
================================================================================
[2026-09-23T13:54:36.444+0000] {manager.py:997} INFO - 
================================================================================
DAG File Processing Stats

File Path                              PID    Runtime      # DAGs    # Errors  Last Runtime    Last Run               Last # of DB Queries
-------------------------------------  -----  ---------  --------  ----------  --------------  -------------------  ----------------------
/opt/airflow/dags/dss150p_pipeline.py                           1           0  0.47s           2026-09-23T13:54:15                      12
================================================================================
[2026-09-23T13:55:06.735+0000] {manager.py:997} INFO - 
================================================================================
DAG File Processing Stats

File Path                              PID    Runtime      # DAGs    # Errors  Last Runtime    Last Run               Last # of DB Queries
-------------------------------------  -----  ---------  --------  ----------  --------------  -------------------  ----------------------
/opt/airflow/dags/dss150p_pipeline.py                           1           0  1.01s           2026-09-23T13:55:00                      34
================================================================================
[2026-09-23T13:55:29.068+0000] {manager.py:821} INFO - Searching for files in /opt/airflow/dags
[2026-09-23T13:55:29.143+0000] {manager.py:824} INFO - There are 1 files in /opt/airflow/dags
[2026-09-23T13:55:37.271+0000] {manager.py:997} INFO - 
================================================================================
DAG File Processing Stats

File Path                              PID    Runtime      # DAGs    # Errors  Last Runtime    Last Run               Last # of DB Queries
-------------------------------------  -----  ---------  --------  ----------  --------------  -------------------  ----------------------
/opt/airflow/dags/dss150p_pipeline.py                           1           0  0.96s           2026-09-23T13:55:32                      12
================================================================================
[2026-09-23T13:56:07.321+0000] {manager.py:997} INFO - 
================================================================================
DAG File Processing Stats

File Path                              PID    Runtime      # DAGs    # Errors  Last Runtime    Last Run               Last # of DB Queries
-------------------------------------  -----  ---------  --------  ----------  --------------  -------------------  ----------------------
/opt/airflow/dags/dss150p_pipeline.py                           1           0  0.50s           2026-09-23T13:56:03                      12
================================================================================
[2026-09-23T13:56:37.756+0000] {manager.py:997} INFO - 
================================================================================
DAG File Processing Stats

File Path                              PID    Runtime      # DAGs    # Errors  Last Runtime    Last Run               Last # of DB Queries
-------------------------------------  -----  ---------  --------  ----------  --------------  -------------------  ----------------------
/opt/airflow/dags/dss150p_pipeline.py                           1           0  0.43s           2026-09-23T13:56:33                      12
================================================================================
[2026-09-23T13:57:08.306+0000] {manager.py:997} INFO - 
================================================================================
DAG File Processing Stats

File Path                              PID    Runtime      # DAGs    # Errors  Last Runtime    Last Run               Last # of DB Queries
-------------------------------------  -----  ---------  --------  ----------  --------------  -------------------  ----------------------
/opt/airflow/dags/dss150p_pipeline.py                           1           0  0.47s           2026-09-23T13:57:04                      12
================================================================================
[2026-09-23T13:57:39.168+0000] {manager.py:997} INFO - 
================================================================================
DAG File Processing Stats

File Path                              PID    Runtime      # DAGs    # Errors  Last Runtime    Last Run               Last # of DB Queries
-------------------------------------  -----  ---------  --------  ----------  --------------  -------------------  ----------------------
/opt/airflow/dags/dss150p_pipeline.py                           1           0  0.41s           2026-09-23T13:57:35                      12
================================================================================
[2026-09-23T13:58:09.215+0000] {manager.py:997} INFO - 
================================================================================
DAG File Processing Stats

File Path                              PID    Runtime      # DAGs    # Errors  Last Runtime    Last Run               Last # of DB Queries
-------------------------------------  -----  ---------  --------  ----------  --------------  -------------------  ----------------------
/opt/airflow/dags/dss150p_pipeline.py                           1           0  0.57s           2026-09-23T13:58:06                      12
================================================================================
[2026-09-23T13:58:39.676+0000] {manager.py:997} INFO - 
================================================================================
DAG File Processing Stats

File Path                              PID    Runtime      # DAGs    # Errors  Last Runtime    Last Run               Last # of DB Queries
-------------------------------------  -----  ---------  --------  ----------  --------------  -------------------  ----------------------
/opt/airflow/dags/dss150p_pipeline.py                           1           0  0.46s           2026-09-23T13:58:37                      12
================================================================================
[2026-09-23T13:59:09.893+0000] {manager.py:997} INFO - 
================================================================================
DAG File Processing Stats

File Path                              PID    Runtime      # DAGs    # Errors  Last Runtime    Last Run               Last # of DB Queries
-------------------------------------  -----  ---------  --------  ----------  --------------  -------------------  ----------------------
/opt/airflow/dags/dss150p_pipeline.py                           1           0  0.46s           2026-09-23T13:59:07                      12
================================================================================
[2026-09-23T13:59:40.336+0000] {manager.py:997} INFO - 
================================================================================
DAG File Processing Stats

File Path                              PID    Runtime      # DAGs    # Errors  Last Runtime    Last Run               Last # of DB Queries
-------------------------------------  -----  ---------  --------  ----------  --------------  -------------------  ----------------------
/opt/airflow/dags/dss150p_pipeline.py                           1           0  0.78s           2026-09-23T13:59:38                      12
================================================================================
[2026-09-23T14:00:10.760+0000] {manager.py:997} INFO - 
================================================================================
DAG File Processing Stats

File Path                              PID    Runtime      # DAGs    # Errors  Last Runtime    Last Run               Last # of DB Queries
-------------------------------------  -----  ---------  --------  ----------  --------------  -------------------  ----------------------
/opt/airflow/dags/dss150p_pipeline.py                           1           0  0.46s           2026-09-23T14:00:09                      12
================================================================================
[2026-09-23T14:00:29.272+0000] {manager.py:821} INFO - Searching for files in /opt/airflow/dags
[2026-09-23T14:00:29.331+0000] {manager.py:824} INFO - There are 1 files in /opt/airflow/dags
[2026-09-23T14:00:40.842+0000] {manager.py:997} INFO - 
================================================================================
DAG File Processing Stats

File Path                              PID    Runtime      # DAGs    # Errors  Last Runtime    Last Run               Last # of DB Queries
-------------------------------------  -----  ---------  --------  ----------  --------------  -------------------  ----------------------
/opt/airflow/dags/dss150p_pipeline.py                           1           0  1.62s           2026-09-23T14:00:18                      34
================================================================================
[2026-09-23T14:01:10.973+0000] {manager.py:997} INFO - 
================================================================================
DAG File Processing Stats

File Path                              PID    Runtime      # DAGs    # Errors  Last Runtime    Last Run               Last # of DB Queries
-------------------------------------  -----  ---------  --------  ----------  --------------  -------------------  ----------------------
/opt/airflow/dags/dss150p_pipeline.py                           1           0  0.95s           2026-09-23T14:00:49                      12
================================================================================
[2026-09-23T14:01:41.891+0000] {manager.py:997} INFO - 
================================================================================
DAG File Processing Stats

File Path                              PID    Runtime      # DAGs    # Errors  Last Runtime    Last Run               Last # of DB Queries
-------------------------------------  -----  ---------  --------  ----------  --------------  -------------------  ----------------------
/opt/airflow/dags/dss150p_pipeline.py                           1           0  0.45s           2026-09-23T14:01:20                      12
================================================================================
[2026-09-23T14:02:12.408+0000] {manager.py:997} INFO - 
================================================================================
DAG File Processing Stats

File Path                              PID    Runtime      # DAGs    # Errors  Last Runtime    Last Run               Last # of DB Queries
-------------------------------------  -----  ---------  --------  ----------  --------------  -------------------  ----------------------
/opt/airflow/dags/dss150p_pipeline.py                           0           1  0.28s           2026-09-23T14:01:48                       3
================================================================================
[2026-09-23T14:02:43.276+0000] {manager.py:997} INFO - 
================================================================================
DAG File Processing Stats

File Path                              PID    Runtime      # DAGs    # Errors  Last Runtime    Last Run               Last # of DB Queries
-------------------------------------  -----  ---------  --------  ----------  --------------  -------------------  ----------------------
/opt/airflow/dags/dss150p_pipeline.py                           0           1  0.38s           2026-09-23T14:02:18                       5
================================================================================
[2026-09-23T14:03:13.829+0000] {manager.py:997} INFO - 
================================================================================
DAG File Processing Stats

File Path                              PID    Runtime      # DAGs    # Errors  Last Runtime    Last Run               Last # of DB Queries
-------------------------------------  -----  ---------  --------  ----------  --------------  -------------------  ----------------------
/opt/airflow/dags/dss150p_pipeline.py                           0           1  0.26s           2026-09-23T14:02:49                       5
================================================================================
[2026-09-23T14:03:44.511+0000] {manager.py:997} INFO - 
================================================================================
DAG File Processing Stats

File Path                              PID    Runtime      # DAGs    # Errors  Last Runtime    Last Run               Last # of DB Queries
-------------------------------------  -----  ---------  --------  ----------  --------------  -------------------  ----------------------
/opt/airflow/dags/dss150p_pipeline.py                           0           1  0.30s           2026-09-23T14:03:20                       5
================================================================================
[2026-09-23T14:04:15.127+0000] {manager.py:997} INFO - 
================================================================================
DAG File Processing Stats

File Path                              PID    Runtime      # DAGs    # Errors  Last Runtime    Last Run               Last # of DB Queries
-------------------------------------  -----  ---------  --------  ----------  --------------  -------------------  ----------------------
/opt/airflow/dags/dss150p_pipeline.py                           1           0  1.98s           2026-09-23T14:03:56                      34
================================================================================
[2026-09-23T14:04:45.620+0000] {manager.py:997} INFO - 
================================================================================
DAG File Processing Stats

File Path                              PID    Runtime      # DAGs    # Errors  Last Runtime    Last Run               Last # of DB Queries
-------------------------------------  -----  ---------  --------  ----------  --------------  -------------------  ----------------------
/opt/airflow/dags/dss150p_pipeline.py                           1           0  0.34s           2026-09-23T14:04:27                      12
================================================================================
[2026-09-23T14:05:16.134+0000] {manager.py:997} INFO - 
================================================================================
DAG File Processing Stats

File Path                              PID    Runtime      # DAGs    # Errors  Last Runtime    Last Run               Last # of DB Queries
-------------------------------------  -----  ---------  --------  ----------  --------------  -------------------  ----------------------
/opt/airflow/dags/dss150p_pipeline.py                           1           0  0.38s           2026-09-23T14:04:58                      12
================================================================================
[2026-09-23T14:05:29.418+0000] {manager.py:821} INFO - Searching for files in /opt/airflow/dags
[2026-09-23T14:05:29.463+0000] {manager.py:824} INFO - There are 1 files in /opt/airflow/dags
[2026-09-23T14:05:46.658+0000] {manager.py:997} INFO - 
================================================================================
DAG File Processing Stats

File Path                              PID    Runtime      # DAGs    # Errors  Last Runtime    Last Run               Last # of DB Queries
-------------------------------------  -----  ---------  --------  ----------  --------------  -------------------  ----------------------
/opt/airflow/dags/dss150p_pipeline.py                           1           0  0.34s           2026-09-23T14:05:28                      12
================================================================================
[2026-09-23T14:06:16.782+0000] {manager.py:997} INFO - 
================================================================================
DAG File Processing Stats

File Path                              PID    Runtime      # DAGs    # Errors  Last Runtime    Last Run               Last # of DB Queries
-------------------------------------  -----  ---------  --------  ----------  --------------  -------------------  ----------------------
/opt/airflow/dags/dss150p_pipeline.py                           1           0  0.48s           2026-09-23T14:06:13                      12
================================================================================
[2026-09-23T14:06:47.058+0000] {manager.py:997} INFO - 
================================================================================
DAG File Processing Stats

File Path                              PID    Runtime      # DAGs    # Errors  Last Runtime    Last Run               Last # of DB Queries
-------------------------------------  -----  ---------  --------  ----------  --------------  -------------------  ----------------------
/opt/airflow/dags/dss150p_pipeline.py                           1           0  0.42s           2026-09-23T14:06:44                      12
================================================================================
[2026-09-23T14:07:17.098+0000] {manager.py:997} INFO - 
================================================================================
DAG File Processing Stats

File Path                              PID    Runtime      # DAGs    # Errors  Last Runtime    Last Run               Last # of DB Queries
-------------------------------------  -----  ---------  --------  ----------  --------------  -------------------  ----------------------
/opt/airflow/dags/dss150p_pipeline.py                           1           0  0.34s           2026-09-23T14:07:15                      12
================================================================================
[2026-09-23T14:07:47.420+0000] {manager.py:997} INFO - 
================================================================================
DAG File Processing Stats

File Path                              PID    Runtime      # DAGs    # Errors  Last Runtime    Last Run               Last # of DB Queries
-------------------------------------  -----  ---------  --------  ----------  --------------  -------------------  ----------------------
/opt/airflow/dags/dss150p_pipeline.py                           1           0  0.30s           2026-09-23T14:07:45                      12
================================================================================
[2026-09-23T14:08:17.998+0000] {manager.py:997} INFO - 
================================================================================
DAG File Processing Stats

File Path                              PID    Runtime      # DAGs    # Errors  Last Runtime    Last Run               Last # of DB Queries
-------------------------------------  -----  ---------  --------  ----------  --------------  -------------------  ----------------------
/opt/airflow/dags/dss150p_pipeline.py                           1           0  0.34s           2026-09-23T14:08:16                      12
================================================================================
[2026-09-23T14:08:48.499+0000] {manager.py:997} INFO - 
================================================================================
DAG File Processing Stats

File Path                              PID    Runtime      # DAGs    # Errors  Last Runtime    Last Run               Last # of DB Queries
-------------------------------------  -----  ---------  --------  ----------  --------------  -------------------  ----------------------
/opt/airflow/dags/dss150p_pipeline.py                           1           0  0.45s           2026-09-23T14:08:46                      12
================================================================================
[2026-09-23T14:09:18.643+0000] {manager.py:997} INFO - 
================================================================================
DAG File Processing Stats

File Path                              PID    Runtime      # DAGs    # Errors  Last Runtime    Last Run               Last # of DB Queries
-------------------------------------  -----  ---------  --------  ----------  --------------  -------------------  ----------------------
/opt/airflow/dags/dss150p_pipeline.py                           1           0  0.39s           2026-09-23T14:09:17                      12
================================================================================
[2026-09-23T14:09:48.706+0000] {manager.py:997} INFO - 
================================================================================
DAG File Processing Stats

File Path                              PID    Runtime      # DAGs    # Errors  Last Runtime    Last Run               Last # of DB Queries
-------------------------------------  -----  ---------  --------  ----------  --------------  -------------------  ----------------------
/opt/airflow/dags/dss150p_pipeline.py                           1           0  0.38s           2026-09-23T14:09:48                      12
================================================================================
[2026-09-23T14:10:19.407+0000] {manager.py:997} INFO - 
================================================================================
DAG File Processing Stats

File Path                              PID    Runtime      # DAGs    # Errors  Last Runtime    Last Run               Last # of DB Queries
-------------------------------------  -----  ---------  --------  ----------  --------------  -------------------  ----------------------
/opt/airflow/dags/dss150p_pipeline.py                           1           0  0.31s           2026-09-23T14:10:18                      12
================================================================================
[2026-09-23T14:10:29.559+0000] {manager.py:821} INFO - Searching for files in /opt/airflow/dags
[2026-09-23T14:10:29.669+0000] {manager.py:824} INFO - There are 1 files in /opt/airflow/dags
[2026-09-23T14:10:49.544+0000] {manager.py:997} INFO - 
================================================================================
DAG File Processing Stats

File Path                              PID    Runtime      # DAGs    # Errors  Last Runtime    Last Run               Last # of DB Queries
-------------------------------------  -----  ---------  --------  ----------  --------------  -------------------  ----------------------
/opt/airflow/dags/dss150p_pipeline.py                           1           0  3.54s           2026-09-23T14:10:35                      34
================================================================================
[2026-09-23T14:11:19.905+0000] {manager.py:997} INFO - 
================================================================================
DAG File Processing Stats

File Path                              PID    Runtime      # DAGs    # Errors  Last Runtime    Last Run               Last # of DB Queries
-------------------------------------  -----  ---------  --------  ----------  --------------  -------------------  ----------------------
/opt/airflow/dags/dss150p_pipeline.py                           1           0  0.44s           2026-09-23T14:11:06                      12
================================================================================
[2026-09-23T14:11:50.529+0000] {manager.py:997} INFO - 
================================================================================
DAG File Processing Stats

File Path                              PID    Runtime      # DAGs    # Errors  Last Runtime    Last Run               Last # of DB Queries
-------------------------------------  -----  ---------  --------  ----------  --------------  -------------------  ----------------------
/opt/airflow/dags/dss150p_pipeline.py                           1           0  0.36s           2026-09-23T14:11:36                      12
================================================================================
[2026-09-23T14:12:20.885+0000] {manager.py:997} INFO - 
================================================================================
DAG File Processing Stats

File Path                              PID    Runtime      # DAGs    # Errors  Last Runtime    Last Run               Last # of DB Queries
-------------------------------------  -----  ---------  --------  ----------  --------------  -------------------  ----------------------
/opt/airflow/dags/dss150p_pipeline.py                           1           0  0.37s           2026-09-23T14:12:07                      12
================================================================================
[2026-09-23T14:12:50.912+0000] {manager.py:997} INFO - 
================================================================================
DAG File Processing Stats

File Path                              PID    Runtime      # DAGs    # Errors  Last Runtime    Last Run               Last # of DB Queries
-------------------------------------  -----  ---------  --------  ----------  --------------  -------------------  ----------------------
/opt/airflow/dags/dss150p_pipeline.py                           1           0  0.38s           2026-09-23T14:12:37                      12
================================================================================
[2026-09-23T14:13:21.244+0000] {manager.py:997} INFO - 
================================================================================
DAG File Processing Stats

File Path                              PID    Runtime      # DAGs    # Errors  Last Runtime    Last Run               Last # of DB Queries
-------------------------------------  -----  ---------  --------  ----------  --------------  -------------------  ----------------------
/opt/airflow/dags/dss150p_pipeline.py                           1           0  0.58s           2026-09-23T14:13:08                      12
================================================================================
[2026-09-23T14:13:51.471+0000] {manager.py:997} INFO - 
================================================================================
DAG File Processing Stats

File Path                              PID    Runtime      # DAGs    # Errors  Last Runtime    Last Run               Last # of DB Queries
-------------------------------------  -----  ---------  --------  ----------  --------------  -------------------  ----------------------
/opt/airflow/dags/dss150p_pipeline.py                           1           0  0.39s           2026-09-23T14:13:39                      12
================================================================================
[2026-09-23T14:14:21.813+0000] {manager.py:997} INFO - 
================================================================================
DAG File Processing Stats

File Path                              PID    Runtime      # DAGs    # Errors  Last Runtime    Last Run               Last # of DB Queries
-------------------------------------  -----  ---------  --------  ----------  --------------  -------------------  ----------------------
/opt/airflow/dags/dss150p_pipeline.py                           1           0  0.43s           2026-09-23T14:14:10                      12
================================================================================
[2026-09-23T14:14:51.843+0000] {manager.py:997} INFO - 
================================================================================
DAG File Processing Stats

File Path                              PID    Runtime      # DAGs    # Errors  Last Runtime    Last Run               Last # of DB Queries
-------------------------------------  -----  ---------  --------  ----------  --------------  -------------------  ----------------------
/opt/airflow/dags/dss150p_pipeline.py                           1           0  0.30s           2026-09-23T14:14:40                      12
================================================================================
[2026-09-23T14:15:22.165+0000] {manager.py:997} INFO - 
================================================================================
DAG File Processing Stats

File Path                              PID    Runtime      # DAGs    # Errors  Last Runtime    Last Run               Last # of DB Queries
-------------------------------------  -----  ---------  --------  ----------  --------------  -------------------  ----------------------
/opt/airflow/dags/dss150p_pipeline.py                           1           0  0.52s           2026-09-23T14:15:11                      12
================================================================================
[2026-09-23T14:15:29.742+0000] {manager.py:821} INFO - Searching for files in /opt/airflow/dags
[2026-09-23T14:15:29.795+0000] {manager.py:824} INFO - There are 1 files in /opt/airflow/dags
[2026-09-23T14:15:52.545+0000] {manager.py:997} INFO - 
================================================================================
DAG File Processing Stats

File Path                              PID    Runtime      # DAGs    # Errors  Last Runtime    Last Run               Last # of DB Queries
-------------------------------------  -----  ---------  --------  ----------  --------------  -------------------  ----------------------
/opt/airflow/dags/dss150p_pipeline.py                           1           0  0.61s           2026-09-23T14:15:42                      12
================================================================================
[2026-09-23T14:16:22.947+0000] {manager.py:997} INFO - 
================================================================================
DAG File Processing Stats

File Path                              PID    Runtime      # DAGs    # Errors  Last Runtime    Last Run               Last # of DB Queries
-------------------------------------  -----  ---------  --------  ----------  --------------  -------------------  ----------------------
/opt/airflow/dags/dss150p_pipeline.py                           1           0  0.34s           2026-09-23T14:16:13                      12
================================================================================
[2026-09-23T14:16:53.536+0000] {manager.py:997} INFO - 
================================================================================
DAG File Processing Stats

File Path                              PID    Runtime      # DAGs    # Errors  Last Runtime    Last Run               Last # of DB Queries
-------------------------------------  -----  ---------  --------  ----------  --------------  -------------------  ----------------------
/opt/airflow/dags/dss150p_pipeline.py                           1           0  0.53s           2026-09-23T14:16:43                      12
================================================================================
[2026-09-23T14:17:24.128+0000] {manager.py:997} INFO - 
================================================================================
DAG File Processing Stats

File Path                              PID    Runtime      # DAGs    # Errors  Last Runtime    Last Run               Last # of DB Queries
-------------------------------------  -----  ---------  --------  ----------  --------------  -------------------  ----------------------
/opt/airflow/dags/dss150p_pipeline.py                           1           0  0.33s           2026-09-23T14:17:14                      12
================================================================================
[2026-09-23T14:17:54.293+0000] {manager.py:997} INFO - 
================================================================================
DAG File Processing Stats

File Path                              PID    Runtime      # DAGs    # Errors  Last Runtime    Last Run               Last # of DB Queries
-------------------------------------  -----  ---------  --------  ----------  --------------  -------------------  ----------------------
/opt/airflow/dags/dss150p_pipeline.py                           1           0  0.76s           2026-09-23T14:17:40                      34
================================================================================
[2026-09-23T14:18:24.820+0000] {manager.py:997} INFO - 
================================================================================
DAG File Processing Stats

File Path                              PID    Runtime      # DAGs    # Errors  Last Runtime    Last Run               Last # of DB Queries
-------------------------------------  -----  ---------  --------  ----------  --------------  -------------------  ----------------------
/opt/airflow/dags/dss150p_pipeline.py                           1           0  0.34s           2026-09-23T14:18:10                      12
================================================================================
[2026-09-23T14:18:55.280+0000] {manager.py:997} INFO - 
================================================================================
DAG File Processing Stats

File Path                              PID    Runtime      # DAGs    # Errors  Last Runtime    Last Run               Last # of DB Queries
-------------------------------------  -----  ---------  --------  ----------  --------------  -------------------  ----------------------
/opt/airflow/dags/dss150p_pipeline.py                           1           0  0.37s           2026-09-23T14:18:41                      12
================================================================================
[2026-09-23T14:19:25.904+0000] {manager.py:997} INFO - 
================================================================================
DAG File Processing Stats

File Path                              PID    Runtime      # DAGs    # Errors  Last Runtime    Last Run               Last # of DB Queries
-------------------------------------  -----  ---------  --------  ----------  --------------  -------------------  ----------------------
/opt/airflow/dags/dss150p_pipeline.py                           1           0  0.46s           2026-09-23T14:19:11                      12
================================================================================
[2026-09-23T14:19:56.340+0000] {manager.py:997} INFO - 
================================================================================
DAG File Processing Stats

File Path                              PID    Runtime      # DAGs    # Errors  Last Runtime    Last Run               Last # of DB Queries
-------------------------------------  -----  ---------  --------  ----------  --------------  -------------------  ----------------------
/opt/airflow/dags/dss150p_pipeline.py                           1           0  0.27s           2026-09-23T14:19:42                      12
================================================================================
[2026-09-23T14:20:26.783+0000] {manager.py:997} INFO - 
================================================================================
DAG File Processing Stats

File Path                              PID    Runtime      # DAGs    # Errors  Last Runtime    Last Run               Last # of DB Queries
-------------------------------------  -----  ---------  --------  ----------  --------------  -------------------  ----------------------
/opt/airflow/dags/dss150p_pipeline.py                           1           0  0.37s           2026-09-23T14:20:12                      12
================================================================================
[2026-09-23T14:20:29.816+0000] {manager.py:821} INFO - Searching for files in /opt/airflow/dags
[2026-09-23T14:20:29.871+0000] {manager.py:824} INFO - There are 1 files in /opt/airflow/dags
[2026-09-23T14:20:57.329+0000] {manager.py:997} INFO - 
================================================================================
DAG File Processing Stats

File Path                              PID    Runtime      # DAGs    # Errors  Last Runtime    Last Run               Last # of DB Queries
-------------------------------------  -----  ---------  --------  ----------  --------------  -------------------  ----------------------
/opt/airflow/dags/dss150p_pipeline.py                           1           0  0.31s           2026-09-23T14:20:43                      12
================================================================================
[2026-09-23T14:21:27.803+0000] {manager.py:997} INFO - 
================================================================================
DAG File Processing Stats

File Path                              PID    Runtime      # DAGs    # Errors  Last Runtime    Last Run               Last # of DB Queries
-------------------------------------  -----  ---------  --------  ----------  --------------  -------------------  ----------------------
/opt/airflow/dags/dss150p_pipeline.py                           1           0  0.29s           2026-09-23T14:21:13                      12
================================================================================
[2026-09-23T14:21:58.270+0000] {manager.py:997} INFO - 
================================================================================
DAG File Processing Stats

File Path                              PID    Runtime      # DAGs    # Errors  Last Runtime    Last Run               Last # of DB Queries
-------------------------------------  -----  ---------  --------  ----------  --------------  -------------------  ----------------------
/opt/airflow/dags/dss150p_pipeline.py                           1           0  0.31s           2026-09-23T14:21:44                      12
================================================================================
[2026-09-23T14:22:28.751+0000] {manager.py:997} INFO - 
================================================================================
DAG File Processing Stats

File Path                              PID    Runtime      # DAGs    # Errors  Last Runtime    Last Run               Last # of DB Queries
-------------------------------------  -----  ---------  --------  ----------  --------------  -------------------  ----------------------
/opt/airflow/dags/dss150p_pipeline.py                           1           0  0.28s           2026-09-23T14:22:14                      12
================================================================================
[2026-09-23T14:22:59.238+0000] {manager.py:997} INFO - 
================================================================================
DAG File Processing Stats

File Path                              PID    Runtime      # DAGs    # Errors  Last Runtime    Last Run               Last # of DB Queries
-------------------------------------  -----  ---------  --------  ----------  --------------  -------------------  ----------------------
/opt/airflow/dags/dss150p_pipeline.py                           1           0  0.22s           2026-09-23T14:22:45                      12
================================================================================
[2026-09-23T14:23:29.655+0000] {manager.py:997} INFO - 
================================================================================
DAG File Processing Stats

File Path                              PID    Runtime      # DAGs    # Errors  Last Runtime    Last Run               Last # of DB Queries
-------------------------------------  -----  ---------  --------  ----------  --------------  -------------------  ----------------------
/opt/airflow/dags/dss150p_pipeline.py                           1           0  0.28s           2026-09-23T14:23:15                      12
================================================================================
[2026-09-23T14:24:00.119+0000] {manager.py:997} INFO - 
================================================================================
DAG File Processing Stats

File Path                              PID    Runtime      # DAGs    # Errors  Last Runtime    Last Run               Last # of DB Queries
-------------------------------------  -----  ---------  --------  ----------  --------------  -------------------  ----------------------
/opt/airflow/dags/dss150p_pipeline.py                           1           0  0.33s           2026-09-23T14:23:46                      12
================================================================================
[2026-09-23T14:24:30.578+0000] {manager.py:997} INFO - 
================================================================================
DAG File Processing Stats

File Path                              PID    Runtime      # DAGs    # Errors  Last Runtime    Last Run               Last # of DB Queries
-------------------------------------  -----  ---------  --------  ----------  --------------  -------------------  ----------------------
/opt/airflow/dags/dss150p_pipeline.py                           1           0  0.47s           2026-09-23T14:24:16                      12
================================================================================
[2026-09-23T14:25:01.213+0000] {manager.py:997} INFO - 
================================================================================
DAG File Processing Stats

File Path                              PID    Runtime      # DAGs    # Errors  Last Runtime    Last Run               Last # of DB Queries
-------------------------------------  -----  ---------  --------  ----------  --------------  -------------------  ----------------------
/opt/airflow/dags/dss150p_pipeline.py                           1           0  0.34s           2026-09-23T14:24:47                      12
================================================================================
[2026-09-23T14:25:30.504+0000] {manager.py:821} INFO - Searching for files in /opt/airflow/dags
[2026-09-23T14:25:30.568+0000] {manager.py:824} INFO - There are 1 files in /opt/airflow/dags
[2026-09-23T14:25:31.623+0000] {manager.py:997} INFO - 
================================================================================
DAG File Processing Stats

File Path                              PID    Runtime      # DAGs    # Errors  Last Runtime    Last Run               Last # of DB Queries
-------------------------------------  -----  ---------  --------  ----------  --------------  -------------------  ----------------------
/opt/airflow/dags/dss150p_pipeline.py                           1           0  0.89s           2026-09-23T14:25:18                      12
================================================================================
[2026-09-23T14:25:44.145+0000] {manager.py:465} INFO - Exiting gracefully upon receiving signal 15
[2026-09-23T14:26:30.890+0000] {manager.py:483} INFO - Processing files using up to 2 processes at a time 
[2026-09-23T14:26:30.896+0000] {manager.py:484} INFO - Process each file at most once every 30 seconds
[2026-09-23T14:26:30.900+0000] {manager.py:485} INFO - Checking for new files in /opt/airflow/dags every 300 seconds
[2026-09-23T14:26:30.905+0000] {manager.py:821} INFO - Searching for files in /opt/airflow/dags
[2026-09-23T14:26:30.970+0000] {manager.py:824} INFO - There are 1 files in /opt/airflow/dags
[2026-09-23T14:26:31.530+0000] {manager.py:997} INFO - 
================================================================================
DAG File Processing Stats

File Path                                PID  Runtime      # DAGs    # Errors  Last Runtime    Last Run      Last # of DB Queries
-------------------------------------  -----  ---------  --------  ----------  --------------  ----------  ----------------------
/opt/airflow/dags/dss150p_pipeline.py    188  0.22s             0           0                                                   0
================================================================================
[2026-09-23T14:27:01.704+0000] {manager.py:997} INFO - 
================================================================================
DAG File Processing Stats

File Path                              PID    Runtime      # DAGs    # Errors  Last Runtime    Last Run               Last # of DB Queries
-------------------------------------  -----  ---------  --------  ----------  --------------  -------------------  ----------------------
/opt/airflow/dags/dss150p_pipeline.py                           1           0  1.13s           2026-09-23T14:26:32                      12
================================================================================
[2026-09-23T14:27:32.079+0000] {manager.py:997} INFO - 
================================================================================
DAG File Processing Stats

File Path                              PID    Runtime      # DAGs    # Errors  Last Runtime    Last Run               Last # of DB Queries
-------------------------------------  -----  ---------  --------  ----------  --------------  -------------------  ----------------------
/opt/airflow/dags/dss150p_pipeline.py                           1           0  0.65s           2026-09-23T14:27:03                      12
================================================================================
[2026-09-23T14:28:02.282+0000] {manager.py:997} INFO - 
================================================================================
DAG File Processing Stats

File Path                              PID    Runtime      # DAGs    # Errors  Last Runtime    Last Run               Last # of DB Queries
-------------------------------------  -----  ---------  --------  ----------  --------------  -------------------  ----------------------
/opt/airflow/dags/dss150p_pipeline.py                           1           0  0.31s           2026-09-23T14:27:34                      12
================================================================================
[2026-09-23T14:28:32.602+0000] {manager.py:997} INFO - 
================================================================================
DAG File Processing Stats

File Path                              PID    Runtime      # DAGs    # Errors  Last Runtime    Last Run               Last # of DB Queries
-------------------------------------  -----  ---------  --------  ----------  --------------  -------------------  ----------------------
/opt/airflow/dags/dss150p_pipeline.py                           1           0  0.31s           2026-09-23T14:28:04                      12
================================================================================
[2026-09-23T14:29:03.216+0000] {manager.py:997} INFO - 
================================================================================
DAG File Processing Stats

File Path                              PID    Runtime      # DAGs    # Errors  Last Runtime    Last Run               Last # of DB Queries
-------------------------------------  -----  ---------  --------  ----------  --------------  -------------------  ----------------------
/opt/airflow/dags/dss150p_pipeline.py                           1           0  0.36s           2026-09-23T14:28:34                      12
================================================================================
[2026-09-23T14:29:33.580+0000] {manager.py:997} INFO - 
================================================================================
DAG File Processing Stats

File Path                              PID    Runtime      # DAGs    # Errors  Last Runtime    Last Run               Last # of DB Queries
-------------------------------------  -----  ---------  --------  ----------  --------------  -------------------  ----------------------
/opt/airflow/dags/dss150p_pipeline.py                           1           0  0.29s           2026-09-23T14:29:05                      12
================================================================================
[2026-09-23T14:30:04.181+0000] {manager.py:997} INFO - 
================================================================================
DAG File Processing Stats

File Path                              PID    Runtime      # DAGs    # Errors  Last Runtime    Last Run               Last # of DB Queries
-------------------------------------  -----  ---------  --------  ----------  --------------  -------------------  ----------------------
/opt/airflow/dags/dss150p_pipeline.py                           1           0  0.51s           2026-09-23T14:29:36                      12
================================================================================
[2026-09-23T14:30:34.705+0000] {manager.py:997} INFO - 
================================================================================
DAG File Processing Stats

File Path                              PID    Runtime      # DAGs    # Errors  Last Runtime    Last Run               Last # of DB Queries
-------------------------------------  -----  ---------  --------  ----------  --------------  -------------------  ----------------------
/opt/airflow/dags/dss150p_pipeline.py                           1           0  0.34s           2026-09-23T14:30:06                      12
================================================================================
[2026-09-23T14:31:05.073+0000] {manager.py:997} INFO - 
================================================================================
DAG File Processing Stats

File Path                              PID    Runtime      # DAGs    # Errors  Last Runtime    Last Run               Last # of DB Queries
-------------------------------------  -----  ---------  --------  ----------  --------------  -------------------  ----------------------
/opt/airflow/dags/dss150p_pipeline.py                           1           0  0.47s           2026-09-23T14:30:37                      12
================================================================================
[2026-09-23T14:31:30.950+0000] {manager.py:821} INFO - Searching for files in /opt/airflow/dags
[2026-09-23T14:31:30.995+0000] {manager.py:824} INFO - There are 1 files in /opt/airflow/dags
[2026-09-23T14:31:35.734+0000] {manager.py:997} INFO - 
================================================================================
DAG File Processing Stats

File Path                              PID    Runtime      # DAGs    # Errors  Last Runtime    Last Run               Last # of DB Queries
-------------------------------------  -----  ---------  --------  ----------  --------------  -------------------  ----------------------
/opt/airflow/dags/dss150p_pipeline.py                           1           0  0.30s           2026-09-23T14:31:07                      12
================================================================================
[2026-09-23T14:32:06.425+0000] {manager.py:997} INFO - 
================================================================================
DAG File Processing Stats

File Path                              PID    Runtime      # DAGs    # Errors  Last Runtime    Last Run               Last # of DB Queries
-------------------------------------  -----  ---------  --------  ----------  --------------  -------------------  ----------------------
/opt/airflow/dags/dss150p_pipeline.py                           1           0  0.30s           2026-09-23T14:31:38                      12
================================================================================
[2026-09-23T14:32:37.008+0000] {manager.py:997} INFO - 
================================================================================
DAG File Processing Stats

File Path                              PID    Runtime      # DAGs    # Errors  Last Runtime    Last Run               Last # of DB Queries
-------------------------------------  -----  ---------  --------  ----------  --------------  -------------------  ----------------------
/opt/airflow/dags/dss150p_pipeline.py                           1           0  0.46s           2026-09-23T14:32:08                      12
================================================================================
[2026-09-23T14:33:07.577+0000] {manager.py:997} INFO - 
================================================================================
DAG File Processing Stats

File Path                              PID    Runtime      # DAGs    # Errors  Last Runtime    Last Run               Last # of DB Queries
-------------------------------------  -----  ---------  --------  ----------  --------------  -------------------  ----------------------
/opt/airflow/dags/dss150p_pipeline.py                           1           0  0.36s           2026-09-23T14:32:39                      12
================================================================================
[2026-09-23T14:33:37.982+0000] {manager.py:997} INFO - 
================================================================================
DAG File Processing Stats

File Path                              PID    Runtime      # DAGs    # Errors  Last Runtime    Last Run               Last # of DB Queries
-------------------------------------  -----  ---------  --------  ----------  --------------  -------------------  ----------------------
/opt/airflow/dags/dss150p_pipeline.py                           1           0  0.31s           2026-09-23T14:33:09                      12
================================================================================
[2026-09-23T14:34:08.535+0000] {manager.py:997} INFO - 
================================================================================
DAG File Processing Stats

File Path                              PID    Runtime      # DAGs    # Errors  Last Runtime    Last Run               Last # of DB Queries
-------------------------------------  -----  ---------  --------  ----------  --------------  -------------------  ----------------------
/opt/airflow/dags/dss150p_pipeline.py                           1           0  0.32s           2026-09-23T14:33:40                      12
================================================================================
[2026-09-23T14:34:38.979+0000] {manager.py:997} INFO - 
================================================================================
DAG File Processing Stats

File Path                              PID    Runtime      # DAGs    # Errors  Last Runtime    Last Run               Last # of DB Queries
-------------------------------------  -----  ---------  --------  ----------  --------------  -------------------  ----------------------
/opt/airflow/dags/dss150p_pipeline.py                           1           0  0.30s           2026-09-23T14:34:10                      12
================================================================================
[2026-09-23T14:35:09.464+0000] {manager.py:997} INFO - 
================================================================================
DAG File Processing Stats

File Path                              PID    Runtime      # DAGs    # Errors  Last Runtime    Last Run               Last # of DB Queries
-------------------------------------  -----  ---------  --------  ----------  --------------  -------------------  ----------------------
/opt/airflow/dags/dss150p_pipeline.py                           1           0  0.33s           2026-09-23T14:34:41                      12
================================================================================
[2026-09-23T14:35:39.915+0000] {manager.py:997} INFO - 
================================================================================
DAG File Processing Stats

File Path                              PID    Runtime      # DAGs    # Errors  Last Runtime    Last Run               Last # of DB Queries
-------------------------------------  -----  ---------  --------  ----------  --------------  -------------------  ----------------------
/opt/airflow/dags/dss150p_pipeline.py                           1           0  0.29s           2026-09-23T14:35:11                      12
================================================================================
[2026-09-23T14:36:10.379+0000] {manager.py:997} INFO - 
================================================================================
DAG File Processing Stats

File Path                              PID    Runtime      # DAGs    # Errors  Last Runtime    Last Run               Last # of DB Queries
-------------------------------------  -----  ---------  --------  ----------  --------------  -------------------  ----------------------
/opt/airflow/dags/dss150p_pipeline.py                           1           0  0.36s           2026-09-23T14:35:42                      12
================================================================================
[2026-09-23T14:36:31.016+0000] {manager.py:821} INFO - Searching for files in /opt/airflow/dags
[2026-09-23T14:36:31.063+0000] {manager.py:824} INFO - There are 1 files in /opt/airflow/dags
[2026-09-23T14:36:40.883+0000] {manager.py:997} INFO - 
================================================================================
DAG File Processing Stats

File Path                              PID    Runtime      # DAGs    # Errors  Last Runtime    Last Run               Last # of DB Queries
-------------------------------------  -----  ---------  --------  ----------  --------------  -------------------  ----------------------
/opt/airflow/dags/dss150p_pipeline.py                           1           0  0.43s           2026-09-23T14:36:12                      12
================================================================================
[2026-09-23T14:37:11.539+0000] {manager.py:997} INFO - 
================================================================================
DAG File Processing Stats

File Path                              PID    Runtime      # DAGs    # Errors  Last Runtime    Last Run               Last # of DB Queries
-------------------------------------  -----  ---------  --------  ----------  --------------  -------------------  ----------------------
/opt/airflow/dags/dss150p_pipeline.py                           1           0  0.51s           2026-09-23T14:36:43                      12
================================================================================
[2026-09-23T14:37:42.040+0000] {manager.py:997} INFO - 
================================================================================
DAG File Processing Stats

File Path                              PID    Runtime      # DAGs    # Errors  Last Runtime    Last Run               Last # of DB Queries
-------------------------------------  -----  ---------  --------  ----------  --------------  -------------------  ----------------------
/opt/airflow/dags/dss150p_pipeline.py                           1           0  0.27s           2026-09-23T14:37:13                      12
================================================================================
[2026-09-23T14:38:12.430+0000] {manager.py:997} INFO - 
================================================================================
DAG File Processing Stats

File Path                              PID    Runtime      # DAGs    # Errors  Last Runtime    Last Run               Last # of DB Queries
-------------------------------------  -----  ---------  --------  ----------  --------------  -------------------  ----------------------
/opt/airflow/dags/dss150p_pipeline.py                           1           0  0.30s           2026-09-23T14:37:44                      12
================================================================================
[2026-09-23T14:38:43.011+0000] {manager.py:997} INFO - 
================================================================================
DAG File Processing Stats

File Path                              PID    Runtime      # DAGs    # Errors  Last Runtime    Last Run               Last # of DB Queries
-------------------------------------  -----  ---------  --------  ----------  --------------  -------------------  ----------------------
/opt/airflow/dags/dss150p_pipeline.py                           1           0  0.31s           2026-09-23T14:38:14                      12
================================================================================
[2026-09-23T14:39:13.442+0000] {manager.py:997} INFO - 
================================================================================
DAG File Processing Stats

File Path                              PID    Runtime      # DAGs    # Errors  Last Runtime    Last Run               Last # of DB Queries
-------------------------------------  -----  ---------  --------  ----------  --------------  -------------------  ----------------------
/opt/airflow/dags/dss150p_pipeline.py                           1           0  0.33s           2026-09-23T14:38:45                      12
================================================================================
[2026-09-23T14:39:44.003+0000] {manager.py:997} INFO - 
================================================================================
DAG File Processing Stats

File Path                              PID    Runtime      # DAGs    # Errors  Last Runtime    Last Run               Last # of DB Queries
-------------------------------------  -----  ---------  --------  ----------  --------------  -------------------  ----------------------
/opt/airflow/dags/dss150p_pipeline.py                           1           0  0.29s           2026-09-23T14:39:15                      12
================================================================================
[2026-09-23T14:40:14.385+0000] {manager.py:997} INFO - 
================================================================================
DAG File Processing Stats

File Path                              PID    Runtime      # DAGs    # Errors  Last Runtime    Last Run               Last # of DB Queries
-------------------------------------  -----  ---------  --------  ----------  --------------  -------------------  ----------------------
/opt/airflow/dags/dss150p_pipeline.py                           1           0  0.33s           2026-09-23T14:39:46                      12
================================================================================
[2026-09-23T14:40:44.995+0000] {manager.py:997} INFO - 
================================================================================
DAG File Processing Stats

File Path                              PID    Runtime      # DAGs    # Errors  Last Runtime    Last Run               Last # of DB Queries
-------------------------------------  -----  ---------  --------  ----------  --------------  -------------------  ----------------------
/opt/airflow/dags/dss150p_pipeline.py                           1           0  0.37s           2026-09-23T14:40:16                      12
================================================================================
[2026-09-23T14:41:15.378+0000] {manager.py:997} INFO - 
================================================================================
DAG File Processing Stats

File Path                              PID    Runtime      # DAGs    # Errors  Last Runtime    Last Run               Last # of DB Queries
-------------------------------------  -----  ---------  --------  ----------  --------------  -------------------  ----------------------
/opt/airflow/dags/dss150p_pipeline.py                           1           0  0.34s           2026-09-23T14:40:47                      12
================================================================================
[2026-09-23T14:41:31.114+0000] {manager.py:821} INFO - Searching for files in /opt/airflow/dags
[2026-09-23T14:41:31.148+0000] {manager.py:824} INFO - There are 1 files in /opt/airflow/dags
[2026-09-23T14:41:46.052+0000] {manager.py:997} INFO - 
================================================================================
DAG File Processing Stats

File Path                              PID    Runtime      # DAGs    # Errors  Last Runtime    Last Run               Last # of DB Queries
-------------------------------------  -----  ---------  --------  ----------  --------------  -------------------  ----------------------
/opt/airflow/dags/dss150p_pipeline.py                           1           0  0.27s           2026-09-23T14:41:17                      12
================================================================================
[2026-09-23T14:42:16.622+0000] {manager.py:997} INFO - 
================================================================================
DAG File Processing Stats

File Path                              PID    Runtime      # DAGs    # Errors  Last Runtime    Last Run               Last # of DB Queries
-------------------------------------  -----  ---------  --------  ----------  --------------  -------------------  ----------------------
/opt/airflow/dags/dss150p_pipeline.py                           1           0  0.28s           2026-09-23T14:41:48                      12
================================================================================
[2026-09-23T14:42:46.963+0000] {manager.py:997} INFO - 
================================================================================
DAG File Processing Stats

File Path                              PID    Runtime      # DAGs    # Errors  Last Runtime    Last Run               Last # of DB Queries
-------------------------------------  -----  ---------  --------  ----------  --------------  -------------------  ----------------------
/opt/airflow/dags/dss150p_pipeline.py                           1           0  0.30s           2026-09-23T14:42:18                      12
================================================================================
[2026-09-23T14:43:17.519+0000] {manager.py:997} INFO - 
================================================================================
DAG File Processing Stats

File Path                              PID    Runtime      # DAGs    # Errors  Last Runtime    Last Run               Last # of DB Queries
-------------------------------------  -----  ---------  --------  ----------  --------------  -------------------  ----------------------
/opt/airflow/dags/dss150p_pipeline.py                           1           0  0.29s           2026-09-23T14:42:49                      12
================================================================================
[2026-09-23T14:43:47.912+0000] {manager.py:997} INFO - 
================================================================================
DAG File Processing Stats

File Path                              PID    Runtime      # DAGs    # Errors  Last Runtime    Last Run               Last # of DB Queries
-------------------------------------  -----  ---------  --------  ----------  --------------  -------------------  ----------------------
/opt/airflow/dags/dss150p_pipeline.py                           1           0  0.34s           2026-09-23T14:43:19                      12
================================================================================
[2026-09-23T14:44:18.518+0000] {manager.py:997} INFO - 
================================================================================
DAG File Processing Stats

File Path                              PID    Runtime      # DAGs    # Errors  Last Runtime    Last Run               Last # of DB Queries
-------------------------------------  -----  ---------  --------  ----------  --------------  -------------------  ----------------------
/opt/airflow/dags/dss150p_pipeline.py                           1           0  0.49s           2026-09-23T14:43:50                      12
================================================================================
[2026-09-23T14:44:49.054+0000] {manager.py:997} INFO - 
================================================================================
DAG File Processing Stats

File Path                              PID    Runtime      # DAGs    # Errors  Last Runtime    Last Run               Last # of DB Queries
-------------------------------------  -----  ---------  --------  ----------  --------------  -------------------  ----------------------
/opt/airflow/dags/dss150p_pipeline.py                           1           0  0.34s           2026-09-23T14:44:20                      12
================================================================================
[2026-09-23T14:45:19.525+0000] {manager.py:997} INFO - 
================================================================================
DAG File Processing Stats

File Path                              PID    Runtime      # DAGs    # Errors  Last Runtime    Last Run               Last # of DB Queries
-------------------------------------  -----  ---------  --------  ----------  --------------  -------------------  ----------------------
/opt/airflow/dags/dss150p_pipeline.py                           1           0  0.32s           2026-09-23T14:44:51                      12
================================================================================
[2026-09-23T14:45:50.071+0000] {manager.py:997} INFO - 
================================================================================
DAG File Processing Stats

File Path                              PID    Runtime      # DAGs    # Errors  Last Runtime    Last Run               Last # of DB Queries
-------------------------------------  -----  ---------  --------  ----------  --------------  -------------------  ----------------------
/opt/airflow/dags/dss150p_pipeline.py                           1           0  0.63s           2026-09-23T14:45:22                      12
================================================================================
[2026-09-23T14:46:20.339+0000] {manager.py:997} INFO - 
================================================================================
DAG File Processing Stats

File Path                              PID    Runtime      # DAGs    # Errors  Last Runtime    Last Run               Last # of DB Queries
-------------------------------------  -----  ---------  --------  ----------  --------------  -------------------  ----------------------
/opt/airflow/dags/dss150p_pipeline.py                           1           0  0.43s           2026-09-23T14:45:52                      12
================================================================================
[2026-09-23T14:46:31.232+0000] {manager.py:821} INFO - Searching for files in /opt/airflow/dags
[2026-09-23T14:46:31.303+0000] {manager.py:824} INFO - There are 1 files in /opt/airflow/dags
[2026-09-23T14:46:50.611+0000] {manager.py:997} INFO - 
================================================================================
DAG File Processing Stats

File Path                              PID    Runtime      # DAGs    # Errors  Last Runtime    Last Run               Last # of DB Queries
-------------------------------------  -----  ---------  --------  ----------  --------------  -------------------  ----------------------
/opt/airflow/dags/dss150p_pipeline.py                           1           0  1.04s           2026-09-23T14:46:24                      12
================================================================================
[2026-09-23T14:47:21.032+0000] {manager.py:997} INFO - 
================================================================================
DAG File Processing Stats

File Path                              PID    Runtime      # DAGs    # Errors  Last Runtime    Last Run               Last # of DB Queries
-------------------------------------  -----  ---------  --------  ----------  --------------  -------------------  ----------------------
/opt/airflow/dags/dss150p_pipeline.py                           1           0  0.67s           2026-09-23T14:46:55                      12
================================================================================
[2026-09-23T14:47:51.264+0000] {manager.py:997} INFO - 
================================================================================
DAG File Processing Stats

File Path                              PID    Runtime      # DAGs    # Errors  Last Runtime    Last Run               Last # of DB Queries
-------------------------------------  -----  ---------  --------  ----------  --------------  -------------------  ----------------------
/opt/airflow/dags/dss150p_pipeline.py                           1           0  0.33s           2026-09-23T14:47:25                      12
================================================================================
[2026-09-23T14:48:21.590+0000] {manager.py:997} INFO - 
================================================================================
DAG File Processing Stats

File Path                              PID    Runtime      # DAGs    # Errors  Last Runtime    Last Run               Last # of DB Queries
-------------------------------------  -----  ---------  --------  ----------  --------------  -------------------  ----------------------
/opt/airflow/dags/dss150p_pipeline.py                           1           0  0.35s           2026-09-23T14:47:56                      12
================================================================================
[2026-09-23T14:48:51.700+0000] {manager.py:997} INFO - 
================================================================================
DAG File Processing Stats

File Path                              PID    Runtime      # DAGs    # Errors  Last Runtime    Last Run               Last # of DB Queries
-------------------------------------  -----  ---------  --------  ----------  --------------  -------------------  ----------------------
/opt/airflow/dags/dss150p_pipeline.py                           1           0  0.35s           2026-09-23T14:48:27                      12
================================================================================
[2026-09-23T14:49:21.998+0000] {manager.py:997} INFO - 
================================================================================
DAG File Processing Stats

File Path                              PID    Runtime      # DAGs    # Errors  Last Runtime    Last Run               Last # of DB Queries
-------------------------------------  -----  ---------  --------  ----------  --------------  -------------------  ----------------------
/opt/airflow/dags/dss150p_pipeline.py                           1           0  0.35s           2026-09-23T14:48:57                      12
================================================================================
[2026-09-23T14:49:52.531+0000] {manager.py:997} INFO - 
================================================================================
DAG File Processing Stats

File Path                              PID    Runtime      # DAGs    # Errors  Last Runtime    Last Run               Last # of DB Queries
-------------------------------------  -----  ---------  --------  ----------  --------------  -------------------  ----------------------
/opt/airflow/dags/dss150p_pipeline.py                           1           0  0.33s           2026-09-23T14:49:28                      12
================================================================================
[2026-09-23T14:50:22.981+0000] {manager.py:997} INFO - 
================================================================================
DAG File Processing Stats

File Path                              PID    Runtime      # DAGs    # Errors  Last Runtime    Last Run               Last # of DB Queries
-------------------------------------  -----  ---------  --------  ----------  --------------  -------------------  ----------------------
/opt/airflow/dags/dss150p_pipeline.py                           1           0  0.31s           2026-09-23T14:49:58                      12
================================================================================
[2026-09-23T14:50:53.469+0000] {manager.py:997} INFO - 
================================================================================
DAG File Processing Stats

File Path                              PID    Runtime      # DAGs    # Errors  Last Runtime    Last Run               Last # of DB Queries
-------------------------------------  -----  ---------  --------  ----------  --------------  -------------------  ----------------------
/opt/airflow/dags/dss150p_pipeline.py                           1           0  0.59s           2026-09-23T14:50:29                      12
================================================================================
[2026-09-23T14:51:23.548+0000] {manager.py:997} INFO - 
================================================================================
DAG File Processing Stats

File Path                              PID    Runtime      # DAGs    # Errors  Last Runtime    Last Run               Last # of DB Queries
-------------------------------------  -----  ---------  --------  ----------  --------------  -------------------  ----------------------
/opt/airflow/dags/dss150p_pipeline.py                           1           0  0.36s           2026-09-23T14:51:00                      12
================================================================================
[2026-09-23T14:51:31.651+0000] {manager.py:821} INFO - Searching for files in /opt/airflow/dags
[2026-09-23T14:51:31.708+0000] {manager.py:824} INFO - There are 1 files in /opt/airflow/dags
[2026-09-23T14:51:53.953+0000] {manager.py:997} INFO - 
================================================================================
DAG File Processing Stats

File Path                              PID    Runtime      # DAGs    # Errors  Last Runtime    Last Run               Last # of DB Queries
-------------------------------------  -----  ---------  --------  ----------  --------------  -------------------  ----------------------
/opt/airflow/dags/dss150p_pipeline.py                           1           0  0.30s           2026-09-23T14:51:30                      12
================================================================================
[2026-09-23T14:52:24.427+0000] {manager.py:997} INFO - 
================================================================================
DAG File Processing Stats

File Path                              PID    Runtime      # DAGs    # Errors  Last Runtime    Last Run               Last # of DB Queries
-------------------------------------  -----  ---------  --------  ----------  --------------  -------------------  ----------------------
/opt/airflow/dags/dss150p_pipeline.py                           1           0  0.32s           2026-09-23T14:52:01                      12
================================================================================
[2026-09-23T14:52:54.883+0000] {manager.py:997} INFO - 
================================================================================
DAG File Processing Stats

File Path                              PID    Runtime      # DAGs    # Errors  Last Runtime    Last Run               Last # of DB Queries
-------------------------------------  -----  ---------  --------  ----------  --------------  -------------------  ----------------------
/opt/airflow/dags/dss150p_pipeline.py                           1           0  0.28s           2026-09-23T14:52:31                      12
================================================================================
[2026-09-23T14:53:25.333+0000] {manager.py:997} INFO - 
================================================================================
DAG File Processing Stats

File Path                              PID    Runtime      # DAGs    # Errors  Last Runtime    Last Run               Last # of DB Queries
-------------------------------------  -----  ---------  --------  ----------  --------------  -------------------  ----------------------
/opt/airflow/dags/dss150p_pipeline.py                           1           0  0.45s           2026-09-23T14:53:02                      12
================================================================================
[2026-09-23T14:53:55.959+0000] {manager.py:997} INFO - 
================================================================================
DAG File Processing Stats

File Path                              PID    Runtime      # DAGs    # Errors  Last Runtime    Last Run               Last # of DB Queries
-------------------------------------  -----  ---------  --------  ----------  --------------  -------------------  ----------------------
/opt/airflow/dags/dss150p_pipeline.py                           1           0  0.29s           2026-09-23T14:53:33                      12
================================================================================
[2026-09-23T14:54:26.520+0000] {manager.py:997} INFO - 
================================================================================
DAG File Processing Stats

File Path                              PID    Runtime      # DAGs    # Errors  Last Runtime    Last Run               Last # of DB Queries
-------------------------------------  -----  ---------  --------  ----------  --------------  -------------------  ----------------------
/opt/airflow/dags/dss150p_pipeline.py                           1           0  0.30s           2026-09-23T14:54:03                      12
================================================================================
[2026-09-23T14:54:56.876+0000] {manager.py:997} INFO - 
================================================================================
DAG File Processing Stats

File Path                              PID    Runtime      # DAGs    # Errors  Last Runtime    Last Run               Last # of DB Queries
-------------------------------------  -----  ---------  --------  ----------  --------------  -------------------  ----------------------
/opt/airflow/dags/dss150p_pipeline.py                           1           0  0.30s           2026-09-23T14:54:33                      12
================================================================================
[2026-09-23T14:55:27.498+0000] {manager.py:997} INFO - 
================================================================================
DAG File Processing Stats

File Path                              PID    Runtime      # DAGs    # Errors  Last Runtime    Last Run               Last # of DB Queries
-------------------------------------  -----  ---------  --------  ----------  --------------  -------------------  ----------------------
/opt/airflow/dags/dss150p_pipeline.py                           1           0  0.37s           2026-09-23T14:55:04                      12
================================================================================
[2026-09-23T14:55:57.842+0000] {manager.py:997} INFO - 
================================================================================
DAG File Processing Stats

File Path                              PID    Runtime      # DAGs    # Errors  Last Runtime    Last Run               Last # of DB Queries
-------------------------------------  -----  ---------  --------  ----------  --------------  -------------------  ----------------------
/opt/airflow/dags/dss150p_pipeline.py                           1           0  0.29s           2026-09-23T14:55:34                      12
================================================================================
[2026-09-23T14:56:28.352+0000] {manager.py:997} INFO - 
================================================================================
DAG File Processing Stats

File Path                              PID    Runtime      # DAGs    # Errors  Last Runtime    Last Run               Last # of DB Queries
-------------------------------------  -----  ---------  --------  ----------  --------------  -------------------  ----------------------
/opt/airflow/dags/dss150p_pipeline.py                           1           0  0.35s           2026-09-23T14:56:05                      12
================================================================================
[2026-09-23T14:56:32.418+0000] {manager.py:821} INFO - Searching for files in /opt/airflow/dags
[2026-09-23T14:56:32.462+0000] {manager.py:824} INFO - There are 1 files in /opt/airflow/dags
[2026-09-23T14:56:58.800+0000] {manager.py:997} INFO - 
================================================================================
DAG File Processing Stats

File Path                              PID    Runtime      # DAGs    # Errors  Last Runtime    Last Run               Last # of DB Queries
-------------------------------------  -----  ---------  --------  ----------  --------------  -------------------  ----------------------
/opt/airflow/dags/dss150p_pipeline.py                           1           0  0.36s           2026-09-23T14:56:35                      12
================================================================================
[2026-09-23T14:57:29.440+0000] {manager.py:997} INFO - 
================================================================================
DAG File Processing Stats

File Path                              PID    Runtime      # DAGs    # Errors  Last Runtime    Last Run               Last # of DB Queries
-------------------------------------  -----  ---------  --------  ----------  --------------  -------------------  ----------------------
/opt/airflow/dags/dss150p_pipeline.py                           1           0  0.31s           2026-09-23T14:57:06                      12
================================================================================
[2026-09-23T14:58:00.041+0000] {manager.py:997} INFO - 
================================================================================
DAG File Processing Stats

File Path                              PID    Runtime      # DAGs    # Errors  Last Runtime    Last Run               Last # of DB Queries
-------------------------------------  -----  ---------  --------  ----------  --------------  -------------------  ----------------------
/opt/airflow/dags/dss150p_pipeline.py                           1           0  0.38s           2026-09-23T14:57:37                      12
================================================================================
[2026-09-23T14:58:30.793+0000] {manager.py:997} INFO - 
================================================================================
DAG File Processing Stats

File Path                              PID    Runtime      # DAGs    # Errors  Last Runtime    Last Run               Last # of DB Queries
-------------------------------------  -----  ---------  --------  ----------  --------------  -------------------  ----------------------
/opt/airflow/dags/dss150p_pipeline.py                           1           0  0.30s           2026-09-23T14:58:07                      12
================================================================================
[2026-09-23T14:59:01.417+0000] {manager.py:997} INFO - 
================================================================================
DAG File Processing Stats

File Path                              PID    Runtime      # DAGs    # Errors  Last Runtime    Last Run               Last # of DB Queries
-------------------------------------  -----  ---------  --------  ----------  --------------  -------------------  ----------------------
/opt/airflow/dags/dss150p_pipeline.py                           1           0  0.35s           2026-09-23T14:58:38                      12
================================================================================
[2026-09-23T14:59:31.866+0000] {manager.py:997} INFO - 
================================================================================
DAG File Processing Stats

File Path                              PID    Runtime      # DAGs    # Errors  Last Runtime    Last Run               Last # of DB Queries
-------------------------------------  -----  ---------  --------  ----------  --------------  -------------------  ----------------------
/opt/airflow/dags/dss150p_pipeline.py                           1           0  0.32s           2026-09-23T14:59:08                      12
================================================================================
[2026-09-23T15:00:02.422+0000] {manager.py:997} INFO - 
================================================================================
DAG File Processing Stats

File Path                              PID    Runtime      # DAGs    # Errors  Last Runtime    Last Run               Last # of DB Queries
-------------------------------------  -----  ---------  --------  ----------  --------------  -------------------  ----------------------
/opt/airflow/dags/dss150p_pipeline.py                           1           0  0.31s           2026-09-23T14:59:39                      12
================================================================================
[2026-09-23T15:00:32.460+0000] {manager.py:997} INFO - 
================================================================================
DAG File Processing Stats

File Path                              PID    Runtime      # DAGs    # Errors  Last Runtime    Last Run               Last # of DB Queries
-------------------------------------  -----  ---------  --------  ----------  --------------  -------------------  ----------------------
/opt/airflow/dags/dss150p_pipeline.py                           1           0  0.68s           2026-09-23T15:00:10                      12
================================================================================
[2026-09-23T15:01:03.187+0000] {manager.py:997} INFO - 
================================================================================
DAG File Processing Stats

File Path                              PID    Runtime      # DAGs    # Errors  Last Runtime    Last Run               Last # of DB Queries
-------------------------------------  -----  ---------  --------  ----------  --------------  -------------------  ----------------------
/opt/airflow/dags/dss150p_pipeline.py                           1           0  0.38s           2026-09-23T15:00:40                      12
================================================================================
[2026-09-23T15:01:32.547+0000] {manager.py:821} INFO - Searching for files in /opt/airflow/dags
[2026-09-23T15:01:32.753+0000] {manager.py:824} INFO - There are 1 files in /opt/airflow/dags
[2026-09-23T15:01:33.815+0000] {manager.py:997} INFO - 
================================================================================
DAG File Processing Stats

File Path                              PID    Runtime      # DAGs    # Errors  Last Runtime    Last Run               Last # of DB Queries
-------------------------------------  -----  ---------  --------  ----------  --------------  -------------------  ----------------------
/opt/airflow/dags/dss150p_pipeline.py                           1           0  0.33s           2026-09-23T15:01:11                      12
================================================================================
[2026-09-23T15:02:04.159+0000] {manager.py:997} INFO - 
================================================================================
DAG File Processing Stats

File Path                              PID    Runtime      # DAGs    # Errors  Last Runtime    Last Run               Last # of DB Queries
-------------------------------------  -----  ---------  --------  ----------  --------------  -------------------  ----------------------
/opt/airflow/dags/dss150p_pipeline.py                           1           0  0.37s           2026-09-23T15:01:42                      12
================================================================================
[2026-09-23T15:02:34.226+0000] {manager.py:997} INFO - 
================================================================================
DAG File Processing Stats

File Path                              PID    Runtime      # DAGs    # Errors  Last Runtime    Last Run               Last # of DB Queries
-------------------------------------  -----  ---------  --------  ----------  --------------  -------------------  ----------------------
/opt/airflow/dags/dss150p_pipeline.py                           1           0  0.42s           2026-09-23T15:02:12                      12
================================================================================
[2026-09-23T15:03:04.529+0000] {manager.py:997} INFO - 
================================================================================
DAG File Processing Stats

File Path                              PID    Runtime      # DAGs    # Errors  Last Runtime    Last Run               Last # of DB Queries
-------------------------------------  -----  ---------  --------  ----------  --------------  -------------------  ----------------------
/opt/airflow/dags/dss150p_pipeline.py                           1           0  0.40s           2026-09-23T15:02:43                      12
================================================================================
[2026-09-23T15:03:34.674+0000] {manager.py:997} INFO - 
================================================================================
DAG File Processing Stats

File Path                              PID    Runtime      # DAGs    # Errors  Last Runtime    Last Run               Last # of DB Queries
-------------------------------------  -----  ---------  --------  ----------  --------------  -------------------  ----------------------
/opt/airflow/dags/dss150p_pipeline.py                           1           0  0.44s           2026-09-23T15:03:14                      12
================================================================================
[2026-09-23T15:04:04.816+0000] {manager.py:997} INFO - 
================================================================================
DAG File Processing Stats

File Path                              PID    Runtime      # DAGs    # Errors  Last Runtime    Last Run               Last # of DB Queries
-------------------------------------  -----  ---------  --------  ----------  --------------  -------------------  ----------------------
/opt/airflow/dags/dss150p_pipeline.py                           1           0  0.76s           2026-09-23T15:03:45                      12
================================================================================
[2026-09-23T15:04:34.963+0000] {manager.py:997} INFO - 
================================================================================
DAG File Processing Stats

File Path                              PID    Runtime      # DAGs    # Errors  Last Runtime    Last Run               Last # of DB Queries
-------------------------------------  -----  ---------  --------  ----------  --------------  -------------------  ----------------------
/opt/airflow/dags/dss150p_pipeline.py                           1           0  0.96s           2026-09-23T15:04:16                      12
================================================================================
[2026-09-23T15:05:05.442+0000] {manager.py:997} INFO - 
================================================================================
DAG File Processing Stats

File Path                              PID    Runtime      # DAGs    # Errors  Last Runtime    Last Run               Last # of DB Queries
-------------------------------------  -----  ---------  --------  ----------  --------------  -------------------  ----------------------
/opt/airflow/dags/dss150p_pipeline.py                           1           0  0.34s           2026-09-23T15:04:47                      12
================================================================================
[2026-09-23T15:05:35.865+0000] {manager.py:997} INFO - 
================================================================================
DAG File Processing Stats

File Path                              PID    Runtime      # DAGs    # Errors  Last Runtime    Last Run               Last # of DB Queries
-------------------------------------  -----  ---------  --------  ----------  --------------  -------------------  ----------------------
/opt/airflow/dags/dss150p_pipeline.py                           1           0  0.46s           2026-09-23T15:05:18                      12
================================================================================
[2026-09-23T15:06:06.072+0000] {manager.py:997} INFO - 
================================================================================
DAG File Processing Stats

File Path                              PID    Runtime      # DAGs    # Errors  Last Runtime    Last Run               Last # of DB Queries
-------------------------------------  -----  ---------  --------  ----------  --------------  -------------------  ----------------------
/opt/airflow/dags/dss150p_pipeline.py                           1           0  0.58s           2026-09-23T15:05:48                      12
================================================================================
[2026-09-23T15:06:32.840+0000] {manager.py:821} INFO - Searching for files in /opt/airflow/dags
[2026-09-23T15:06:32.891+0000] {manager.py:824} INFO - There are 1 files in /opt/airflow/dags
[2026-09-23T15:06:36.980+0000] {manager.py:997} INFO - 
================================================================================
DAG File Processing Stats

File Path                              PID    Runtime      # DAGs    # Errors  Last Runtime    Last Run               Last # of DB Queries
-------------------------------------  -----  ---------  --------  ----------  --------------  -------------------  ----------------------
/opt/airflow/dags/dss150p_pipeline.py                           1           0  0.45s           2026-09-23T15:06:19                      12
================================================================================
[2026-09-23T15:07:07.373+0000] {manager.py:997} INFO - 
================================================================================
DAG File Processing Stats

File Path                              PID    Runtime      # DAGs    # Errors  Last Runtime    Last Run               Last # of DB Queries
-------------------------------------  -----  ---------  --------  ----------  --------------  -------------------  ----------------------
/opt/airflow/dags/dss150p_pipeline.py                           1           0  0.37s           2026-09-23T15:06:50                      12
================================================================================
[2026-09-23T15:07:37.442+0000] {manager.py:997} INFO - 
================================================================================
DAG File Processing Stats

File Path                              PID    Runtime      # DAGs    # Errors  Last Runtime    Last Run               Last # of DB Queries
-------------------------------------  -----  ---------  --------  ----------  --------------  -------------------  ----------------------
/opt/airflow/dags/dss150p_pipeline.py                           1           0  0.45s           2026-09-23T15:07:21                      12
================================================================================
[2026-09-23T15:08:08.380+0000] {manager.py:997} INFO - 
================================================================================
DAG File Processing Stats

File Path                              PID    Runtime      # DAGs    # Errors  Last Runtime    Last Run               Last # of DB Queries
-------------------------------------  -----  ---------  --------  ----------  --------------  -------------------  ----------------------
/opt/airflow/dags/dss150p_pipeline.py                           1           0  0.57s           2026-09-23T15:07:52                      12
================================================================================
[2026-09-23T15:08:38.932+0000] {manager.py:997} INFO - 
================================================================================
DAG File Processing Stats

File Path                              PID    Runtime      # DAGs    # Errors  Last Runtime    Last Run               Last # of DB Queries
-------------------------------------  -----  ---------  --------  ----------  --------------  -------------------  ----------------------
/opt/airflow/dags/dss150p_pipeline.py                           1           0  0.36s           2026-09-23T15:08:22                      12
================================================================================
[2026-09-23T15:09:09.192+0000] {manager.py:997} INFO - 
================================================================================
DAG File Processing Stats

File Path                              PID    Runtime      # DAGs    # Errors  Last Runtime    Last Run               Last # of DB Queries
-------------------------------------  -----  ---------  --------  ----------  --------------  -------------------  ----------------------
/opt/airflow/dags/dss150p_pipeline.py                           1           0  1.70s           2026-09-23T15:08:54                      12
================================================================================
[2026-09-23T15:09:39.307+0000] {manager.py:997} INFO - 
================================================================================
DAG File Processing Stats

File Path                              PID    Runtime      # DAGs    # Errors  Last Runtime    Last Run               Last # of DB Queries
-------------------------------------  -----  ---------  --------  ----------  --------------  -------------------  ----------------------
/opt/airflow/dags/dss150p_pipeline.py                           1           0  0.62s           2026-09-23T15:09:26                      12
================================================================================
[2026-09-23T15:10:09.598+0000] {manager.py:997} INFO - 
================================================================================
DAG File Processing Stats

File Path                              PID    Runtime      # DAGs    # Errors  Last Runtime    Last Run               Last # of DB Queries
-------------------------------------  -----  ---------  --------  ----------  --------------  -------------------  ----------------------
/opt/airflow/dags/dss150p_pipeline.py                           1           0  0.36s           2026-09-23T15:09:56                      12
================================================================================
[2026-09-23T15:10:40.119+0000] {manager.py:997} INFO - 
================================================================================
DAG File Processing Stats

File Path                              PID    Runtime      # DAGs    # Errors  Last Runtime    Last Run               Last # of DB Queries
-------------------------------------  -----  ---------  --------  ----------  --------------  -------------------  ----------------------
/opt/airflow/dags/dss150p_pipeline.py                           1           0  0.32s           2026-09-23T15:10:27                      12
================================================================================
[2026-09-23T15:11:10.557+0000] {manager.py:997} INFO - 
================================================================================
DAG File Processing Stats

File Path                              PID    Runtime      # DAGs    # Errors  Last Runtime    Last Run               Last # of DB Queries
-------------------------------------  -----  ---------  --------  ----------  --------------  -------------------  ----------------------
/opt/airflow/dags/dss150p_pipeline.py                           1           0  0.30s           2026-09-23T15:10:57                      12
================================================================================
[2026-09-23T15:11:32.936+0000] {manager.py:821} INFO - Searching for files in /opt/airflow/dags
[2026-09-23T15:11:32.979+0000] {manager.py:824} INFO - There are 1 files in /opt/airflow/dags
[2026-09-23T15:11:41.106+0000] {manager.py:997} INFO - 
================================================================================
DAG File Processing Stats

File Path                              PID    Runtime      # DAGs    # Errors  Last Runtime    Last Run               Last # of DB Queries
-------------------------------------  -----  ---------  --------  ----------  --------------  -------------------  ----------------------
/opt/airflow/dags/dss150p_pipeline.py                           1           0  0.34s           2026-09-23T15:11:28                      12
================================================================================
[2026-09-23T15:12:11.472+0000] {manager.py:997} INFO - 
================================================================================
DAG File Processing Stats

File Path                              PID    Runtime      # DAGs    # Errors  Last Runtime    Last Run               Last # of DB Queries
-------------------------------------  -----  ---------  --------  ----------  --------------  -------------------  ----------------------
/opt/airflow/dags/dss150p_pipeline.py                           1           0  0.35s           2026-09-23T15:11:58                      12
================================================================================
[2026-09-23T15:12:42.057+0000] {manager.py:997} INFO - 
================================================================================
DAG File Processing Stats

File Path                              PID    Runtime      # DAGs    # Errors  Last Runtime    Last Run               Last # of DB Queries
-------------------------------------  -----  ---------  --------  ----------  --------------  -------------------  ----------------------
/opt/airflow/dags/dss150p_pipeline.py                           1           0  0.30s           2026-09-23T15:12:29                      12
================================================================================
[2026-09-23T15:13:12.629+0000] {manager.py:997} INFO - 
================================================================================
DAG File Processing Stats

File Path                              PID    Runtime      # DAGs    # Errors  Last Runtime    Last Run               Last # of DB Queries
-------------------------------------  -----  ---------  --------  ----------  --------------  -------------------  ----------------------
/opt/airflow/dags/dss150p_pipeline.py                           1           0  0.33s           2026-09-23T15:12:59                      12
================================================================================
[2026-09-23T15:13:42.832+0000] {manager.py:997} INFO - 
================================================================================
DAG File Processing Stats

File Path                              PID    Runtime      # DAGs    # Errors  Last Runtime    Last Run               Last # of DB Queries
-------------------------------------  -----  ---------  --------  ----------  --------------  -------------------  ----------------------
/opt/airflow/dags/dss150p_pipeline.py                           1           0  0.54s           2026-09-23T15:13:30                      12
================================================================================
[2026-09-23T15:14:13.169+0000] {manager.py:997} INFO - 
================================================================================
DAG File Processing Stats

File Path                              PID    Runtime      # DAGs    # Errors  Last Runtime    Last Run               Last # of DB Queries
-------------------------------------  -----  ---------  --------  ----------  --------------  -------------------  ----------------------
/opt/airflow/dags/dss150p_pipeline.py                           1           0  0.45s           2026-09-23T15:14:01                      12
================================================================================
[2026-09-23T15:14:43.488+0000] {manager.py:997} INFO - 
================================================================================
DAG File Processing Stats

File Path                              PID    Runtime      # DAGs    # Errors  Last Runtime    Last Run               Last # of DB Queries
-------------------------------------  -----  ---------  --------  ----------  --------------  -------------------  ----------------------
/opt/airflow/dags/dss150p_pipeline.py                           1           0  0.77s           2026-09-23T15:14:32                      12
================================================================================
[2026-09-23T15:15:14.045+0000] {manager.py:997} INFO - 
================================================================================
DAG File Processing Stats

File Path                              PID    Runtime      # DAGs    # Errors  Last Runtime    Last Run               Last # of DB Queries
-------------------------------------  -----  ---------  --------  ----------  --------------  -------------------  ----------------------
/opt/airflow/dags/dss150p_pipeline.py                           1           0  0.54s           2026-09-23T15:15:03                      12
================================================================================
[2026-09-23T15:15:44.630+0000] {manager.py:997} INFO - 
================================================================================
DAG File Processing Stats

File Path                              PID    Runtime      # DAGs    # Errors  Last Runtime    Last Run               Last # of DB Queries
-------------------------------------  -----  ---------  --------  ----------  --------------  -------------------  ----------------------
/opt/airflow/dags/dss150p_pipeline.py                           1           0  0.36s           2026-09-23T15:15:33                      12
================================================================================
[2026-09-23T15:16:15.055+0000] {manager.py:997} INFO - 
================================================================================
DAG File Processing Stats

File Path                              PID    Runtime      # DAGs    # Errors  Last Runtime    Last Run               Last # of DB Queries
-------------------------------------  -----  ---------  --------  ----------  --------------  -------------------  ----------------------
/opt/airflow/dags/dss150p_pipeline.py                           1           0  0.42s           2026-09-23T15:16:04                      12
================================================================================
[2026-09-23T15:16:33.237+0000] {manager.py:821} INFO - Searching for files in /opt/airflow/dags
[2026-09-23T15:16:33.414+0000] {manager.py:824} INFO - There are 1 files in /opt/airflow/dags
[2026-09-23T15:16:45.713+0000] {manager.py:997} INFO - 
================================================================================
DAG File Processing Stats

File Path                              PID    Runtime      # DAGs    # Errors  Last Runtime    Last Run               Last # of DB Queries
-------------------------------------  -----  ---------  --------  ----------  --------------  -------------------  ----------------------
/opt/airflow/dags/dss150p_pipeline.py                           1           0  0.46s           2026-09-23T15:16:34                      12
================================================================================
[2026-09-23T15:17:15.870+0000] {manager.py:997} INFO - 
================================================================================
DAG File Processing Stats

File Path                              PID    Runtime      # DAGs    # Errors  Last Runtime    Last Run               Last # of DB Queries
-------------------------------------  -----  ---------  --------  ----------  --------------  -------------------  ----------------------
/opt/airflow/dags/dss150p_pipeline.py                           1           0  0.51s           2026-09-23T15:17:05                      12
================================================================================
[2026-09-23T15:17:46.165+0000] {manager.py:997} INFO - 
================================================================================
DAG File Processing Stats

File Path                              PID    Runtime      # DAGs    # Errors  Last Runtime    Last Run               Last # of DB Queries
-------------------------------------  -----  ---------  --------  ----------  --------------  -------------------  ----------------------
/opt/airflow/dags/dss150p_pipeline.py                           1           0  0.42s           2026-09-23T15:17:36                      12
================================================================================
[2026-09-23T15:18:16.356+0000] {manager.py:997} INFO - 
================================================================================
DAG File Processing Stats

File Path                              PID    Runtime      # DAGs    # Errors  Last Runtime    Last Run               Last # of DB Queries
-------------------------------------  -----  ---------  --------  ----------  --------------  -------------------  ----------------------
/opt/airflow/dags/dss150p_pipeline.py                           1           0  0.43s           2026-09-23T15:18:07                      12
================================================================================
[2026-09-23T15:18:46.722+0000] {manager.py:997} INFO - 
================================================================================
DAG File Processing Stats

File Path                              PID    Runtime      # DAGs    # Errors  Last Runtime    Last Run               Last # of DB Queries
-------------------------------------  -----  ---------  --------  ----------  --------------  -------------------  ----------------------
/opt/airflow/dags/dss150p_pipeline.py                           1           0  0.53s           2026-09-23T15:18:38                      12
================================================================================
[2026-09-23T15:19:16.994+0000] {manager.py:997} INFO - 
================================================================================
DAG File Processing Stats

File Path                              PID    Runtime      # DAGs    # Errors  Last Runtime    Last Run               Last # of DB Queries
-------------------------------------  -----  ---------  --------  ----------  --------------  -------------------  ----------------------
/opt/airflow/dags/dss150p_pipeline.py                           1           0  0.43s           2026-09-23T15:19:08                      12
================================================================================
[2026-09-23T15:19:47.356+0000] {manager.py:997} INFO - 
================================================================================
DAG File Processing Stats

File Path                              PID    Runtime      # DAGs    # Errors  Last Runtime    Last Run               Last # of DB Queries
-------------------------------------  -----  ---------  --------  ----------  --------------  -------------------  ----------------------
/opt/airflow/dags/dss150p_pipeline.py                           1           0  1.06s           2026-09-23T15:19:40                      12
================================================================================
[2026-09-23T15:20:17.705+0000] {manager.py:997} INFO - 
================================================================================
DAG File Processing Stats

File Path                              PID    Runtime      # DAGs    # Errors  Last Runtime    Last Run               Last # of DB Queries
-------------------------------------  -----  ---------  --------  ----------  --------------  -------------------  ----------------------
/opt/airflow/dags/dss150p_pipeline.py                           1           0  0.66s           2026-09-23T15:20:11                      12
================================================================================
[2026-09-23T15:20:48.012+0000] {manager.py:997} INFO - 
================================================================================
DAG File Processing Stats

File Path                              PID    Runtime      # DAGs    # Errors  Last Runtime    Last Run               Last # of DB Queries
-------------------------------------  -----  ---------  --------  ----------  --------------  -------------------  ----------------------
/opt/airflow/dags/dss150p_pipeline.py                           1           0  0.37s           2026-09-23T15:20:41                      12
================================================================================
[2026-09-23T15:21:18.312+0000] {manager.py:997} INFO - 
================================================================================
DAG File Processing Stats

File Path                              PID    Runtime      # DAGs    # Errors  Last Runtime    Last Run               Last # of DB Queries
-------------------------------------  -----  ---------  --------  ----------  --------------  -------------------  ----------------------
/opt/airflow/dags/dss150p_pipeline.py                           1           0  0.51s           2026-09-23T15:21:12                      12
================================================================================
[2026-09-23T15:21:33.451+0000] {manager.py:821} INFO - Searching for files in /opt/airflow/dags
[2026-09-23T15:21:33.484+0000] {manager.py:824} INFO - There are 1 files in /opt/airflow/dags
[2026-09-23T15:21:48.454+0000] {manager.py:997} INFO - 
================================================================================
DAG File Processing Stats

File Path                              PID    Runtime      # DAGs    # Errors  Last Runtime    Last Run               Last # of DB Queries
-------------------------------------  -----  ---------  --------  ----------  --------------  -------------------  ----------------------
/opt/airflow/dags/dss150p_pipeline.py                           1           0  0.33s           2026-09-23T15:21:43                      12
================================================================================
[2026-09-23T15:22:18.785+0000] {manager.py:997} INFO - 
================================================================================
DAG File Processing Stats

File Path                              PID    Runtime      # DAGs    # Errors  Last Runtime    Last Run               Last # of DB Queries
-------------------------------------  -----  ---------  --------  ----------  --------------  -------------------  ----------------------
/opt/airflow/dags/dss150p_pipeline.py                           1           0  0.52s           2026-09-23T15:22:14                      12
================================================================================
[2026-09-23T15:22:48.933+0000] {manager.py:997} INFO - 
================================================================================
DAG File Processing Stats

File Path                              PID    Runtime      # DAGs    # Errors  Last Runtime    Last Run               Last # of DB Queries
-------------------------------------  -----  ---------  --------  ----------  --------------  -------------------  ----------------------
/opt/airflow/dags/dss150p_pipeline.py                           1           0  0.33s           2026-09-23T15:22:44                      12
================================================================================
[2026-09-23T15:23:19.242+0000] {manager.py:997} INFO - 
================================================================================
DAG File Processing Stats

File Path                              PID    Runtime      # DAGs    # Errors  Last Runtime    Last Run               Last # of DB Queries
-------------------------------------  -----  ---------  --------  ----------  --------------  -------------------  ----------------------
/opt/airflow/dags/dss150p_pipeline.py                           1           0  0.38s           2026-09-23T15:23:15                      12
================================================================================
[2026-09-23T15:23:49.361+0000] {manager.py:997} INFO - 
================================================================================
DAG File Processing Stats

File Path                              PID    Runtime      # DAGs    # Errors  Last Runtime    Last Run               Last # of DB Queries
-------------------------------------  -----  ---------  --------  ----------  --------------  -------------------  ----------------------
/opt/airflow/dags/dss150p_pipeline.py                           1           0  0.39s           2026-09-23T15:23:46                      12
================================================================================
[2026-09-23T15:24:19.709+0000] {manager.py:997} INFO - 
================================================================================
DAG File Processing Stats

File Path                              PID    Runtime      # DAGs    # Errors  Last Runtime    Last Run               Last # of DB Queries
-------------------------------------  -----  ---------  --------  ----------  --------------  -------------------  ----------------------
/opt/airflow/dags/dss150p_pipeline.py                           1           0  0.30s           2026-09-23T15:24:16                      12
================================================================================
[2026-09-23T15:24:50.256+0000] {manager.py:997} INFO - 
================================================================================
DAG File Processing Stats

File Path                              PID    Runtime      # DAGs    # Errors  Last Runtime    Last Run               Last # of DB Queries
-------------------------------------  -----  ---------  --------  ----------  --------------  -------------------  ----------------------
/opt/airflow/dags/dss150p_pipeline.py                           1           0  0.34s           2026-09-23T15:24:47                      12
================================================================================
[2026-09-23T15:25:20.656+0000] {manager.py:997} INFO - 
================================================================================
DAG File Processing Stats

File Path                              PID    Runtime      # DAGs    # Errors  Last Runtime    Last Run               Last # of DB Queries
-------------------------------------  -----  ---------  --------  ----------  --------------  -------------------  ----------------------
/opt/airflow/dags/dss150p_pipeline.py                           1           0  0.36s           2026-09-23T15:25:17                      12
================================================================================
[2026-09-23T15:25:51.246+0000] {manager.py:997} INFO - 
================================================================================
DAG File Processing Stats

File Path                              PID    Runtime      # DAGs    # Errors  Last Runtime    Last Run               Last # of DB Queries
-------------------------------------  -----  ---------  --------  ----------  --------------  -------------------  ----------------------
/opt/airflow/dags/dss150p_pipeline.py                           1           0  0.35s           2026-09-23T15:25:48                      12
================================================================================
[2026-09-23T15:26:21.649+0000] {manager.py:997} INFO - 
================================================================================
DAG File Processing Stats

File Path                              PID    Runtime      # DAGs    # Errors  Last Runtime    Last Run               Last # of DB Queries
-------------------------------------  -----  ---------  --------  ----------  --------------  -------------------  ----------------------
/opt/airflow/dags/dss150p_pipeline.py                           1           0  0.36s           2026-09-23T15:26:18                      12
================================================================================
[2026-09-23T15:26:33.785+0000] {manager.py:821} INFO - Searching for files in /opt/airflow/dags
[2026-09-23T15:26:33.826+0000] {manager.py:824} INFO - There are 1 files in /opt/airflow/dags
[2026-09-23T15:26:52.232+0000] {manager.py:997} INFO - 
================================================================================
DAG File Processing Stats

File Path                              PID    Runtime      # DAGs    # Errors  Last Runtime    Last Run               Last # of DB Queries
-------------------------------------  -----  ---------  --------  ----------  --------------  -------------------  ----------------------
/opt/airflow/dags/dss150p_pipeline.py                           1           0  0.46s           2026-09-23T15:26:49                      12
================================================================================
[2026-09-23T15:27:22.789+0000] {manager.py:997} INFO - 
================================================================================
DAG File Processing Stats

File Path                              PID    Runtime      # DAGs    # Errors  Last Runtime    Last Run               Last # of DB Queries
-------------------------------------  -----  ---------  --------  ----------  --------------  -------------------  ----------------------
/opt/airflow/dags/dss150p_pipeline.py                           1           0  0.33s           2026-09-23T15:27:19                      12
================================================================================
[2026-09-23T15:27:53.138+0000] {manager.py:997} INFO - 
================================================================================
DAG File Processing Stats

File Path                              PID    Runtime      # DAGs    # Errors  Last Runtime    Last Run               Last # of DB Queries
-------------------------------------  -----  ---------  --------  ----------  --------------  -------------------  ----------------------
/opt/airflow/dags/dss150p_pipeline.py                           1           0  0.29s           2026-09-23T15:27:50                      12
================================================================================
[2026-09-23T15:28:23.690+0000] {manager.py:997} INFO - 
================================================================================
DAG File Processing Stats

File Path                              PID    Runtime      # DAGs    # Errors  Last Runtime    Last Run               Last # of DB Queries
-------------------------------------  -----  ---------  --------  ----------  --------------  -------------------  ----------------------
/opt/airflow/dags/dss150p_pipeline.py                           1           0  0.30s           2026-09-23T15:28:20                      12
================================================================================
[2026-09-23T15:28:54.049+0000] {manager.py:997} INFO - 
================================================================================
DAG File Processing Stats

File Path                              PID    Runtime      # DAGs    # Errors  Last Runtime    Last Run               Last # of DB Queries
-------------------------------------  -----  ---------  --------  ----------  --------------  -------------------  ----------------------
/opt/airflow/dags/dss150p_pipeline.py                           1           0  0.34s           2026-09-23T15:28:51                      12
================================================================================
[2026-09-23T15:29:24.676+0000] {manager.py:997} INFO - 
================================================================================
DAG File Processing Stats

File Path                              PID    Runtime      # DAGs    # Errors  Last Runtime    Last Run               Last # of DB Queries
-------------------------------------  -----  ---------  --------  ----------  --------------  -------------------  ----------------------
/opt/airflow/dags/dss150p_pipeline.py                           1           0  0.30s           2026-09-23T15:29:21                      12
================================================================================
[2026-09-23T15:29:55.263+0000] {manager.py:997} INFO - 
================================================================================
DAG File Processing Stats

File Path                              PID    Runtime      # DAGs    # Errors  Last Runtime    Last Run               Last # of DB Queries
-------------------------------------  -----  ---------  --------  ----------  --------------  -------------------  ----------------------
/opt/airflow/dags/dss150p_pipeline.py                           1           0  0.33s           2026-09-23T15:29:52                      12
================================================================================
[2026-09-23T15:30:25.875+0000] {manager.py:997} INFO - 
================================================================================
DAG File Processing Stats

File Path                              PID    Runtime      # DAGs    # Errors  Last Runtime    Last Run               Last # of DB Queries
-------------------------------------  -----  ---------  --------  ----------  --------------  -------------------  ----------------------
/opt/airflow/dags/dss150p_pipeline.py                           1           0  0.33s           2026-09-23T15:30:23                      12
================================================================================
[2026-09-23T15:30:55.958+0000] {manager.py:997} INFO - 
================================================================================
DAG File Processing Stats

File Path                              PID    Runtime      # DAGs    # Errors  Last Runtime    Last Run               Last # of DB Queries
-------------------------------------  -----  ---------  --------  ----------  --------------  -------------------  ----------------------
/opt/airflow/dags/dss150p_pipeline.py                           1           0  0.47s           2026-09-23T15:30:53                      12
================================================================================
[2026-09-23T15:31:26.820+0000] {manager.py:997} INFO - 
================================================================================
DAG File Processing Stats

File Path                              PID    Runtime      # DAGs    # Errors  Last Runtime    Last Run               Last # of DB Queries
-------------------------------------  -----  ---------  --------  ----------  --------------  -------------------  ----------------------
/opt/airflow/dags/dss150p_pipeline.py                           1           0  0.55s           2026-09-23T15:31:24                      12
================================================================================
[2026-09-23T15:31:33.900+0000] {manager.py:821} INFO - Searching for files in /opt/airflow/dags
[2026-09-23T15:31:33.938+0000] {manager.py:824} INFO - There are 1 files in /opt/airflow/dags
[2026-09-23T15:31:57.269+0000] {manager.py:997} INFO - 
================================================================================
DAG File Processing Stats

File Path                              PID    Runtime      # DAGs    # Errors  Last Runtime    Last Run               Last # of DB Queries
-------------------------------------  -----  ---------  --------  ----------  --------------  -------------------  ----------------------
/opt/airflow/dags/dss150p_pipeline.py                           1           0  0.33s           2026-09-23T15:31:55                      12
================================================================================
[2026-09-23T15:32:27.904+0000] {manager.py:997} INFO - 
================================================================================
DAG File Processing Stats

File Path                              PID    Runtime      # DAGs    # Errors  Last Runtime    Last Run               Last # of DB Queries
-------------------------------------  -----  ---------  --------  ----------  --------------  -------------------  ----------------------
/opt/airflow/dags/dss150p_pipeline.py                           1           0  0.31s           2026-09-23T15:32:26                      12
================================================================================
[2026-09-23T15:32:58.478+0000] {manager.py:997} INFO - 
================================================================================
DAG File Processing Stats

File Path                              PID    Runtime      # DAGs    # Errors  Last Runtime    Last Run               Last # of DB Queries
-------------------------------------  -----  ---------  --------  ----------  --------------  -------------------  ----------------------
/opt/airflow/dags/dss150p_pipeline.py                           1           0  0.31s           2026-09-23T15:32:56                      12
================================================================================
[2026-09-23T15:33:28.798+0000] {manager.py:997} INFO - 
================================================================================
DAG File Processing Stats

File Path                              PID    Runtime      # DAGs    # Errors  Last Runtime    Last Run               Last # of DB Queries
-------------------------------------  -----  ---------  --------  ----------  --------------  -------------------  ----------------------
/opt/airflow/dags/dss150p_pipeline.py                           1           0  0.31s           2026-09-23T15:33:27                      12
================================================================================
[2026-09-23T15:33:59.344+0000] {manager.py:997} INFO - 
================================================================================
DAG File Processing Stats

File Path                              PID    Runtime      # DAGs    # Errors  Last Runtime    Last Run               Last # of DB Queries
-------------------------------------  -----  ---------  --------  ----------  --------------  -------------------  ----------------------
/opt/airflow/dags/dss150p_pipeline.py                           1           0  0.37s           2026-09-23T15:33:57                      12
================================================================================
[2026-09-23T15:34:29.801+0000] {manager.py:997} INFO - 
================================================================================
DAG File Processing Stats

File Path                              PID    Runtime      # DAGs    # Errors  Last Runtime    Last Run               Last # of DB Queries
-------------------------------------  -----  ---------  --------  ----------  --------------  -------------------  ----------------------
/opt/airflow/dags/dss150p_pipeline.py                           1           0  0.49s           2026-09-23T15:34:28                      12
================================================================================
[2026-09-23T15:34:59.883+0000] {manager.py:997} INFO - 
================================================================================
DAG File Processing Stats

File Path                              PID    Runtime      # DAGs    # Errors  Last Runtime    Last Run               Last # of DB Queries
-------------------------------------  -----  ---------  --------  ----------  --------------  -------------------  ----------------------
/opt/airflow/dags/dss150p_pipeline.py                           1           0  0.34s           2026-09-23T15:34:58                      12
================================================================================
[2026-09-23T15:35:30.185+0000] {manager.py:997} INFO - 
================================================================================
DAG File Processing Stats

File Path                              PID    Runtime      # DAGs    # Errors  Last Runtime    Last Run               Last # of DB Queries
-------------------------------------  -----  ---------  --------  ----------  --------------  -------------------  ----------------------
/opt/airflow/dags/dss150p_pipeline.py                           1           0  0.33s           2026-09-23T15:35:29                      12
================================================================================
[2026-09-23T15:36:00.251+0000] {manager.py:997} INFO - 
================================================================================
DAG File Processing Stats

File Path                              PID    Runtime      # DAGs    # Errors  Last Runtime    Last Run               Last # of DB Queries
-------------------------------------  -----  ---------  --------  ----------  --------------  -------------------  ----------------------
/opt/airflow/dags/dss150p_pipeline.py                           1           0  0.48s           2026-09-23T15:36:00                      12
================================================================================
[2026-09-23T15:36:30.549+0000] {manager.py:997} INFO - 
================================================================================
DAG File Processing Stats

File Path                                PID  Runtime      # DAGs    # Errors  Last Runtime    Last Run               Last # of DB Queries
-------------------------------------  -----  ---------  --------  ----------  --------------  -------------------  ----------------------
/opt/airflow/dags/dss150p_pipeline.py   1461  0.01s             1           0  0.48s           2026-09-23T15:36:00                      12
================================================================================
[2026-09-23T15:36:34.593+0000] {manager.py:821} INFO - Searching for files in /opt/airflow/dags
[2026-09-23T15:36:34.631+0000] {manager.py:824} INFO - There are 1 files in /opt/airflow/dags
[2026-09-23T15:37:00.926+0000] {manager.py:997} INFO - 
================================================================================
DAG File Processing Stats

File Path                                PID  Runtime      # DAGs    # Errors  Last Runtime    Last Run               Last # of DB Queries
-------------------------------------  -----  ---------  --------  ----------  --------------  -------------------  ----------------------
/opt/airflow/dags/dss150p_pipeline.py   1466  0.01s             1           0  0.32s           2026-09-23T15:36:30                      12
================================================================================
[2026-09-23T15:37:31.463+0000] {manager.py:997} INFO - 
================================================================================
DAG File Processing Stats

File Path                                PID  Runtime      # DAGs    # Errors  Last Runtime    Last Run               Last # of DB Queries
-------------------------------------  -----  ---------  --------  ----------  --------------  -------------------  ----------------------
/opt/airflow/dags/dss150p_pipeline.py   1471  0.01s             1           0  0.35s           2026-09-23T15:37:01                      12
================================================================================
[2026-09-23T15:38:01.841+0000] {manager.py:997} INFO - 
================================================================================
DAG File Processing Stats

File Path                                PID  Runtime      # DAGs    # Errors  Last Runtime    Last Run               Last # of DB Queries
-------------------------------------  -----  ---------  --------  ----------  --------------  -------------------  ----------------------
/opt/airflow/dags/dss150p_pipeline.py   1482  0.01s             1           0  0.32s           2026-09-23T15:37:31                      12
================================================================================
[2026-09-23T15:38:32.387+0000] {manager.py:997} INFO - 
================================================================================
DAG File Processing Stats

File Path                                PID  Runtime      # DAGs    # Errors  Last Runtime    Last Run               Last # of DB Queries
-------------------------------------  -----  ---------  --------  ----------  --------------  -------------------  ----------------------
/opt/airflow/dags/dss150p_pipeline.py   1487  0.02s             1           0  0.36s           2026-09-23T15:38:02                      12
================================================================================
[2026-09-23T15:39:02.793+0000] {manager.py:997} INFO - 
================================================================================
DAG File Processing Stats

File Path                                PID  Runtime      # DAGs    # Errors  Last Runtime    Last Run               Last # of DB Queries
-------------------------------------  -----  ---------  --------  ----------  --------------  -------------------  ----------------------
/opt/airflow/dags/dss150p_pipeline.py   1492  0.02s             1           0  0.32s           2026-09-23T15:38:32                      12
================================================================================
[2026-09-23T15:39:33.295+0000] {manager.py:997} INFO - 
================================================================================
DAG File Processing Stats

File Path                                PID  Runtime      # DAGs    # Errors  Last Runtime    Last Run               Last # of DB Queries
-------------------------------------  -----  ---------  --------  ----------  --------------  -------------------  ----------------------
/opt/airflow/dags/dss150p_pipeline.py   1501  0.01s             1           0  0.30s           2026-09-23T15:39:03                      12
================================================================================
[2026-09-23T15:40:03.670+0000] {manager.py:997} INFO - 
================================================================================
DAG File Processing Stats

File Path                                PID  Runtime      # DAGs    # Errors  Last Runtime    Last Run               Last # of DB Queries
-------------------------------------  -----  ---------  --------  ----------  --------------  -------------------  ----------------------
/opt/airflow/dags/dss150p_pipeline.py   1506  0.01s             1           0  0.35s           2026-09-23T15:39:33                      12
================================================================================
[2026-09-23T15:40:34.252+0000] {manager.py:997} INFO - 
================================================================================
DAG File Processing Stats

File Path                                PID  Runtime      # DAGs    # Errors  Last Runtime    Last Run               Last # of DB Queries
-------------------------------------  -----  ---------  --------  ----------  --------------  -------------------  ----------------------
/opt/airflow/dags/dss150p_pipeline.py   1515  0.01s             1           0  0.43s           2026-09-23T15:40:04                      12
================================================================================
[2026-09-23T15:41:04.659+0000] {manager.py:997} INFO - 
================================================================================
DAG File Processing Stats

File Path                              PID    Runtime      # DAGs    # Errors  Last Runtime    Last Run               Last # of DB Queries
-------------------------------------  -----  ---------  --------  ----------  --------------  -------------------  ----------------------
/opt/airflow/dags/dss150p_pipeline.py                           1           0  0.43s           2026-09-23T15:40:34                      12
================================================================================
[2026-09-23T15:41:34.639+0000] {manager.py:821} INFO - Searching for files in /opt/airflow/dags
[2026-09-23T15:41:34.693+0000] {manager.py:824} INFO - There are 1 files in /opt/airflow/dags
[2026-09-23T15:41:34.728+0000] {manager.py:997} INFO - 
================================================================================
DAG File Processing Stats

File Path                              PID    Runtime      # DAGs    # Errors  Last Runtime    Last Run               Last # of DB Queries
-------------------------------------  -----  ---------  --------  ----------  --------------  -------------------  ----------------------
/opt/airflow/dags/dss150p_pipeline.py                           1           0  0.41s           2026-09-23T15:41:05                      12
================================================================================
[2026-09-23T15:42:05.049+0000] {manager.py:997} INFO - 
================================================================================
DAG File Processing Stats

File Path                              PID    Runtime      # DAGs    # Errors  Last Runtime    Last Run               Last # of DB Queries
-------------------------------------  -----  ---------  --------  ----------  --------------  -------------------  ----------------------
/opt/airflow/dags/dss150p_pipeline.py                           1           0  0.34s           2026-09-23T15:41:36                      12
================================================================================
[2026-09-23T15:42:35.696+0000] {manager.py:997} INFO - 
================================================================================
DAG File Processing Stats

File Path                              PID    Runtime      # DAGs    # Errors  Last Runtime    Last Run               Last # of DB Queries
-------------------------------------  -----  ---------  --------  ----------  --------------  -------------------  ----------------------
/opt/airflow/dags/dss150p_pipeline.py                           1           0  0.31s           2026-09-23T15:42:06                      12
================================================================================
[2026-09-23T15:43:06.268+0000] {manager.py:997} INFO - 
================================================================================
DAG File Processing Stats

File Path                              PID    Runtime      # DAGs    # Errors  Last Runtime    Last Run               Last # of DB Queries
-------------------------------------  -----  ---------  --------  ----------  --------------  -------------------  ----------------------
/opt/airflow/dags/dss150p_pipeline.py                           1           0  0.38s           2026-09-23T15:42:37                      12
================================================================================
[2026-09-23T15:43:36.663+0000] {manager.py:997} INFO - 
================================================================================
DAG File Processing Stats

File Path                              PID    Runtime      # DAGs    # Errors  Last Runtime    Last Run               Last # of DB Queries
-------------------------------------  -----  ---------  --------  ----------  --------------  -------------------  ----------------------
/opt/airflow/dags/dss150p_pipeline.py                           1           0  0.32s           2026-09-23T15:43:07                      12
================================================================================
[2026-09-23T15:44:07.223+0000] {manager.py:997} INFO - 
================================================================================
DAG File Processing Stats

File Path                              PID    Runtime      # DAGs    # Errors  Last Runtime    Last Run               Last # of DB Queries
-------------------------------------  -----  ---------  --------  ----------  --------------  -------------------  ----------------------
/opt/airflow/dags/dss150p_pipeline.py                           1           0  0.36s           2026-09-23T15:43:38                      12
================================================================================
[2026-09-23T15:44:37.636+0000] {manager.py:997} INFO - 
================================================================================
DAG File Processing Stats

File Path                              PID    Runtime      # DAGs    # Errors  Last Runtime    Last Run               Last # of DB Queries
-------------------------------------  -----  ---------  --------  ----------  --------------  -------------------  ----------------------
/opt/airflow/dags/dss150p_pipeline.py                           1           0  0.32s           2026-09-23T15:44:08                      12
================================================================================
[2026-09-23T15:45:08.246+0000] {manager.py:997} INFO - 
================================================================================
DAG File Processing Stats

File Path                              PID    Runtime      # DAGs    # Errors  Last Runtime    Last Run               Last # of DB Queries
-------------------------------------  -----  ---------  --------  ----------  --------------  -------------------  ----------------------
/opt/airflow/dags/dss150p_pipeline.py                           1           0  0.38s           2026-09-23T15:44:39                      12
================================================================================
[2026-09-23T15:45:38.631+0000] {manager.py:997} INFO - 
================================================================================
DAG File Processing Stats

File Path                              PID    Runtime      # DAGs    # Errors  Last Runtime    Last Run               Last # of DB Queries
-------------------------------------  -----  ---------  --------  ----------  --------------  -------------------  ----------------------
/opt/airflow/dags/dss150p_pipeline.py                           1           0  0.33s           2026-09-23T15:45:09                      12
================================================================================
[2026-09-23T15:46:09.187+0000] {manager.py:997} INFO - 
================================================================================
DAG File Processing Stats

File Path                              PID    Runtime      # DAGs    # Errors  Last Runtime    Last Run               Last # of DB Queries
-------------------------------------  -----  ---------  --------  ----------  --------------  -------------------  ----------------------
/opt/airflow/dags/dss150p_pipeline.py                           1           0  0.36s           2026-09-23T15:45:40                      12
================================================================================
[2026-09-23T15:46:34.702+0000] {manager.py:821} INFO - Searching for files in /opt/airflow/dags
[2026-09-23T15:46:34.738+0000] {manager.py:824} INFO - There are 1 files in /opt/airflow/dags
[2026-09-23T15:46:39.602+0000] {manager.py:997} INFO - 
================================================================================
DAG File Processing Stats

File Path                              PID    Runtime      # DAGs    # Errors  Last Runtime    Last Run               Last # of DB Queries
-------------------------------------  -----  ---------  --------  ----------  --------------  -------------------  ----------------------
/opt/airflow/dags/dss150p_pipeline.py                           1           0  0.29s           2026-09-23T15:46:10                      12
================================================================================
[2026-09-23T15:47:10.116+0000] {manager.py:997} INFO - 
================================================================================
DAG File Processing Stats

File Path                              PID    Runtime      # DAGs    # Errors  Last Runtime    Last Run               Last # of DB Queries
-------------------------------------  -----  ---------  --------  ----------  --------------  -------------------  ----------------------
/opt/airflow/dags/dss150p_pipeline.py                           1           0  0.46s           2026-09-23T15:46:41                      12
================================================================================
[2026-09-23T15:47:40.837+0000] {manager.py:997} INFO - 
================================================================================
DAG File Processing Stats

File Path                              PID    Runtime      # DAGs    # Errors  Last Runtime    Last Run               Last # of DB Queries
-------------------------------------  -----  ---------  --------  ----------  --------------  -------------------  ----------------------
/opt/airflow/dags/dss150p_pipeline.py                           1           0  0.34s           2026-09-23T15:47:11                      12
================================================================================
[2026-09-23T15:48:11.296+0000] {manager.py:997} INFO - 
================================================================================
DAG File Processing Stats

File Path                              PID    Runtime      # DAGs    # Errors  Last Runtime    Last Run               Last # of DB Queries
-------------------------------------  -----  ---------  --------  ----------  --------------  -------------------  ----------------------
/opt/airflow/dags/dss150p_pipeline.py                           1           0  0.57s           2026-09-23T15:47:42                      12
================================================================================
[2026-09-23T15:48:41.388+0000] {manager.py:997} INFO - 
================================================================================
DAG File Processing Stats

File Path                              PID    Runtime      # DAGs    # Errors  Last Runtime    Last Run               Last # of DB Queries
-------------------------------------  -----  ---------  --------  ----------  --------------  -------------------  ----------------------
/opt/airflow/dags/dss150p_pipeline.py                           1           0  0.34s           2026-09-23T15:48:13                      12
================================================================================
[2026-09-23T15:49:12.068+0000] {manager.py:997} INFO - 
================================================================================
DAG File Processing Stats

File Path                              PID    Runtime      # DAGs    # Errors  Last Runtime    Last Run               Last # of DB Queries
-------------------------------------  -----  ---------  --------  ----------  --------------  -------------------  ----------------------
/opt/airflow/dags/dss150p_pipeline.py                           1           0  1.05s           2026-09-23T15:48:44                      12
================================================================================
[2026-09-23T15:49:42.467+0000] {manager.py:997} INFO - 
================================================================================
DAG File Processing Stats

File Path                              PID    Runtime      # DAGs    # Errors  Last Runtime    Last Run               Last # of DB Queries
-------------------------------------  -----  ---------  --------  ----------  --------------  -------------------  ----------------------
/opt/airflow/dags/dss150p_pipeline.py                           1           0  0.36s           2026-09-23T15:49:15                      12
================================================================================
[2026-09-23T15:50:12.800+0000] {manager.py:997} INFO - 
================================================================================
DAG File Processing Stats

File Path                              PID    Runtime      # DAGs    # Errors  Last Runtime    Last Run               Last # of DB Queries
-------------------------------------  -----  ---------  --------  ----------  --------------  -------------------  ----------------------
/opt/airflow/dags/dss150p_pipeline.py                           1           0  0.37s           2026-09-23T15:49:45                      12
================================================================================
[2026-09-23T15:50:43.035+0000] {manager.py:997} INFO - 
================================================================================
DAG File Processing Stats

File Path                              PID    Runtime      # DAGs    # Errors  Last Runtime    Last Run               Last # of DB Queries
-------------------------------------  -----  ---------  --------  ----------  --------------  -------------------  ----------------------
/opt/airflow/dags/dss150p_pipeline.py                           1           0  0.58s           2026-09-23T15:50:16                      12
================================================================================
[2026-09-23T15:51:13.344+0000] {manager.py:997} INFO - 
================================================================================
DAG File Processing Stats

File Path                              PID    Runtime      # DAGs    # Errors  Last Runtime    Last Run               Last # of DB Queries
-------------------------------------  -----  ---------  --------  ----------  --------------  -------------------  ----------------------
/opt/airflow/dags/dss150p_pipeline.py                           1           0  0.32s           2026-09-23T15:50:47                      12
================================================================================
[2026-09-23T15:51:34.876+0000] {manager.py:821} INFO - Searching for files in /opt/airflow/dags
[2026-09-23T15:51:34.915+0000] {manager.py:824} INFO - There are 1 files in /opt/airflow/dags
[2026-09-23T15:51:43.456+0000] {manager.py:997} INFO - 
================================================================================
DAG File Processing Stats

File Path                              PID    Runtime      # DAGs    # Errors  Last Runtime    Last Run               Last # of DB Queries
-------------------------------------  -----  ---------  --------  ----------  --------------  -------------------  ----------------------
/opt/airflow/dags/dss150p_pipeline.py                           1           0  0.40s           2026-09-23T15:51:18                      12
================================================================================
[2026-09-23T15:52:13.823+0000] {manager.py:997} INFO - 
================================================================================
DAG File Processing Stats

File Path                              PID    Runtime      # DAGs    # Errors  Last Runtime    Last Run               Last # of DB Queries
-------------------------------------  -----  ---------  --------  ----------  --------------  -------------------  ----------------------
/opt/airflow/dags/dss150p_pipeline.py                           1           0  0.31s           2026-09-23T15:51:48                      12
================================================================================
[2026-09-23T15:52:44.364+0000] {manager.py:997} INFO - 
================================================================================
DAG File Processing Stats

File Path                              PID    Runtime      # DAGs    # Errors  Last Runtime    Last Run               Last # of DB Queries
-------------------------------------  -----  ---------  --------  ----------  --------------  -------------------  ----------------------
/opt/airflow/dags/dss150p_pipeline.py                           1           0  0.34s           2026-09-23T15:52:19                      12
================================================================================
[2026-09-23T15:53:14.788+0000] {manager.py:997} INFO - 
================================================================================
DAG File Processing Stats

File Path                              PID    Runtime      # DAGs    # Errors  Last Runtime    Last Run               Last # of DB Queries
-------------------------------------  -----  ---------  --------  ----------  --------------  -------------------  ----------------------
/opt/airflow/dags/dss150p_pipeline.py                           1           0  0.35s           2026-09-23T15:52:49                      12
================================================================================
[2026-09-23T15:53:45.127+0000] {manager.py:997} INFO - 
================================================================================
DAG File Processing Stats

File Path                              PID    Runtime      # DAGs    # Errors  Last Runtime    Last Run               Last # of DB Queries
-------------------------------------  -----  ---------  --------  ----------  --------------  -------------------  ----------------------
/opt/airflow/dags/dss150p_pipeline.py                           1           0  0.28s           2026-09-23T15:53:20                      12
================================================================================
[2026-09-23T15:54:15.701+0000] {manager.py:997} INFO - 
================================================================================
DAG File Processing Stats

File Path                              PID    Runtime      # DAGs    # Errors  Last Runtime    Last Run               Last # of DB Queries
-------------------------------------  -----  ---------  --------  ----------  --------------  -------------------  ----------------------
/opt/airflow/dags/dss150p_pipeline.py                           1           0  0.33s           2026-09-23T15:53:50                      12
================================================================================
[2026-09-23T15:54:46.068+0000] {manager.py:997} INFO - 
================================================================================
DAG File Processing Stats

File Path                              PID    Runtime      # DAGs    # Errors  Last Runtime    Last Run               Last # of DB Queries
-------------------------------------  -----  ---------  --------  ----------  --------------  -------------------  ----------------------
/opt/airflow/dags/dss150p_pipeline.py                           1           0  0.31s           2026-09-23T15:54:21                      12
================================================================================
[2026-09-23T15:55:16.606+0000] {manager.py:997} INFO - 
================================================================================
DAG File Processing Stats

File Path                              PID    Runtime      # DAGs    # Errors  Last Runtime    Last Run               Last # of DB Queries
-------------------------------------  -----  ---------  --------  ----------  --------------  -------------------  ----------------------
/opt/airflow/dags/dss150p_pipeline.py                           1           0  0.30s           2026-09-23T15:54:51                      12
================================================================================
[2026-09-23T15:55:46.954+0000] {manager.py:997} INFO - 
================================================================================
DAG File Processing Stats

File Path                              PID    Runtime      # DAGs    # Errors  Last Runtime    Last Run               Last # of DB Queries
-------------------------------------  -----  ---------  --------  ----------  --------------  -------------------  ----------------------
/opt/airflow/dags/dss150p_pipeline.py                           1           0  0.38s           2026-09-23T15:55:22                      12
================================================================================
[2026-09-23T15:56:17.610+0000] {manager.py:997} INFO - 
================================================================================
DAG File Processing Stats

File Path                              PID    Runtime      # DAGs    # Errors  Last Runtime    Last Run               Last # of DB Queries
-------------------------------------  -----  ---------  --------  ----------  --------------  -------------------  ----------------------
/opt/airflow/dags/dss150p_pipeline.py                           1           0  0.37s           2026-09-23T15:55:52                      12
================================================================================
[2026-09-23T15:56:35.180+0000] {manager.py:821} INFO - Searching for files in /opt/airflow/dags
[2026-09-23T15:56:35.225+0000] {manager.py:824} INFO - There are 1 files in /opt/airflow/dags
[2026-09-23T15:56:47.865+0000] {manager.py:997} INFO - 
================================================================================
DAG File Processing Stats

File Path                              PID    Runtime      # DAGs    # Errors  Last Runtime    Last Run               Last # of DB Queries
-------------------------------------  -----  ---------  --------  ----------  --------------  -------------------  ----------------------
/opt/airflow/dags/dss150p_pipeline.py                           1           0  0.58s           2026-09-23T15:56:23                      12
================================================================================
[2026-09-23T15:57:18.244+0000] {manager.py:997} INFO - 
================================================================================
DAG File Processing Stats

File Path                              PID    Runtime      # DAGs    # Errors  Last Runtime    Last Run               Last # of DB Queries
-------------------------------------  -----  ---------  --------  ----------  --------------  -------------------  ----------------------
/opt/airflow/dags/dss150p_pipeline.py                           1           0  0.41s           2026-09-23T15:56:54                      12
================================================================================
[2026-09-23T15:57:48.450+0000] {manager.py:997} INFO - 
================================================================================
DAG File Processing Stats

File Path                              PID    Runtime      # DAGs    # Errors  Last Runtime    Last Run               Last # of DB Queries
-------------------------------------  -----  ---------  --------  ----------  --------------  -------------------  ----------------------
/opt/airflow/dags/dss150p_pipeline.py                           1           0  0.55s           2026-09-23T15:57:25                      12
================================================================================
[2026-09-23T15:58:18.789+0000] {manager.py:997} INFO - 
================================================================================
DAG File Processing Stats

File Path                              PID    Runtime      # DAGs    # Errors  Last Runtime    Last Run               Last # of DB Queries
-------------------------------------  -----  ---------  --------  ----------  --------------  -------------------  ----------------------
/opt/airflow/dags/dss150p_pipeline.py                           1           0  0.43s           2026-09-23T15:57:55                      12
================================================================================
[2026-09-23T15:58:48.809+0000] {manager.py:997} INFO - 
================================================================================
DAG File Processing Stats

File Path                              PID    Runtime      # DAGs    # Errors  Last Runtime    Last Run               Last # of DB Queries
-------------------------------------  -----  ---------  --------  ----------  --------------  -------------------  ----------------------
/opt/airflow/dags/dss150p_pipeline.py                           1           0  0.28s           2026-09-23T15:58:26                      12
================================================================================
[2026-09-23T15:59:19.093+0000] {manager.py:997} INFO - 
================================================================================
DAG File Processing Stats

File Path                              PID    Runtime      # DAGs    # Errors  Last Runtime    Last Run               Last # of DB Queries
-------------------------------------  -----  ---------  --------  ----------  --------------  -------------------  ----------------------
/opt/airflow/dags/dss150p_pipeline.py                           1           0  0.42s           2026-09-23T15:58:57                      12
================================================================================
[2026-09-23T15:59:49.536+0000] {manager.py:997} INFO - 
================================================================================
DAG File Processing Stats

File Path                              PID    Runtime      # DAGs    # Errors  Last Runtime    Last Run               Last # of DB Queries
-------------------------------------  -----  ---------  --------  ----------  --------------  -------------------  ----------------------
/opt/airflow/dags/dss150p_pipeline.py                           1           0  0.57s           2026-09-23T15:59:27                      12
================================================================================
[2026-09-23T16:00:19.685+0000] {manager.py:997} INFO - 
================================================================================
DAG File Processing Stats

File Path                              PID    Runtime      # DAGs    # Errors  Last Runtime    Last Run               Last # of DB Queries
-------------------------------------  -----  ---------  --------  ----------  --------------  -------------------  ----------------------
/opt/airflow/dags/dss150p_pipeline.py                           1           0  0.35s           2026-09-23T15:59:58                      12
================================================================================
[2026-09-23T16:00:50.059+0000] {manager.py:997} INFO - 
================================================================================
DAG File Processing Stats

File Path                              PID    Runtime      # DAGs    # Errors  Last Runtime    Last Run               Last # of DB Queries
-------------------------------------  -----  ---------  --------  ----------  --------------  -------------------  ----------------------
/opt/airflow/dags/dss150p_pipeline.py                           1           0  0.40s           2026-09-23T16:00:29                      12
================================================================================
[2026-09-23T16:01:20.402+0000] {manager.py:997} INFO - 
================================================================================
DAG File Processing Stats

File Path                              PID    Runtime      # DAGs    # Errors  Last Runtime    Last Run               Last # of DB Queries
-------------------------------------  -----  ---------  --------  ----------  --------------  -------------------  ----------------------
/opt/airflow/dags/dss150p_pipeline.py                           1           0  0.60s           2026-09-23T16:01:00                      12
================================================================================
[2026-09-23T16:01:35.590+0000] {manager.py:821} INFO - Searching for files in /opt/airflow/dags
[2026-09-23T16:01:35.657+0000] {manager.py:824} INFO - There are 1 files in /opt/airflow/dags
[2026-09-23T16:01:50.862+0000] {manager.py:997} INFO - 
================================================================================
DAG File Processing Stats

File Path                              PID    Runtime      # DAGs    # Errors  Last Runtime    Last Run               Last # of DB Queries
-------------------------------------  -----  ---------  --------  ----------  --------------  -------------------  ----------------------
/opt/airflow/dags/dss150p_pipeline.py                           1           0  0.36s           2026-09-23T16:01:30                      12
================================================================================
[2026-09-23T16:02:21.442+0000] {manager.py:997} INFO - 
================================================================================
DAG File Processing Stats

File Path                              PID    Runtime      # DAGs    # Errors  Last Runtime    Last Run               Last # of DB Queries
-------------------------------------  -----  ---------  --------  ----------  --------------  -------------------  ----------------------
/opt/airflow/dags/dss150p_pipeline.py                           1           0  0.43s           2026-09-23T16:02:01                      12
================================================================================
[2026-09-23T16:02:51.990+0000] {manager.py:997} INFO - 
================================================================================
DAG File Processing Stats

File Path                              PID    Runtime      # DAGs    # Errors  Last Runtime    Last Run               Last # of DB Queries
-------------------------------------  -----  ---------  --------  ----------  --------------  -------------------  ----------------------
/opt/airflow/dags/dss150p_pipeline.py                           1           0  0.46s           2026-09-23T16:02:32                      12
================================================================================
[2026-09-23T16:03:22.534+0000] {manager.py:997} INFO - 
================================================================================
DAG File Processing Stats

File Path                              PID    Runtime      # DAGs    # Errors  Last Runtime    Last Run               Last # of DB Queries
-------------------------------------  -----  ---------  --------  ----------  --------------  -------------------  ----------------------
/opt/airflow/dags/dss150p_pipeline.py                           1           0  0.29s           2026-09-23T16:03:02                      12
================================================================================
[2026-09-23T16:03:52.875+0000] {manager.py:997} INFO - 
================================================================================
DAG File Processing Stats

File Path                              PID    Runtime      # DAGs    # Errors  Last Runtime    Last Run               Last # of DB Queries
-------------------------------------  -----  ---------  --------  ----------  --------------  -------------------  ----------------------
/opt/airflow/dags/dss150p_pipeline.py                           1           0  0.41s           2026-09-23T16:03:33                      12
================================================================================
[2026-09-23T16:04:22.944+0000] {manager.py:997} INFO - 
================================================================================
DAG File Processing Stats

File Path                              PID    Runtime      # DAGs    # Errors  Last Runtime    Last Run               Last # of DB Queries
-------------------------------------  -----  ---------  --------  ----------  --------------  -------------------  ----------------------
/opt/airflow/dags/dss150p_pipeline.py                           1           0  0.37s           2026-09-23T16:04:03                      12
================================================================================
[2026-09-23T16:04:53.069+0000] {manager.py:997} INFO - 
================================================================================
DAG File Processing Stats

File Path                              PID    Runtime      # DAGs    # Errors  Last Runtime    Last Run               Last # of DB Queries
-------------------------------------  -----  ---------  --------  ----------  --------------  -------------------  ----------------------
/opt/airflow/dags/dss150p_pipeline.py                           1           0  0.80s           2026-09-23T16:04:34                      12
================================================================================
[2026-09-23T16:05:23.363+0000] {manager.py:997} INFO - 
================================================================================
DAG File Processing Stats

File Path                              PID    Runtime      # DAGs    # Errors  Last Runtime    Last Run               Last # of DB Queries
-------------------------------------  -----  ---------  --------  ----------  --------------  -------------------  ----------------------
/opt/airflow/dags/dss150p_pipeline.py                           1           0  0.37s           2026-09-23T16:05:05                      12
================================================================================
[2026-09-23T16:05:53.800+0000] {manager.py:997} INFO - 
================================================================================
DAG File Processing Stats

File Path                              PID    Runtime      # DAGs    # Errors  Last Runtime    Last Run               Last # of DB Queries
-------------------------------------  -----  ---------  --------  ----------  --------------  -------------------  ----------------------
/opt/airflow/dags/dss150p_pipeline.py                           1           0  0.45s           2026-09-23T16:05:35                      12
================================================================================
[2026-09-23T16:06:24.433+0000] {manager.py:997} INFO - 
================================================================================
DAG File Processing Stats

File Path                              PID    Runtime      # DAGs    # Errors  Last Runtime    Last Run               Last # of DB Queries
-------------------------------------  -----  ---------  --------  ----------  --------------  -------------------  ----------------------
/opt/airflow/dags/dss150p_pipeline.py                           1           0  0.36s           2026-09-23T16:06:06                      12
================================================================================
[2026-09-23T16:06:36.558+0000] {manager.py:821} INFO - Searching for files in /opt/airflow/dags
[2026-09-23T16:06:36.610+0000] {manager.py:824} INFO - There are 1 files in /opt/airflow/dags
[2026-09-23T16:06:54.661+0000] {manager.py:997} INFO - 
================================================================================
DAG File Processing Stats

File Path                              PID    Runtime      # DAGs    # Errors  Last Runtime    Last Run               Last # of DB Queries
-------------------------------------  -----  ---------  --------  ----------  --------------  -------------------  ----------------------
/opt/airflow/dags/dss150p_pipeline.py                           1           0  0.81s           2026-09-23T16:06:37                      12
================================================================================
[2026-09-23T16:07:25.172+0000] {manager.py:997} INFO - 
================================================================================
DAG File Processing Stats

File Path                              PID    Runtime      # DAGs    # Errors  Last Runtime    Last Run               Last # of DB Queries
-------------------------------------  -----  ---------  --------  ----------  --------------  -------------------  ----------------------
/opt/airflow/dags/dss150p_pipeline.py                           1           0  0.51s           2026-09-23T16:07:08                      12
================================================================================
[2026-09-24T05:43:43.761+0000] {manager.py:997} INFO - 
================================================================================
DAG File Processing Stats

File Path                              PID    Runtime      # DAGs    # Errors  Last Runtime    Last Run               Last # of DB Queries
-------------------------------------  -----  ---------  --------  ----------  --------------  -------------------  ----------------------
/opt/airflow/dags/dss150p_pipeline.py                           1           0  0.52s           2026-09-23T16:07:39                      12
================================================================================
[2026-09-24T05:43:45.473+0000] {manager.py:821} INFO - Searching for files in /opt/airflow/dags
[2026-09-24T05:43:52.306+0000] {manager.py:824} INFO - There are 1 files in /opt/airflow/dags
[2026-09-24T05:44:15.277+0000] {manager.py:997} INFO - 
================================================================================
DAG File Processing Stats

File Path                                PID  Runtime      # DAGs    # Errors  Last Runtime    Last Run               Last # of DB Queries
-------------------------------------  -----  ---------  --------  ----------  --------------  -------------------  ----------------------
/opt/airflow/dags/dss150p_pipeline.py   1821  17.74s            1           0  0.52s           2026-09-23T16:07:39                      12
================================================================================
[2026-09-24T05:44:43.476+0000] {manager.py:997} INFO - 
================================================================================
DAG File Processing Stats

File Path                              PID    Runtime      # DAGs    # Errors  Last Runtime    Last Run               Last # of DB Queries
-------------------------------------  -----  ---------  --------  ----------  --------------  -------------------  ----------------------
/opt/airflow/dags/dss150p_pipeline.py                           1           0  20.01s          2026-09-24T05:44:17                      12
================================================================================
[2026-09-24T05:45:13.679+0000] {manager.py:997} INFO - 
================================================================================
DAG File Processing Stats

File Path                              PID    Runtime      # DAGs    # Errors  Last Runtime    Last Run               Last # of DB Queries
-------------------------------------  -----  ---------  --------  ----------  --------------  -------------------  ----------------------
/opt/airflow/dags/dss150p_pipeline.py                           1           0  6.94s           2026-09-24T05:44:55                      12
================================================================================
[2026-09-24T05:45:43.708+0000] {manager.py:997} INFO - 
================================================================================
DAG File Processing Stats

File Path                              PID    Runtime      # DAGs    # Errors  Last Runtime    Last Run               Last # of DB Queries
-------------------------------------  -----  ---------  --------  ----------  --------------  -------------------  ----------------------
/opt/airflow/dags/dss150p_pipeline.py                           1           0  0.89s           2026-09-24T05:45:26                      12
================================================================================
[2026-09-24T05:46:13.717+0000] {manager.py:997} INFO - 
================================================================================
DAG File Processing Stats

File Path                              PID    Runtime      # DAGs    # Errors  Last Runtime    Last Run               Last # of DB Queries
-------------------------------------  -----  ---------  --------  ----------  --------------  -------------------  ----------------------
/opt/airflow/dags/dss150p_pipeline.py                           1           0  0.95s           2026-09-24T05:45:57                      12
================================================================================
[2026-09-24T05:46:33.027+0000] {manager.py:465} INFO - Exiting gracefully upon receiving signal 15
[2026-09-24T05:47:27.461+0000] {manager.py:483} INFO - Processing files using up to 2 processes at a time 
[2026-09-24T05:47:27.467+0000] {manager.py:484} INFO - Process each file at most once every 30 seconds
[2026-09-24T05:47:27.472+0000] {manager.py:485} INFO - Checking for new files in /opt/airflow/dags every 300 seconds
[2026-09-24T05:47:27.476+0000] {manager.py:821} INFO - Searching for files in /opt/airflow/dags
[2026-09-24T05:47:27.558+0000] {manager.py:824} INFO - There are 1 files in /opt/airflow/dags
[2026-09-24T05:47:28.335+0000] {manager.py:997} INFO - 
================================================================================
DAG File Processing Stats

File Path                                PID  Runtime      # DAGs    # Errors  Last Runtime    Last Run      Last # of DB Queries
-------------------------------------  -----  ---------  --------  ----------  --------------  ----------  ----------------------
/opt/airflow/dags/dss150p_pipeline.py    167  0.28s             0           0                                                   0
================================================================================
[2026-09-24T05:47:44.806+0000] {manager.py:465} INFO - Exiting gracefully upon receiving signal 15
[2026-09-24T05:48:10.600+0000] {manager.py:483} INFO - Processing files using up to 2 processes at a time 
[2026-09-24T05:48:10.606+0000] {manager.py:484} INFO - Process each file at most once every 30 seconds
[2026-09-24T05:48:10.611+0000] {manager.py:485} INFO - Checking for new files in /opt/airflow/dags every 300 seconds
[2026-09-24T05:48:10.616+0000] {manager.py:821} INFO - Searching for files in /opt/airflow/dags
[2026-09-24T05:48:10.696+0000] {manager.py:824} INFO - There are 1 files in /opt/airflow/dags
[2026-09-24T05:48:10.953+0000] {manager.py:997} INFO - 
================================================================================
DAG File Processing Stats

File Path                                PID  Runtime      # DAGs    # Errors  Last Runtime    Last Run      Last # of DB Queries
-------------------------------------  -----  ---------  --------  ----------  --------------  ----------  ----------------------
/opt/airflow/dags/dss150p_pipeline.py    167  0.12s             0           0                                                   0
================================================================================
[2026-09-24T05:48:41.606+0000] {manager.py:997} INFO - 
================================================================================
DAG File Processing Stats

File Path                                PID  Runtime      # DAGs    # Errors  Last Runtime    Last Run               Last # of DB Queries
-------------------------------------  -----  ---------  --------  ----------  --------------  -------------------  ----------------------
/opt/airflow/dags/dss150p_pipeline.py    178  0.02s             1           0  0.60s           2026-09-24T05:48:11                      12
================================================================================
[2026-09-24T05:49:11.878+0000] {manager.py:997} INFO - 
================================================================================
DAG File Processing Stats

File Path                              PID    Runtime      # DAGs    # Errors  Last Runtime    Last Run               Last # of DB Queries
-------------------------------------  -----  ---------  --------  ----------  --------------  -------------------  ----------------------
/opt/airflow/dags/dss150p_pipeline.py                           1           0  0.89s           2026-09-24T05:48:42                      12
================================================================================
[2026-09-24T05:49:42.102+0000] {manager.py:997} INFO - 
================================================================================
DAG File Processing Stats

File Path                              PID    Runtime      # DAGs    # Errors  Last Runtime    Last Run               Last # of DB Queries
-------------------------------------  -----  ---------  --------  ----------  --------------  -------------------  ----------------------
/opt/airflow/dags/dss150p_pipeline.py                           1           0  0.72s           2026-09-24T05:49:13                      12
================================================================================
[2026-09-24T05:50:12.603+0000] {manager.py:997} INFO - 
================================================================================
DAG File Processing Stats

File Path                              PID    Runtime      # DAGs    # Errors  Last Runtime    Last Run               Last # of DB Queries
-------------------------------------  -----  ---------  --------  ----------  --------------  -------------------  ----------------------
/opt/airflow/dags/dss150p_pipeline.py                           1           0  0.51s           2026-09-24T05:49:44                      12
================================================================================
[2026-09-24T05:50:43.293+0000] {manager.py:997} INFO - 
================================================================================
DAG File Processing Stats

File Path                              PID    Runtime      # DAGs    # Errors  Last Runtime    Last Run               Last # of DB Queries
-------------------------------------  -----  ---------  --------  ----------  --------------  -------------------  ----------------------
/opt/airflow/dags/dss150p_pipeline.py                           1           0  0.45s           2026-09-24T05:50:15                      12
================================================================================
[2026-09-24T05:51:13.390+0000] {manager.py:997} INFO - 
================================================================================
DAG File Processing Stats

File Path                              PID    Runtime      # DAGs    # Errors  Last Runtime    Last Run               Last # of DB Queries
-------------------------------------  -----  ---------  --------  ----------  --------------  -------------------  ----------------------
/opt/airflow/dags/dss150p_pipeline.py                           1           0  0.61s           2026-09-24T05:50:45                      12
================================================================================
[2026-09-24T05:51:43.705+0000] {manager.py:997} INFO - 
================================================================================
DAG File Processing Stats

File Path                              PID    Runtime      # DAGs    # Errors  Last Runtime    Last Run               Last # of DB Queries
-------------------------------------  -----  ---------  --------  ----------  --------------  -------------------  ----------------------
/opt/airflow/dags/dss150p_pipeline.py                           1           0  0.81s           2026-09-24T05:51:17                      12
================================================================================
[2026-09-24T05:52:14.186+0000] {manager.py:997} INFO - 
================================================================================
DAG File Processing Stats

File Path                              PID    Runtime      # DAGs    # Errors  Last Runtime    Last Run               Last # of DB Queries
-------------------------------------  -----  ---------  --------  ----------  --------------  -------------------  ----------------------
/opt/airflow/dags/dss150p_pipeline.py                           1           0  0.55s           2026-09-24T05:51:48                      12
================================================================================
[2026-09-24T05:52:44.206+0000] {manager.py:997} INFO - 
================================================================================
DAG File Processing Stats

File Path                              PID    Runtime      # DAGs    # Errors  Last Runtime    Last Run               Last # of DB Queries
-------------------------------------  -----  ---------  --------  ----------  --------------  -------------------  ----------------------
/opt/airflow/dags/dss150p_pipeline.py                           1           0  0.57s           2026-09-24T05:52:18                      12
================================================================================
[2026-09-24T05:53:11.338+0000] {manager.py:821} INFO - Searching for files in /opt/airflow/dags
[2026-09-24T05:53:11.434+0000] {manager.py:824} INFO - There are 1 files in /opt/airflow/dags
[2026-09-24T05:53:14.528+0000] {manager.py:997} INFO - 
================================================================================
DAG File Processing Stats

File Path                              PID    Runtime      # DAGs    # Errors  Last Runtime    Last Run               Last # of DB Queries
-------------------------------------  -----  ---------  --------  ----------  --------------  -------------------  ----------------------
/opt/airflow/dags/dss150p_pipeline.py                           1           0  1.20s           2026-09-24T05:52:50                      12
================================================================================
[2026-09-24T05:53:44.982+0000] {manager.py:997} INFO - 
================================================================================
DAG File Processing Stats

File Path                              PID    Runtime      # DAGs    # Errors  Last Runtime    Last Run               Last # of DB Queries
-------------------------------------  -----  ---------  --------  ----------  --------------  -------------------  ----------------------
/opt/airflow/dags/dss150p_pipeline.py                           1           0  0.91s           2026-09-24T05:53:21                      12
================================================================================
[2026-09-24T05:54:15.000+0000] {manager.py:997} INFO - 
================================================================================
DAG File Processing Stats

File Path                              PID    Runtime      # DAGs    # Errors  Last Runtime    Last Run               Last # of DB Queries
-------------------------------------  -----  ---------  --------  ----------  --------------  -------------------  ----------------------
/opt/airflow/dags/dss150p_pipeline.py                           1           0  1.59s           2026-09-24T05:53:53                      12
================================================================================
[2026-09-24T05:54:45.010+0000] {manager.py:997} INFO - 
================================================================================
DAG File Processing Stats

File Path                              PID    Runtime      # DAGs    # Errors  Last Runtime    Last Run               Last # of DB Queries
-------------------------------------  -----  ---------  --------  ----------  --------------  -------------------  ----------------------
/opt/airflow/dags/dss150p_pipeline.py                           1           0  0.59s           2026-09-24T05:54:24                      12
================================================================================
[2026-09-24T05:55:15.111+0000] {manager.py:997} INFO - 
================================================================================
DAG File Processing Stats

File Path                              PID    Runtime      # DAGs    # Errors  Last Runtime    Last Run               Last # of DB Queries
-------------------------------------  -----  ---------  --------  ----------  --------------  -------------------  ----------------------
/opt/airflow/dags/dss150p_pipeline.py                           1           0  0.62s           2026-09-24T05:54:55                      12
================================================================================
[2026-09-24T05:55:45.225+0000] {manager.py:997} INFO - 
================================================================================
DAG File Processing Stats

File Path                              PID    Runtime      # DAGs    # Errors  Last Runtime    Last Run               Last # of DB Queries
-------------------------------------  -----  ---------  --------  ----------  --------------  -------------------  ----------------------
/opt/airflow/dags/dss150p_pipeline.py                           1           0  0.41s           2026-09-24T05:55:26                      12
================================================================================
[2026-09-24T05:56:15.753+0000] {manager.py:997} INFO - 
================================================================================
DAG File Processing Stats

File Path                              PID    Runtime      # DAGs    # Errors  Last Runtime    Last Run               Last # of DB Queries
-------------------------------------  -----  ---------  --------  ----------  --------------  -------------------  ----------------------
/opt/airflow/dags/dss150p_pipeline.py                           1           0  0.60s           2026-09-24T05:55:57                      12
================================================================================
[2026-09-24T05:56:45.862+0000] {manager.py:997} INFO - 
================================================================================
DAG File Processing Stats

File Path                              PID    Runtime      # DAGs    # Errors  Last Runtime    Last Run               Last # of DB Queries
-------------------------------------  -----  ---------  --------  ----------  --------------  -------------------  ----------------------
/opt/airflow/dags/dss150p_pipeline.py                           1           0  0.54s           2026-09-24T05:56:28                      12
================================================================================
[2026-09-24T05:57:16.305+0000] {manager.py:997} INFO - 
================================================================================
DAG File Processing Stats

File Path                              PID    Runtime      # DAGs    # Errors  Last Runtime    Last Run               Last # of DB Queries
-------------------------------------  -----  ---------  --------  ----------  --------------  -------------------  ----------------------
/opt/airflow/dags/dss150p_pipeline.py                           1           0  0.45s           2026-09-24T05:56:59                      12
================================================================================
[2026-09-24T05:57:47.014+0000] {manager.py:997} INFO - 
================================================================================
DAG File Processing Stats

File Path                              PID    Runtime      # DAGs    # Errors  Last Runtime    Last Run               Last # of DB Queries
-------------------------------------  -----  ---------  --------  ----------  --------------  -------------------  ----------------------
/opt/airflow/dags/dss150p_pipeline.py                           1           0  0.49s           2026-09-24T05:57:30                      12
================================================================================
[2026-09-24T05:58:11.659+0000] {manager.py:821} INFO - Searching for files in /opt/airflow/dags
[2026-09-24T05:58:11.752+0000] {manager.py:824} INFO - There are 1 files in /opt/airflow/dags
[2026-09-24T05:58:17.109+0000] {manager.py:997} INFO - 
================================================================================
DAG File Processing Stats

File Path                              PID    Runtime      # DAGs    # Errors  Last Runtime    Last Run               Last # of DB Queries
-------------------------------------  -----  ---------  --------  ----------  --------------  -------------------  ----------------------
/opt/airflow/dags/dss150p_pipeline.py                           1           0  0.56s           2026-09-24T05:58:00                      12
================================================================================
[2026-09-24T05:58:47.557+0000] {manager.py:997} INFO - 
================================================================================
DAG File Processing Stats

File Path                              PID    Runtime      # DAGs    # Errors  Last Runtime    Last Run               Last # of DB Queries
-------------------------------------  -----  ---------  --------  ----------  --------------  -------------------  ----------------------
/opt/airflow/dags/dss150p_pipeline.py                           1           0  0.51s           2026-09-24T05:58:31                      12
================================================================================
[2026-09-24T05:59:17.618+0000] {manager.py:997} INFO - 
================================================================================
DAG File Processing Stats

File Path                              PID    Runtime      # DAGs    # Errors  Last Runtime    Last Run               Last # of DB Queries
-------------------------------------  -----  ---------  --------  ----------  --------------  -------------------  ----------------------
/opt/airflow/dags/dss150p_pipeline.py                           1           0  0.59s           2026-09-24T05:59:02                      12
================================================================================
[2026-09-24T05:59:48.172+0000] {manager.py:997} INFO - 
================================================================================
DAG File Processing Stats

File Path                              PID    Runtime      # DAGs    # Errors  Last Runtime    Last Run               Last # of DB Queries
-------------------------------------  -----  ---------  --------  ----------  --------------  -------------------  ----------------------
/opt/airflow/dags/dss150p_pipeline.py                           1           0  0.40s           2026-09-24T05:59:32                      12
================================================================================
[2026-09-24T06:00:18.708+0000] {manager.py:997} INFO - 
================================================================================
DAG File Processing Stats

File Path                              PID    Runtime      # DAGs    # Errors  Last Runtime    Last Run               Last # of DB Queries
-------------------------------------  -----  ---------  --------  ----------  --------------  -------------------  ----------------------
/opt/airflow/dags/dss150p_pipeline.py                           1           0  0.47s           2026-09-24T06:00:03                      12
================================================================================
[2026-09-24T06:00:49.527+0000] {manager.py:997} INFO - 
================================================================================
DAG File Processing Stats

File Path                              PID    Runtime      # DAGs    # Errors  Last Runtime    Last Run               Last # of DB Queries
-------------------------------------  -----  ---------  --------  ----------  --------------  -------------------  ----------------------
/opt/airflow/dags/dss150p_pipeline.py                           1           0  0.51s           2026-09-24T06:00:34                      12
================================================================================
[2026-09-24T06:01:19.636+0000] {manager.py:997} INFO - 
================================================================================
DAG File Processing Stats

File Path                              PID    Runtime      # DAGs    # Errors  Last Runtime    Last Run               Last # of DB Queries
-------------------------------------  -----  ---------  --------  ----------  --------------  -------------------  ----------------------
/opt/airflow/dags/dss150p_pipeline.py                           1           0  0.63s           2026-09-24T06:01:05                      12
================================================================================
[2026-09-24T06:01:50.555+0000] {manager.py:997} INFO - 
================================================================================
DAG File Processing Stats

File Path                              PID    Runtime      # DAGs    # Errors  Last Runtime    Last Run               Last # of DB Queries
-------------------------------------  -----  ---------  --------  ----------  --------------  -------------------  ----------------------
/opt/airflow/dags/dss150p_pipeline.py                           1           0  0.49s           2026-09-24T06:01:36                      12
================================================================================
[2026-09-24T06:02:21.064+0000] {manager.py:997} INFO - 
================================================================================
DAG File Processing Stats

File Path                              PID    Runtime      # DAGs    # Errors  Last Runtime    Last Run               Last # of DB Queries
-------------------------------------  -----  ---------  --------  ----------  --------------  -------------------  ----------------------
/opt/airflow/dags/dss150p_pipeline.py                           1           0  0.47s           2026-09-24T06:02:07                      12
================================================================================
[2026-09-24T06:02:51.233+0000] {manager.py:997} INFO - 
================================================================================
DAG File Processing Stats

File Path                              PID    Runtime      # DAGs    # Errors  Last Runtime    Last Run               Last # of DB Queries
-------------------------------------  -----  ---------  --------  ----------  --------------  -------------------  ----------------------
/opt/airflow/dags/dss150p_pipeline.py                           1           0  0.73s           2026-09-24T06:02:38                      12
================================================================================
[2026-09-24T06:03:11.746+0000] {manager.py:821} INFO - Searching for files in /opt/airflow/dags
[2026-09-24T06:03:11.801+0000] {manager.py:824} INFO - There are 1 files in /opt/airflow/dags
[2026-09-24T06:03:21.685+0000] {manager.py:997} INFO - 
================================================================================
DAG File Processing Stats

File Path                              PID    Runtime      # DAGs    # Errors  Last Runtime    Last Run               Last # of DB Queries
-------------------------------------  -----  ---------  --------  ----------  --------------  -------------------  ----------------------
/opt/airflow/dags/dss150p_pipeline.py                           1           0  0.46s           2026-09-24T06:03:08                      12
================================================================================
[2026-09-24T06:03:51.767+0000] {manager.py:997} INFO - 
================================================================================
DAG File Processing Stats

File Path                              PID    Runtime      # DAGs    # Errors  Last Runtime    Last Run               Last # of DB Queries
-------------------------------------  -----  ---------  --------  ----------  --------------  -------------------  ----------------------
/opt/airflow/dags/dss150p_pipeline.py                           1           0  0.54s           2026-09-24T06:03:39                      12
================================================================================
